pressure,temperature,vibration,flow_rate,y,pressure_rolling_mean,temperature_rolling_mean,pressure_diff,temperature_diff
0.40192066599961923,0.3400328350870989,0.20480624137005624,0.39096526194046743,3979.954557225101,9959.125822290658,104.61924319543516,4871.562720725332,39.482941546968135
0.4254011823583254,0.43919473895628824,0.03305989367560991,0.31489846680307354,4137.945461399689,9415.91693522859,97.55132873142188,422.1522786195492,23.02492173600544
0.8147940833205383,0.4800900076452005,0.24023201123647592,0.23881802965366336,6935.155060954568,10117.196780995208,104.24711280475256,7000.82987563958,9.495686591266493
0.47508799432803267,0.03736859038241,0.05074390242201174,0.8523745132707106,4552.956417301658,10119.636784473836,100.76165534164532,-6107.518988863634,-102.79780425329672
0.6883747620968625,0.1278418130541554,0.04851862907270835,0.29477138053602725,6012.255565000076,10736.448819722124,99.34602695754864,3834.647144785844,21.007451349150458
0.3936521715870965,0.17223368956878918,0.6400598999199554,0.4021658615221433,3926.289695542598,10820.784997829547,97.3668131898412,-5298.768189065899,10.307582272847467
0.07997687480732235,0.5898499242630025,0.29177690577911025,0.6874754966516389,1720.5354395576353,10794.802289769435,96.46156260793518,-5639.515726967647,96.9685004455345
0.05476458806570228,0.20439101270613938,0.356159950486657,0.15111655151915468,1447.395203160296,10175.674029127456,97.2004783748842,-453.28748885191953,-89.50172318948607
0.4609301732683713,0.13840170555252132,0.630466869190486,0.3926984659367544,4406.94962709404,9511.792048539834,96.64553011723032,7302.383161883621,-15.322402791193
0.4526175393288601,0.42190216519895907,0.029934601451318484,0.4768752804657277,4355.644826353965,10090.095381724124,102.49479111993304,-149.4514560619391,65.82745631923049
0.3681497762587898,0.12042965981500933,0.1889436173435808,0.10538503392627643,3686.147591806269,10029.379263571916,97.3957099946974,-1518.631792639639,-70.00047973241546
0.07184054583853089,0.19553192619353674,0.3026117924212607,0.40459801047570887,1604.084800538223,9393.718505278295,91.7379755473655,-5327.294122794561,17.43838851504256
0.5252861594312481,0.8857458058117779,0.02374387331871599,0.35499174577530124,4882.410677983388,8873.217048320503,101.15710995291651,8152.422888997848,160.26437512009613
0.4631001379116037,0.08370618143335568,0.03598889457480133,0.385495080618414,4402.594986081776,8851.66428165793,102.23304674492336,-1118.0320859114472,-186.2297803887388
0.33744631137851894,0.15877917708226078,0.25319306537528835,0.12436573799994585,3471.575271345206,8220.735886217226,102.95139760112022,-2259.1091429954413,17.431591991050865
0.4685732137225929,0.7241370597152696,0.3283339914331694,0.07332349895465315,4435.702692621862,8355.43517549552,115.76633096527148,2357.508658124074,131.27340735239142
0.34192250056127826,0.1693101146900087,0.23180643030161707,0.3425747243257694,3534.4627594119474,8826.382837366058,106.00159690463248,-2277.03200104522,-128.82817380236787
0.40890562140788106,0.8124559502654769,0.22798081863714748,0.4134130267778937,4055.9336920051655,9463.087081404754,120.12057511241468,1204.2783328296464,149.33539949472564
0.1250220009610058,0.16052005536962552,0.026407257137632763,0.28892969178569894,1960.9684545465627,8859.163393440782,120.63415265943338,-5103.896158143041,-151.37640939882806
0.43341487254300987,0.15493845741771348,0.24199259919438093,0.3836564621546593,4197.84509711902,8824.639239817503,114.43538252879364,5544.543887345002,-1.2960204573538192
0.4475983895288885,0.7824153878763299,0.7360888071832199,0.07351197556877917,4298.845646190506,8967.478573556004,129.80637580769576,255.00308097814195,145.6971543630032
0.018822512461234814,0.8682302786528263,0.7049768325389445,0.34636680741756687,1256.926993554274,8872.158337594266,145.4261111223255,-7708.889819796925,19.92580887231844
0.70896661588678,0.45703990310441434,0.033533269693545364,0.3753936335754562,6186.595701597204,9202.394359860577,135.47176426889882,12407.985471278307,-95.47644656046742
0.639316354765439,0.8143067431737517,0.02190064928666096,0.15386141398423522,5670.706760284488,9519.210550518925,152.43596130221235,-1252.2304019910716,82.9556584786628
0.3691409167832141,0.6991551195525582,0.04952505643489641,0.164354960607046,3724.626902442818,9576.19375177028,164.98323328663486,-4857.439037065336,-26.73765849785929
0.07322062933251766,0.5277120532026698,0.04355884298360169,0.31738154393976736,1609.978159906712,8865.395948993199,160.4223381994317,-5320.301382160349,-39.80826336386514
0.4053155283582603,0.11520043011523881,0.26901030855037567,0.31805288959283273,3985.4085788875495,8979.3692139941,159.16593709791846,5970.678676734644,-95.78323394546896
0.47561097997755636,0.10907296545067371,0.03341746057793146,0.7444167576680047,4544.332185263796,9099.29766312244,142.83371923614462,1263.830174104025,-1.4227681078800458
0.36389046164523225,0.1858571296606917,0.3704108664647465,0.4662072552544637,3714.48842165298,9528.755275671068,143.42203403225898,-2008.604523940136,17.828917180054006
0.4375670134273543,0.8149524023843904,0.23260265635076302,0.09949426282454424,4217.990183458909,9536.220340360012,158.74724344693192,1324.618408748136,146.07292572823172
0.14161032138225732,0.927666224322551,0.028244861484050428,0.4384580372397159,2137.044500753308,8986.089507523371,162.11989868121964,-5320.955894277699,26.171612559151043
0.5973326567997714,0.16963244148089254,0.21882448628536752,0.8350522372059554,5440.418126233329,10026.18322567742,145.89878966838202,8193.35569010997,-176.01183359893477
0.3508608356073664,0.42250726730338894,0.22436787934247798,0.5439143303537584,3638.713037092217,9382.350829394822,145.09695831417017,-4431.275673088172,58.71633002579
0.4220585330144619,0.7323767304381058,0.4781668341607647,0.05963528120460376,4103.775830606628,8991.746623341713,143.1945824445452,1280.051500303829,71.95021332453166
0.4372024059863296,0.18526072917712996,0.23598148806274905,0.713737380787989,4272.912982270176,9114.11323706689,131.26219948568703,272.2691607175202,-127.03772939019106
0.42576235772015975,0.4912110201843777,0.044403175537951665,0.03747763582612634,4104.116422436371,9747.94211746174,130.41466288570587,-205.6787154636204,71.04020022490471
0.02379319892749157,0.7735079476848674,0.33956704497126644,0.46727014802292666,1295.2565795361725,9062.00949889001,145.70024986904966,-7226.936312931159,65.54800188778097
0.5854647851270642,0.7480717830824691,0.5846814141582752,0.38017312131976433,5327.82574240178,9259.51381885654,160.53749803723812,10098.199559486637,-5.906156259433715
0.07506387522890995,0.7896314306471804,0.32372819985716406,0.8061583246909427,1712.1135583864002,8740.237327152186,174.55684970757727,-9176.412640648976,9.649952201560836
0.09437093955824438,0.4998947775343987,0.0521287741910036,0.39433976584985564,1771.8878185603712,8123.210842794622,167.24136173139615,347.1184822160289,-67.27547073697073
0.06364765443760004,0.6470314247811308,0.20765229336887903,0.3975042892522124,1562.5111528574798,7983.043067115615,160.72515536209866,-552.3688074921333,34.16442862798718
0.09944362078761301,0.19454836513330856,0.2456111881280351,0.34552099114047075,1792.636647680643,7087.896691962371,161.3036912409922,643.5696953676065,-105.0644111170246
0.46076706395513894,0.4619205860363612,0.21336562287929872,0.13257442234579905,4372.577765846323,7285.495262720756,162.2188497280459,6496.173786028133,62.08255610739181
0.611640681544618,0.4945962663051905,0.04214697357281104,0.4190746011100498,5494.819885566981,7626.341838515587,156.6977006139328,2712.5315506682678,7.587137312863717
0.10074811062791969,0.17562904053818737,0.9121729715289222,0.7466613519845012,1876.14838303146,7021.436285047113,156.47405739164276,-9185.25213191552,-74.06267047196076
0.881606741707397,0.6177529756049789,0.6979042762692329,0.7707711955275236,7509.741489925555,7840.991283141457,159.4123013202022,14038.92680016455,102.65907173339995
0.4275927409822336,0.14120392597704737,0.5874601398964192,0.123324893821569,4128.126596092765,8566.975729904842,144.7305031244058,-8162.6418262407315,-110.65241935577804
0.6359551419020775,0.1501186164893654,0.3520346653391626,0.5059369670393603,5674.491300814153,8657.751498355874,130.84631542187356,3746.112776363094,2.069948673208245
0.09083639873865107,0.35990358458539273,0.5963795347454266,0.704364450785936,1798.7421200110214,8686.10865472117,120.86823953054412,-9800.598761506317,48.711070313588905
0.8487813160849096,0.5751737624119773,0.7350166403918548,0.12117200527281305,7181.038978753271,10042.45045998508,122.6161817014192,13626.964971202146,49.98470988507454
0.06782642200016811,0.10197939935913033,0.5925251760142127,0.26936629519371624,1559.7856037622469,10049.963396333713,109.96033329823808,-14040.657496644912,-109.87347711257502
0.44236120628315695,0.8355102956365121,0.7667946937493653,0.33604386601470837,4301.548814640087,10666.48919109964,124.84316401220212,6733.698279540597,170.32238005442707
0.4068023682852728,0.5420991419773273,0.027921328671380596,0.11894213290991137,3981.171299647892,10569.466966826463,126.70487188933404,-639.306404362962,-68.12867226092945
0.0936342558962745,0.12844750741267028,0.16465698689218441,0.09458991486837301,1710.138718153103,9638.151873127794,118.20307211715836,-5630.397143586627,-96.04793918021218
0.06871371581275412,0.47357791537555927,0.2071558951286516,0.49793153118232336,1605.0494339377092,9580.55777017526,125.12130306753538,-448.0422244541983,80.13763675356617
0.08052308225163404,0.6991668770412169,0.2522546319431925,0.09264717653438156,1644.4958112916358,8140.302849721837,127.01169507862978,212.3186251556981,52.38068234057354
0.0762910180643363,0.4266074925429145,0.26977288576890485,0.7455598617531136,1694.0384979639566,7508.70335443316,133.63862994670637,-76.08757459328581,-63.28699078595585
0.06803532418351582,1.0,0.6701046846561765,0.7813068491967853,1677.386797051421,6487.649807481692,153.37247084394684,-148.4277402648172,133.13900896484708
0.03617335164246768,0.545494200647014,0.23447795336367408,0.08766763139742109,1317.22352239329,6389.37202885275,157.68179654567288,-572.8410782810438,-105.53408164155532
0.4975966679338473,0.5253998054090004,0.26902174186968913,0.057676494130679545,4631.351654680109,5757.98302033035,156.52606897311978,8295.85267226754,-4.665822857717245
0.736250672733082,0.9031285469013856,0.22055664273253223,0.7406108040577132,6460.232884627383,6959.73180737028,175.12837056402276,4290.720458978394,87.70681452198599
0.1611485269389195,0.18127140025849622,0.23890514384479694,0.14422627858439088,2207.1772918399315,6454.144231917064,159.93725504994285,-10339.66534539085,-167.61179099540212
0.06811651970620122,0.4295892499735724,0.0521831828760729,0.13116165199494864,1542.6700538106056,5845.226606215716,157.3248289499657,-1672.6069068442907,57.658221880099205
0.7111035795226519,0.7864077979221538,0.03440142863549113,0.5712448639779659,6244.925567351843,6955.364381571308,172.60235348636925,11560.15686698276,82.8515671835936
0.36043763922171607,0.14789047382102613,0.04240093860672763,0.6548750342702387,3705.4719469134543,7479.84994702296,165.04004622965778,-6304.564323493583,-148.26068117758365
0.07204449290875625,0.41224697319988746,0.7113473162571107,0.6876435603923069,1666.8425916953393,7464.606432971156,158.37790273232878,-5184.9721698788535,61.382319934398495
0.4966648878417827,0.5942084417394262,0.03757384079767036,0.18442262939982626,4639.348714200991,8220.3895864914,162.2695169385471,7634.179101127177,42.25058624951697
0.49424039279599846,0.916075467690637,0.030081184805787687,0.33343830479131065,4657.685322602785,8986.656554923069,160.320829274479,-43.58959115054313,74.73599026198326
0.4509989205326134,0.22985735541223476,0.3207439015592066,0.2986546541531392,4317.956385323379,9732.464511023209,152.9918920768658,-777.4312015963624,-159.3365769770064
0.03838738177493517,0.12137963923198083,0.3014656121641683,0.42399559265378983,1362.7678388166194,8906.859811561979,143.61073626700426,-7418.273883346138,-25.18800898020088
0.08902863064336539,0.3705744142860552,0.33312784827087377,0.3808092411711067,1733.306778594431,7743.230121026392,131.24508298161572,910.4705482348004,57.8618397667161
0.7596988973834715,0.4897001396810543,0.04342432386957473,0.3741455229965194,6553.05205976458,8819.353826704835,138.40665139573906,12057.868616749474,27.660425999716665
0.055525273454906626,0.7334501525599443,0.04497100336429031,0.4162211722010425,1506.2648392506264,8796.716235544398,145.46215681434472,-12660.21987523312,56.59759192492234
0.7987447260295037,0.7084603984760208,0.03454706428596273,0.0729133280706365,6801.249753672472,8954.2847878432,143.65225532824587,13362.218301575189,-5.802501863451397
0.7366745430909298,0.416099411482057,0.1921135294016854,0.2586140583710195,6371.850412462788,9630.714828148772,149.87993910354817,-1115.9494434259086,-67.88482856357192
0.7849297873174419,0.7078131094360008,0.33046643181646196,0.05608138746347435,6707.6587037003055,10912.39938240436,156.74284399858473,867.5729696213257,67.73453113174068
0.8828885045442767,0.48858319196903655,0.35297970930723566,0.3762909761115728,7447.766645822519,11606.7843667754,154.29027601187337,1761.1834022816583,-50.90414256796225
0.8103609944398384,0.8247661707808465,0.2927282592227189,0.2949406265660953,6928.650419956443,12175.13231221165,152.17011763140198,-1303.9599804984027,78.06008632438306
0.35936550467778416,0.13802718491412982,0.2523388076893823,0.3709792492856442,3663.02749725019,12010.38612558673,150.03786481432002,-8108.372522208068,-159.4575213431121
0.4732689548679467,0.8027522024071679,0.04314797967738028,0.6671547390158783,4549.067010720621,12792.252436387844,165.85901116994648,2047.851090914206,154.34598274688375
0.07867671547981048,0.20625086719466,0.784311182521972,0.09815907293170259,1623.7859402388224,12773.640901157489,162.04349667946911,-7094.307912079948,-138.5047686943227
0.054005102396800536,0.4739092503715566,0.02480237766934412,0.0566783682975226,1431.977463975731,11504.885823499922,161.6768397514489,-443.56680752255807,62.14900162428856
0.3282002768283219,0.17031934808083712,0.27826998431063205,0.3186322180454534,3433.728628912412,11995.123654040644,148.60121071010906,4929.709206749716,-70.4921292082741
0.435762795921879,0.6681166769115083,0.3063846078754591,0.12517269296578767,4203.856273871562,11342.524509491428,147.66444871249,1933.848550675817,115.58616857375657
0.429664062169085,0.17929612630783806,0.25065943478554564,0.07699758663015263,4128.959644676271,10790.55549781684,142.16598922833373,-109.64811467961226,-113.5018034289442
0.4313997997887932,0.15540703829769645,0.04617985249797283,0.08476827868363815,4135.78745567115,10154.949842832077,129.3393833866062,31.206536519535803,-5.546932443972168
0.433006471527473,0.201554898551125,0.6994612647453093,0.05301939791693758,4163.02980830071,9346.114455881056,122.67472313493867,28.886082619124863,10.715313332638146
0.45586387556593494,0.5051616548308249,0.27276335635273,0.3509284856143534,4371.781721262431,8708.770011617187,115.25365851325624,410.9494463730789,70.49604262423398
0.7270385826221626,0.19438976220476542,0.0464410628003724,0.40481818221651433,6308.872753880593,9369.803292445064,116.56237071050126,4875.404728709418,-72.15975315383784
0.09445129466939267,0.8141243097297831,0.03456367031220989,0.49813541370683967,1801.2232049205015,8688.73335347479,116.8264256256046,-11373.181107067308,143.89940992546738
0.08365760137152028,0.5333339996392721,0.641656810670693,0.39119549832403433,1712.218338451479,8697.688404959208,124.4211401599679,-194.05800753303583,-65.19817250172332
0.06969108264449672,0.19899397432749874,0.037737092170813114,0.45941346617151824,1589.2156222433684,8725.889966640329,118.03773840187246,-251.1017055555276,-77.63216130029903
0.741695865716886,0.5295074911371006,0.3050332310870703,0.10607563311581278,6394.814567409888,9469.306773927516,126.37791598991215,12081.861662810385,76.74366425307733
0.6800441973687714,0.8435330577047033,0.1626378556188858,0.8277511838077629,6063.955399348124,9908.496222190844,130.45100079504522,-1108.4250395627714,72.91524074469069
0.7342386986101743,0.5052697117773661,0.03144730017213614,0.676716206179611,6413.051412379055,10456.08586979096,138.01995217716268,974.3538786882436,-78.54313765910092
0.47133329660011053,0.7586408497654298,0.25349344030877463,0.7253772815103413,4547.119692966055,10527.881636181306,152.02675393833016,-4726.732275578128,58.831571346528335
0.40634798064455774,0.8095278252373964,0.6783755044793693,0.8471796588342766,4111.053597334688,10479.952781045173,166.1435956974677,-1168.3601326457174,11.815713312339
0.777923505569126,0.43161371346677646,0.24662533623043503,0.321552000540282,6679.601323317283,11058.97840629214,164.43584753242092,6680.494250204152,-87.7498566176094
0.5219909858971123,0.482433248929677,0.039974998537788124,0.1392353548614905,4809.980001789246,10690.326759707516,171.12408008910532,-4601.3679896065205,11.800054063473908
0.09801555170248125,0.4280385744249069,0.27930088892634736,0.09043158055999714,1758.1361194098083,10696.734877847332,162.15935322130568,-7622.583459822944,-12.630184319373145
0.06094263395447619,0.4465918537837843,0.6273103041580064,0.049748949391722114,1496.247236613802,10655.896017630705,160.1452419128233,-666.5277910974269,4.307983091449387
0.33756827908000303,0.8757197987680406,0.03518409145062282,0.3603126961017228,3533.0323868493188,11137.507951277708,175.85849320843357,4973.406233080741,99.64146474062773
0.33767091073622085,0.21698639160644903,0.02187318369931624,0.06867125021955184,3461.6501154705093,10411.118238382796,168.60190214193284,1.8451973912742687,-152.95475936803268
0.7048771507071518,0.25165365368481774,0.27623437267450773,0.04401358767278293,6107.574246261952,10455.764990083226,154.85874431320772,6601.939606390613,8.049573122446276
0.030505426566037774,0.573563793656935,0.3667561409188511,0.40614090075347986,1326.3650465379287,9190.534703852025,156.44450036361974,-12124.416500628073,74.74600113227076
0.4078219569664541,0.2270085683799888,0.32670454955811523,0.6858796229960358,4062.132715994493,9076.34872797766,144.10025202467963,6783.710827990269,-80.46847254699293
0.45091098493549436,0.12855868619389935,0.0393469021349279,0.4653381117896048,4328.380854468714,9156.467808478954,128.28847298522612,774.6904311108628,-22.859593692794995
0.08391532559268391,0.7250091539862621,0.041202072650543514,0.10732105755565338,1666.3388605983446,7908.722102712015,135.10097535969996,-6598.153612478209,138.49295752166407
0.05517662097859169,0.1997565060347464,0.2792615857920727,0.695094154313746,1524.7979858228048,7069.444359275074,128.53735603838214,-516.6883663065091,-121.9611628944426
0.08071258565026371,0.4645173279067416,0.0396023814548785,0.10715657669979098,1631.1419032066344,7038.335645845473,129.3843753181393,459.1068402504511,61.47620169137642
0.06736018963678547,0.5669846309565236,0.7296507603242115,0.3972530259932783,1599.8606225242147,7049.873661931097,132.17983825684954,-240.06049594520076,23.792419680980345
0.40430579714508746,0.5641098054701028,0.6322515476865753,0.4344434430206774,4025.444135867204,7169.859930078656,124.94440264308108,6057.888753700108,-0.6675207841595352
0.4108891096568564,0.3358910869620736,0.2508625704542117,0.34970749652811817,4039.706803851968,7301.49770600561,127.70531303082268,118.36027518523224,-52.99129935293146
0.45286982945084847,0.7556841318063878,0.030660281910644613,0.3594236514976197,4356.402661044465,6848.417955663106,139.4086606456686,754.7643436960207,97.47394539348883
0.11565318785368839,0.6196418628781465,0.6241643398795116,0.12720386274228493,1908.581413207616,7001.5036923556345,140.4785714644082,-6062.761630277739,-31.588366828791976
0.7669883004726119,0.6475878404258381,0.043065868903746266,0.11969431256751786,6576.883203608383,7647.242857535265,150.24422182486953,11710.245112861288,6.488922870224258
0.47805631429407763,0.15429182055168209,0.04538367720138374,0.14314020686630455,4479.48414916349,7696.046991428831,150.84173294707597,-5194.659881749763,-114.540986075344
0.31031059449750065,0.13718434688944284,0.04323154493509474,0.11293662748227576,3268.018492067368,8103.079260978632,137.19272092755978,-3015.8722559158923,-3.972273895562239
0.4068072644429718,0.12577847899505348,0.02383804665743265,0.7673498724120398,4053.2762173744136,8735.270117019609,135.47498637798918,1734.8974986052544,-2.648388194986346
0.5077414806296121,0.10364722834888004,0.02444245927900974,0.11651859647152366,4686.278933222939,9503.01822910522,127.09575456115644,1814.6794006967973,-5.138770981245671
0.799607755999771,0.17221071892722736,0.037164262351991356,0.4195916711547536,6831.555544252191,10819.513888448488,117.9292923682946,5247.414976631384,15.920115920689804
0.3793487487751472,0.13374087749766536,0.29407033090240986,0.04127928620349869,3761.156426595045,10774.644028365185,107.93633086036934,-7555.766440565612,-8.932513934793676
0.1139494165266276,0.47784620985411974,0.2375568397147934,0.33173388982188945,1907.9434943539504,10240.781117718265,111.23246119579136,-4771.570230450954,79.89961908054146
0.5488469711760142,0.753274807775926,0.253486514488381,0.10330723782050413,5016.513843993431,10413.336816475914,111.17651783944837,7818.950437741751,63.95320847583824
0.4285661963546869,0.7990078828567265,0.020496544193615657,0.30631020019420185,4175.857342592158,10975.917883818647,115.34131138511646,-2162.5079444269104,10.619002191319057
0.4419589797669991,0.4789631456920479,0.26481821464825905,0.08128814680939264,4232.29145084931,10391.55310129902,111.42592629516794,240.786614237697,-74.31286348594182
0.774431973143102,0.1271257274087784,0.5294818285433485,0.08792126933882868,6615.182015804247,10924.401944140143,110.79514255253878,5977.476371857672,-81.69497260215029
0.7470569530101212,0.47175502461110463,0.7638681517400638,0.4482877047204946,6491.647207428837,11709.620921475494,118.56371432165858,-492.1709109735548,80.02128122192723
0.7981847062524725,0.786785832093167,0.779651293244314,0.37025751659691564,6863.386233253811,12413.271881855286,133.91199019994883,919.2173290496556,73.14865289671832
0.5324728676342123,0.1980301577038647,0.3256704816009534,0.3899092973172854,4915.416519189696,12457.736029141992,136.1035168617203,-4777.188730234082,-136.7062631464339
0.4398280926328941,0.6328813679305447,0.6583881728046801,0.7794739845812921,4333.516190504523,11810.894186437004,146.80006989822556,-1665.644923285534,100.97037966802806
0.056202513409715577,0.11696642837134699,0.32282337977117487,0.8290788010104932,1548.4435448529207,11229.914971572913,146.41057517976233,-6897.140162156656,-119.79299148447872
0.12599420498169367,0.8991509654456241,0.04990302468694988,0.3989886203830908,2018.4433787960747,11251.57009539608,156.1930709225809,1254.773156421621,181.61952369335944
0.4422078112647549,0.4228574369440772,0.3709035611419089,0.47688967835838925,4290.237611212006,11059.845332367517,148.52093696107892,5685.151569224455,-110.59308856736698
0.8013015021029573,0.2554753512801805,0.0152504048836059,0.06098224641026265,6796.3843039374015,11729.979907944016,135.90037048120183,6456.085441623723,-38.8653229924324
0.6652604135275719,0.49700155554417336,0.3222701457724655,0.26609733395390045,5866.677925302048,12131.4498230044,136.3192137656501,-2445.8599909234345,56.08123415731225
0.8617484295247579,0.2239888381705585,0.056001698292126485,0.07539757928044208,7232.787197042428,12288.43462035462,138.56832905829123,3532.6251947560177,-63.392252520222215
0.09698702726758124,0.1534641338874457,0.3409034796407456,0.29358180418625635,1768.3607762436284,11119.684767404731,131.17776618863985,-13749.517413974678,-16.375500400997637
0.7808683035295281,0.1911373861860873,0.3208581882089628,0.4653950776546001,6711.961670258441,11088.551896409435,117.34709300261896,12295.387148595632,8.747549733023305
0.3648326333724116,0.7536138580640896,0.6493025238624246,0.3688506039885189,3741.584705632267,10787.15432149753,130.2474818812649,-7479.835769400219,130.6043575002342
0.42107169537533357,0.6334885350633165,0.040438083861497526,0.08425098333437428,4083.4827574349806,10753.43250839934,130.26158001287314,1011.1126948516468,-27.892527802348525
0.43046154352273075,0.8983166199148053,0.7135645688486565,0.4733470564399489,4236.798788840782,11426.3065625407,148.4041592764111,168.81851023882882,61.49181983481802
0.42556409731530326,0.4507534519995805,0.2883386587675347,0.10882511544853221,4117.612627097133,11964.898264369078,137.99258260142707,-88.05036670820846,-103.9220356918602
0.10171821550087798,0.06586260629181831,0.2279698190659485,0.3854077767695864,1808.1612507110697,11352.737711755532,129.7033326826579,-5822.3709751947545,-89.3698210052188
0.48468527948208145,0.22216513639341842,0.36755773404199865,0.24326836957790923,4553.3302685903145,10783.49869764945,128.92988535979387,6885.30082669833,36.2927029666196
0.3460149667919133,0.5432182301339027,0.28683490339409257,0.6638751424698877,3628.124357327141,10209.532645457402,130.00301452916796,-2493.130371783076,74.546999079693
0.45228652368558314,0.5383167308441854,0.3531761348182342,0.455322607732486,4364.547711021037,9473.367929497828,137.30155847181055,1910.6385570807647,-1.1381047875371737
0.07531475163258133,0.7857600020089243,0.25773491693087947,0.3485408403410609,1647.329138521064,9434.403707406544,151.98316734521595,-6777.512475291769,57.45514890663077
0.06229128324890168,0.38392222997308234,0.030635396567105025,0.8553405837941064,1600.272591124973,8142.486094348455,156.45953958786586,-234.1467610724621,-93.30481657453164
0.42383896064573495,0.40736682004176117,0.2649161025050656,0.327419766190826,4133.397449899938,8248.57258380578,148.41984829441856,6500.205255753946,5.443722139261851
0.7532239045171916,0.10695801937122476,0.5263062375577738,0.4839465879936913,6517.534090135976,8845.743488379014,136.19406052473067,5921.956846010744,-69.75349256475405
0.07884650793496992,0.5347496579421535,0.05265334251238197,0.3717275000672219,1658.684973148428,8213.58069347851,127.75220884723528,-12124.518484498542,99.33118075674231
0.4100209492051086,0.11041815229487703,0.7046665064176276,0.2883268147960908,4026.85114565682,8185.63592730983,119.84978530155792,5954.129920609988,-98.52775437367929
0.39338114195276636,0.4876721315951251,0.24819791782411796,0.09614896561020417,3884.9856044515377,8710.01182735198,129.64400155664526,-299.1643130864031,87.59657700242815
0.6996724168639155,0.15632259143479973,0.038233089238715816,0.0497336591328974,6059.957347798955,9096.533607934474,128.11516902578597,5506.75963210175,-76.93778489284716
0.1349077452371656,0.012269622326653101,0.5552444280304534,0.43143654219904526,2059.882950449128,8716.987463160982,115.78679526167409,-10153.809625342945,-33.44841325283238
0.3892564583969817,0.11261441759956012,0.2676393989639241,0.2905838700315757,3865.884363620301,8603.66676238663,105.90219032485876,4572.892997072178,23.299583485428087
0.601096528625235,0.5908778227368131,0.6529352074450501,0.8256712023625055,5497.7026743084325,9548.961030294777,101.37711895127782,3808.637211533191,111.0504845389747
0.4160880480354234,0.47030290727573487,0.27518674926835757,0.09421352979992806,4047.947993360088,10185.046319652032,103.38283713214332,-3326.2365465813346,-27.996921030067085
0.42307095836852743,0.1788688927499593,0.6761900651725106,0.09653653977246193,4096.024587097802,10183.665541195736,98.07722410188778,125.54457761840786,-67.66958997194885
0.10670999078143859,0.5760242927843754,0.023608705989988057,0.13989435781380097,1827.460662660388,9021.308982790695,108.96871953806333,-5687.8009534767125,92.2175920995567
0.46728288952836944,0.07757663335787124,0.900262459176213,0.1453541558801378,4422.3451197056265,9719.672260170604,98.35337967452864,6482.679873350956,-115.73717224035956
0.4775268674258762,0.16024293209553916,0.2100136238180409,0.48311764828773085,4528.479811667256,9841.040022113517,99.51028732823536,184.17476624006667,19.194720798734583
0.4330935095107657,0.16929699223044511,0.20011249168582784,0.4560104335608228,4205.257210289024,9912.438223915717,92.11776824527,-798.8599144936088,2.102309635707485
0.6641582287081307,0.7384488844302661,0.3323159305303185,0.09100209704669768,5845.528456855248,9848.587858684165,105.634463481752,4154.273961764295,132.15435830162636
0.12016916982543313,0.7914409174649628,0.3147354618015975,0.3437908208253754,1971.067380200388,9822.08962032084,123.72644980864608,-9780.288356660662,12.304497651288187
0.3388505748243168,0.19617276482199256,0.03703653392865525,0.33545373305707415,3507.239076076889,9731.465724828262,125.66663482942224,3931.636425779599,-138.21842957575083
0.7082523145230621,0.12414045738014598,0.029998554242307587,0.7101901282255253,6213.154706571344,9924.119321082177,114.82921552897884,6641.412128998141,-16.725558673220725
0.7768799586664006,0.4055838401144284,0.2593814906654458,0.26881181921927155,6663.796076808318,10572.781066222606,113.32646961742182,1233.8449422838055,65.3498128587963
0.3847115405258172,0.21732034294788885,0.16850039601793973,0.044943576056414025,3800.6568191575184,10503.815310097674,114.21929397526306,-7050.730435035175,-43.71388727796608
0.2914184913260293,0.16980715604298194,0.023317706751511947,0.34488486129247753,3165.8578452407696,10835.89963564696,104.78712555538976,-1677.300136734564,-11.032335677588703
0.1357973513147852,0.6617680055666674,0.03524371880564876,0.08946192416530938,2033.8282730333883,10239.927327591624,118.35177094753666,-2797.886462695251,114.2309658798426
0.07666334590617221,0.25336161308551475,0.2539256365375192,0.6905239898770231,1680.4657294514243,9519.221503069784,120.5139423644778,-1063.160398424994,-94.83001895332336
0.07315760593912163,0.18796228162366144,0.1971230392437232,0.4802095153197804,1620.9659887595,8872.098758712349,120.94734149326584,-63.02911284952552,-15.185413245823357
0.10614790090463219,0.5537591895912131,0.01832690636524391,0.28906597558059044,1843.2926646972685,7868.861318032541,116.65893475318788,593.1269985405334,84.93629961296656
0.12226028331051503,0.17125446723464935,0.0478437747313176,0.502932111721209,1972.4016440193964,7872.6208960124,102.25850079508106,289.68182993603205,-88.8157745290007
0.7030691473494111,0.13997612449623856,0.36240393683713007,0.05910802929907952,6093.893814593036,8527.44337929232,100.95364157511912,10442.265478780198,-7.262682194302144
0.10211003014322767,0.7486974042364061,0.7305256542220739,0.07280637231578341,1812.435738939335,7437.670298455758,115.45555638306182,-10804.543512166676,141.34218160582603
0.42654504361766193,0.7967090589000785,0.30202495151592634,0.661206593933371,4219.073444666525,6807.809010873922,124.5372976568049,5832.962874831046,11.148077516799844
0.4279552337470605,0.42015566145114347,0.2944830834564797,0.34202643607071004,4166.47107964076,6885.556124056566,129.24703713497792,25.3535726096452,-87.43390523366676
0.3773996313555463,0.5169695898563095,0.27344071542392506,0.31324404963338937,3802.751787989555,7040.1401784583695,137.30798348265756,-908.9307245429592,22.47973301747785
0.06904145335535475,0.5379333236916204,0.024578578569714668,0.1019379930852348,1549.4668403688631,6920.120865406003,134.4326011562579,-5543.920137236961,4.867679139049471
0.13195918540385326,0.1399209188925615,0.2888127000003217,0.35603807344112026,2026.6129882420644,7019.536330915866,131.7985622728209,1131.1873871972791,-92.41658452369688
0.8441226412891891,0.8500469313134529,0.25592291682974744,0.40632964638287516,7187.328258132508,8405.641480551361,147.1718524648163,12803.867728406822,164.887877508501
0.4185271796204592,0.5259740347273603,0.04944865993283432,0.5141457004330616,4121.11464780484,8967.26296403514,146.52669440390724,-7651.709662976626,-75.2481829160786
0.5451503135507645,0.37922945250109863,0.032112522435486124,0.3312303930272694,4998.619514045118,9727.56988039142,151.3557744961207,2276.5361586610343,-34.07339299777516
0.13987551299640866,0.5542142859953134,0.04277585934829047,0.43049353442919214,2106.502662192797,8715.013459510203,160.97418729017605,-7286.367893594799,40.63064482411673
0.44640841376962853,0.15269260343771632,0.16070089561902995,0.7921720765130738,4346.598885459568,9334.021768154233,147.13523971331614,5511.10378308584,-93.23142210332662
0.026286121429044823,0.09503251727493775,0.3615831712591466,0.33268178295940365,1263.2885210095058,8614.402942663295,130.8426446495684,-7553.308466518661,-13.388397352078384
0.727390616159854,0.4267644762520608,0.3140624142062456,0.1396033088276363,6292.147821769764,9152.752811353495,130.99609818123878,12605.040514421067,77.0265807205146
0.08594622878131411,0.1771706997656036,0.2602979973349877,0.07306558483392964,1656.7137481496643,8628.753610788594,123.106129811288,-11532.421417094063,-57.95448599873369
0.09445451518982156,0.8633857569795987,0.18651796491813527,0.392805422199777,1792.8606506227402,8674.443329857064,130.66298028799267,152.9690590968362,159.33586760560345
0.3958329476499615,0.2096208804640434,0.6157570878211216,0.4206919047650558,3945.653216803301,9148.85755609619,132.28138019518184,5418.432458903817,-151.80109021885175
0.4286076138060165,0.47575215655100656,0.03483956507783091,0.29263598651177736,4159.6093030014845,8401.81003391661,123.5904338147354,589.2502442197565,61.79441463214489
0.8097604146335948,0.44079357549717024,0.6937391574199767,0.026845777123859715,6879.726271074979,9105.201727307774,121.61258412580707,6852.682492730799,-8.117216000896889
0.7186981117853033,0.4077360748593958,0.3482112116887842,0.10220440132389727,6224.415528116543,9417.220412735664,122.27449431827726,-1637.1939209716693,-7.675794183790401
0.4101962606292508,0.16610081721660733,0.6106302561987254,0.06592898535665714,3996.713921046168,9903.225566234054,113.26268444509483,-5546.50321288984,-56.10655583240967
0.7819642356836927,0.16426872096976539,0.04895572152114206,0.10357860907793867,6660.026214592087,10506.515769315783,113.53147638008411,6683.954278919266,-0.4254040216090686
0.8017951728849677,0.08151886825124588,0.03946311376078464,0.7403983615312809,6888.416693429318,11900.790529550408,113.21769588677208,356.53710501026944,-19.21412163509183
0.3311593934630072,0.06782625305190151,0.7739646754370035,0.08377622621284189,3430.7797016846166,11188.41303764886,104.88332131874569,-8461.482006940636,-3.179360026629148
0.4308300628101805,0.19296041492474017,0.5022108936533077,0.7357163822730918,4237.891755475895,11808.47391778512,105.24995098355376,1791.962303283999,29.055556329611427
0.35075950442363285,0.634026396988861,0.2703761816123051,0.06444855360272267,3581.4050206588154,12269.28037354474,99.92433589635912,-1439.575184669542,102.41342008557562
0.3765554844791719,0.1212713290716089,0.2327970273523815,0.721258149090464,3834.770638708054,12234.621744751275,97.87290139697164,463.7816133729302,-119.0592843407797
0.06317277002083424,0.7618020153834173,0.39463666980658685,0.3072947760109248,1556.853147985716,11577.612547703986,104.514842863626,-5634.255438318485,148.7281742925636
0.5625422406908875,0.13373033625446332,0.02338636480105625,0.48704176516764996,5134.043741211469,11133.143125261402,97.38498071324388,8978.080238777875,-145.83525217126208
0.07201025067695346,0.38513906343410753,0.06040069179365897,0.3710216729218452,1602.6881802307462,9970.473829782864,96.86028887168624,-8819.192651331205,58.37590890445425
0.06340027487496211,0.7944492645771541,0.5336264940557389,0.34312858365065035,1568.8980489094076,9346.97512402292,111.45024051531576,-154.79731570392505,95.03987901946212
0.8406366485225185,0.7687777021065847,0.35144301501270037,0.09905384050923174,7117.751491003553,9452.46127430016,125.48665110879202,13973.802839291136,-5.960814523141607
0.4057899634638112,0.14154479571842252,0.3222630687058663,0.3158642588084788,3991.2043935966417,8740.490127888948,126.880424552156,-7818.035861874265,-145.6404931362147
0.08051628085962378,0.17936356635188752,0.6348593592784886,0.06806516264699047,1627.3953798057628,8289.863065479472,129.4702678379044,-5848.041166923284,8.781338397215166
0.4228004266639865,0.5010864620690247,0.054988708300866704,0.40289670144909107,4135.141333491296,8275.426716875303,136.62480788150904,6153.869441337078,74.7025239081735
0.32385179482991067,0.497498049985466,0.04259479722380114,0.10620588206543144,3381.165564708779,8227.049795584939,133.45468469726055,-1778.9809115315184,-0.833212192955358
0.3626684760086026,0.19858365840901046,0.17896380906564577,0.3099482785112122,3678.95460924137,8202.082575190374,135.24984015794047,697.8786223309544,-69.40649789149549
0.389433208535056,0.8699108637813048,0.048291120294693526,0.09372482566514392,3868.486578966252,8788.660763838781,137.7600761217585,481.1986521112267,155.8789793239443
0.3933547458147872,0.20611962600308817,0.33096409877776534,0.11752609157176544,3877.021653734531,8484.48139493237,139.44092094820095,70.50466322969987,-154.12916354501766
0.40631029180342154,0.5000917763971002,0.025319318695717137,0.7813132856475994,4069.096636027079,9085.513850727662,142.11006818725147,232.92559568582328,68.25893303053499
0.4526892552102176,0.2074445396644168,0.03169684736499681,0.452421488131033,4342.798596226614,9785.410001133549,128.4800980854162,833.8396304019952,-67.95129438939617
0.850671851113677,0.14854844976292955,0.04331461127097577,0.37059841239296254,7190.940647018586,9803.45212412415,114.0786702826257,7155.2625651383205,-13.675391532693553
0.4032720738824637,0.07173947923576857,0.2827236329201104,0.06879755902141815,3933.893352430511,9798.925252534787,112.45782408458328,-8043.725807673936,-17.834677088733542
0.8801787416730811,0.7453382479382495,0.04473854000300807,0.11457380837675893,7394.758896571918,11236.625023705905,125.59948659771663,8574.225260681551,156.4064255089724
0.09934610517887496,0.40254534150689225,0.5706176996765033,0.7717836397527896,1870.7248639267743,10655.091905957195,123.3114087168054,-14038.459447861203,-79.5948800322722
0.44172000105950243,0.512726737222479,0.6112766070198918,0.7978469102696715,4342.83524971368,10867.005183657206,123.6650115804988,6155.483042955657,25.583595253090703
0.15345811429751782,0.8229970270633257,0.022248099708996452,0.07922436854375711,2166.5200486551603,10490.869371488803,138.1635925709836,-5182.612276353164,72.04328337641886
0.4237179150201518,0.15144024415230048,0.5644305598087722,0.717712661342636,4183.992132598848,10552.509272176589,121.48104701558592,4858.95578067311,-155.93228613488043
0.09960129514739663,0.8160672650108968,0.3181707676831179,0.14352024425286833,1796.1251629794422,10024.3748535925,135.64374065420589,-5827.238529489004,154.3232283951582
0.10097464430508205,0.33911100058719834,0.30203628145722566,0.1156693281220059,1779.4761954839714,9475.416996933587,131.9058437206073,24.691214937535733,-110.74697269165031
0.09252219054799385,0.47413241479608803,0.36450160454811525,0.059213744491038584,1718.7158445058142,8827.878651915482,138.09820914851252,-151.9652531899328,31.35132922564236
0.7262437593077022,0.10984076092155867,0.0479657629571676,0.29936472025843763,6284.388807865328,8604.171465592477,137.1994350514259,11393.574152089335,-84.5867867826123
0.3324093023794658,0.1657233195576954,0.26260341302185725,0.31595046944335003,3462.973755045769,8476.768473246462,139.38169505594965,-7080.683867904019,12.975663927370109
0.3693206668496784,0.1483135452202333,0.3555615281755105,0.8325573794538301,3803.093153575839,7558.30528000441,125.51906584233748,663.6232517211756,-4.042466672386382
0.6729872649474955,0.8435832922991906,0.2611298919408605,0.12978845847353745,5917.41516740168,8589.645132189959,135.7597569781156,5459.571006414772,161.43832346163032
0.08282121718071561,0.4120293664737241,0.041300925841623724,0.2888701079233139,1669.5625211081365,7944.387007991861,133.42161199496746,-10610.496720880768,-100.2047659361715
0.5433118646578716,0.8861804381605703,0.026285177076113636,0.6322711817440823,5051.268506886386,8645.298548985196,134.88870070420305,8279.084375561157,110.09562030025576
0.4077148741900249,0.2564286456776633,0.329302452446755,0.05945685661149824,3974.387586395679,8616.526949382896,137.32648137801775,-2437.875625283261,-146.22536648908942
0.4590176218493875,0.10818078809530027,0.03788610928535778,0.3732763412073866,4372.6998173146985,9262.715555171606,120.88969457483245,922.3635244211036,-34.422446374841805
0.06891663208773524,0.42902122011624577,0.30209071870199045,0.6966244450140268,1635.1024704566207,9205.078990886475,122.97736704495188,-7013.5604858008655,74.49762004139737
0.49061421084015483,0.5585081645633411,0.4527045835798594,0.8273443875071269,4696.373433764692,9920.80197967962,124.9365317634617,7581.630277592819,30.06625170954604
0.3950947028416502,0.8224812014428524,0.04628916044838789,0.11116281624270105,3909.404763202198,9325.434626533555,141.48370333709414,-1717.3292673027408,61.29328176861384
0.12000186100357096,0.21380485201036312,0.019280906014889326,0.7416325170940026,1991.038038091384,8943.550838278046,142.6001336177494,-4945.848218998499,-141.33174900240172
0.3925347450363315,0.5347188386267212,0.2656730723414518,0.11498977455673107,3884.22488742284,8985.287041404237,151.5722804724519,4899.823165538188,74.5146990680862
0.09823642318429865,0.5811615412970215,0.31335513823537764,0.09511344859497292,1768.4358577442183,7951.952110510041,145.47897241473134,-5291.140333789091,10.78377433739945
0.3824840054275957,0.15958486160061006,0.331421326669131,0.3269520356814605,3826.254212465122,8490.710828348043,139.61733125962024,5110.439766441202,-97.88809691007654
0.3694490800353261,0.45801590957069727,0.3243232368424195,0.12778376293209084,3718.0656115501,8178.125834158453,129.6755548553265,-234.35274471474983,69.2942678084294
0.42867858770241957,0.48794563374871347,0.18523244276505674,0.11335038707317183,4139.531460485929,8215.8161442538,135.05126903879324,1064.877417566095,6.949539388514836
0.40684647036239746,0.11768067900634968,0.2854541197555976,0.21495531552630007,3982.436175761403,8122.018503086202,135.27185198062142,-392.5159882083408,-85.97375879122693
0.45911462465745195,0.12463268734326313,0.23340532396293034,0.1127515174097827,4342.786023175542,8823.548951393412,128.20409524041116,939.7204089472234,1.6142232210128429
0.06314877504624775,0.5986724300565944,0.021811654970781715,0.13552526460661382,1514.5742570546963,8055.015989874504,129.1366903535367,-7119.003820668356,110.069770242904
0.7774669561708629,0.15750087055128395,0.2478807643427142,0.27674576274676277,6657.299206992973,8742.476672415954,113.69616382334902,12842.607173300825,-102.437934664518
0.7914700932283611,0.5142507790523347,0.6833880456249251,0.06394693590183789,6756.552921913197,9949.698182897057,120.6723751364846,251.76006039802812,82.83562943083034
0.4288274878303044,0.7951751017646996,0.04202681710345514,0.0760069306883048,4145.647642578319,10014.948298498315,126.72004550222849,-6519.890783260224,65.22928959416936
0.41610854944075054,0.1340196160525801,0.3240367634913573,0.11059415022059085,4036.138615610842,10586.445280757169,116.3376229872056,-228.67166721318424,-153.517154470268
0.812011091508599,0.44477805977382934,0.06264243079630513,0.41883384678983093,6934.008365809188,11358.684848864785,122.95967320141064,7117.865624928825,72.15663038220268
0.4138166517745275,0.8331087989042845,0.044779193827326154,0.3515419144547438,4078.423124065176,11438.452564448156,131.66915142202944,-7159.071269957161,90.16854787256683
0.4222948690620811,0.10904790133560513,0.029755581624702692,0.20722021814027433,4084.9857778059286,11426.975383414674,122.87132655748242,152.428451397549,-168.12349146314324
0.4209698261435965,0.1265029795652671,0.254771907116772,0.4383412309550122,4115.09641233618,11452.367528688246,123.07617617409385,-23.822725137795715,4.052986020357103
0.7946390158091876,0.14283110991313316,0.2243309709121449,0.3890448380653361,6795.311417591498,12055.601222927782,123.49873487762856,6718.13589860685,3.791314090246338
0.4147068255889584,0.20624943837593304,0.6867209741902418,0.2850918512965135,4064.0483457659,12687.66156536835,114.3868599354374,-6830.737338658046,14.725433785645109
0.4462165305404479,0.24980305536073164,0.042084532558034383,0.08980978417792893,4247.324680826954,12092.11196229616,116.53007269999202,566.5077181732777,10.11294240293958
0.3638783993178956,0.15753418061598964,0.3133086687441979,0.409764122123623,3703.544420878252,11323.35200342002,108.24728320074472,-1480.34349764151,-21.424393207188828
0.38279158406704844,0.5669487447939293,0.3916126937990756,0.13787801862343504,3822.358812068228,11240.58482157837,102.9479759039852,340.0369870846953,95.06411161904708
0.34937765448786595,0.4395049978732982,0.024346467656525934,0.4030183332264953,3603.4309111172574,11120.610461013524,110.04120095661676,-600.7434544451498,-29.591830976357016
0.08646378416768222,0.17445025518739835,0.306244463025624,0.5025046820172434,1722.1880201244037,9816.16108536477,103.76431810059618,-4726.884525910216,-61.544448704318654
0.08307564091246655,0.57900686149996,0.30270045783112465,0.419841719166263,1704.8445048953613,9221.527350589253,97.8641921516028,-60.914861224864126,93.9361169428386
0.4471259076624679,0.5224823631197887,0.04293642144683525,0.3056698346115838,4297.017338410007,9266.170659814248,107.46394342110833,6545.198891402731,-13.12471927815406
0.4273404076444837,0.5333324538247692,0.04195615526961069,0.8234309307801351,4228.282594813104,9277.62422180431,116.9103300264746,-355.72019748714774,2.5193393789644745
0.3059535491242196,0.8975403158224012,0.020031310652670557,0.36136446729007576,3306.41767125789,8399.024790097928,134.43431829360884,-2182.3940383575878,84.5673307079264
0.723557864268277,0.209114326431625,0.24163825770347827,0.31009090669256434,6276.54113283686,8954.302909797989,134.50083962961682,7508.038175406363,-159.84923552561787
0.13480638317759447,0.5656189526389549,0.29511653046771874,0.4710865340839,2083.2695333188885,8394.423811373757,141.83393433039012,-10585.064463069606,82.77867605059271
0.4888974584131098,0.1477376670936024,0.1472790780947547,0.07166433453084403,4549.867743909327,8619.193487907502,141.60646395281827,6366.144251938216,-97.0300439906402
0.5190493489421768,0.8268588531460581,0.19978282460680488,0.031509769734683335,4794.0251379488,8864.169045697201,147.6414528645871,542.0957996442557,157.68870451245408
0.6674796396861509,0.08566460214262134,0.046375945879936105,0.1303005472150416,5836.756484841095,9436.07928750526,139.42544742213065,2668.603385738461,-172.1017745186099
0.4176994573451697,0.8694315214872593,0.3492423401598658,0.33876030085525766,4114.630248530204,10031.602367388934,155.56258138201642,-4490.75614515411,181.9869453191036
0.07155243635875486,0.5123505870515804,0.7379736891487343,0.42522822959957685,1631.6502086896753,10010.884990543238,154.01485444001236,-6223.31942851854,-82.91249207606006
0.3177941901360989,0.540591231190297,0.5842008105129857,0.4065668293678556,3396.940521979868,9778.361657506344,154.4353337307298,4427.139329490768,6.557343049061444
0.06089952974117904,0.16964803063796483,0.03373361737584334,0.3374545561694955,1507.3044000341042,9119.543728534907,145.99075465979257,-4618.666156832596,-86.13124423758237
0.4918324061480395,0.42036167043302597,0.036228615637926176,0.10010156898324177,4584.58433696689,9453.732218434568,134.9108938105323,7747.670150353386,58.214512924695526
0.10644258851170932,0.17535857968685495,0.24451983892195847,0.30792049130743493,1836.741773401713,8344.230979825856,134.12710145014756,-6928.859109677331,-56.88855063686204
0.4033351296020478,0.11013654741911591,0.6591064806944569,0.3584884674601144,3987.402222383785,8827.014324306703,123.55101696295483,5337.781367825946,-15.144245217487368
0.30537353639958686,0.8621653778162081,0.7128684104284946,0.33551374794623146,3316.072485245784,8497.059732697056,140.13968809932314,-1761.2351089666936,174.61751224497038
0.5073816685571604,0.5438288609120386,0.868128337595514,0.10918704173461632,4726.377849477246,8476.082605169311,133.56786649661657,3631.870440463239,-73.91622287829509
0.33179709686168557,0.4999305189008041,0.2687239596432783,0.36566567006244843,3481.276981891331,7872.564572681031,143.1869237545676,-3156.8056638668604,-10.192985912033578
0.3860924359675389,0.11062214626973418,0.04427754812015253,0.37942792660917857,3849.413890128245,7815.738837287882,125.567731509148,976.1668257971832,-90.39554971460332
0.10099910070011425,0.7896176125316109,0.46169916693823265,0.5169691930884687,1861.6179634306047,7868.680502877959,132.0057397689272,-5125.645418686258,157.65951297592844
0.38007365462787784,0.11510470321377556,0.5615251162796584,0.3134482180015936,3811.2977697124256,7980.651711026716,122.12614526325125,5017.43475507755,-156.61868460549
0.05882926751988121,0.1555825061707732,0.2609898534347927,0.16230367378440294,1473.3127925076794,7976.929621185465,121.79955048501849,-5775.599136732679,9.398753036849476
0.37929949379239075,0.09420466572414254,0.03005012732396003,0.5671182562335589,3825.897744272746,7774.60857915686,114.22634019553212,5761.6806284798695,-14.25164218784026
0.4067389097552198,0.18081666285636797,0.03725680649463077,0.09178750692862861,3960.3623245892486,8314.506315379393,114.35307428685458,493.3286728340136,20.110893171225683
0.5190388767963015,0.4478276058841082,0.01918743605782188,0.05650653391041047,4774.892870596982,8522.528148360778,122.19409981048928,2019.0223354144764,61.998669105635656
0.09391395241391642,0.8091341303607493,0.04473003896285629,0.3177512631382303,1771.9483502688488,8142.348497062803,120.9627395051896,-7643.249951760255,83.8936539556257
0.657342178957222,0.5048510840954804,0.21845113188831483,0.37437217523092836,5822.515395708148,8411.95999197724,120.05769409397132,10129.78190258732,-70.65307393748017
0.08149418280696524,0.19097202847090658,0.024290147544221912,0.8584705557483954,1729.677135269651,7961.944566851659,112.88382511379632,-10353.074864267024,-72.88122160160162
0.094608860566432,0.20411447739527663,0.052977241558577554,0.22301031498607823,1735.705147330681,7437.891119065683,115.0546725089028,235.7865991932158,3.0516140382122217
0.44736676891283916,0.4677633125524219,0.22922850595739883,0.38471498028719,4312.50511176695,8060.619759877389,107.581368973713,6342.175467290579,61.218003672965295
0.3582710703839806,0.13251110143277342,0.3351246726230451,0.07652411785282007,3615.625735565625,8021.421258116405,107.98553724908906,-1601.836670649369,-77.84396649983137
0.5149514796427257,0.42772069978024374,0.017119890262987957,0.12103184991071622,4753.614491090357,8841.47575877159,114.30445647587376,2816.9308874290546,68.54626255093572
0.46762997946046897,0.24076315149197555,0.04605125767772994,0.3821109779053259,4442.265086330317,9000.2836624254,117.70747470453072,-850.7853415339396,-43.41065216911736
0.32266693692620135,0.7501107150970525,0.3484329874454457,0.5484380022774249,3455.2310472726604,8849.132067819808,130.9262114231265,-2606.26630975996,118.26807807061336
0.3632698834947114,0.12710822254638868,0.24802995556338986,0.36172539639534074,3689.173923598567,8569.077598591079,123.4792601117516,729.9935891830937,-144.6582111940708
0.4168939926151966,0.1661664608566433,0.400728235661147,0.8073825953907452,4143.740496290801,9149.758013947656,108.5498570935894,964.0988940927818,9.069136887752784
0.4021535204942834,0.406697536021177,0.03359411611951372,0.2962839303828124,3966.6374869108167,8690.958590620447,106.2707784612314,-265.0164842505328,55.85016992056167
0.43639256677585064,0.17555487801429684,0.7748269973612121,0.7801607331235495,4290.881488796829,9329.024462691052,105.9127995713505,615.5780897111508,-53.670224176830246
0.1362120418633977,0.5748305515598301,0.7878915672246363,0.3250944278937039,2086.797959704026,9403.82212690777,114.52065022857266,-5396.895479345694,92.70990950924256
0.4886936001413526,0.3731039595534412,0.017373103476706696,0.3736085197427357,4597.899250065154,9478.122945955873,112.32270514145776,6337.207015604443,-46.83995377040529
0.0792257531716796,0.7926916513707688,0.2967646747761883,0.086846837272017,1639.918728561323,8976.432034650128,127.65178304420505,-7361.753974187843,97.42626339878998
0.07525493436343694,0.5421478500452316,0.02111601900854239,0.45940999982726627,1644.7048738022415,8185.908965842185,130.30872696775154,-71.39068759292695,-58.17507724107139
0.37701268024399853,0.1851809697525129,0.22955435645242547,0.8211321774287458,3855.033170924114,8022.989638336006,129.0181351834754,5425.252071483699,-82.886009247344
0.5536751834318066,0.17921366589231377,0.042554609018143896,0.09490958448402978,5017.571793604286,8438.315503203916,115.7621776389372,3176.185613980924,-1.38557953200754
0.74324091027939,0.20957283661834283,0.27686107449199904,0.7595527835452484,6482.522401716667,9121.459060679754,117.67696669694216,3408.170515262371,7.0492548313610826
0.4114643543259047,0.11894581306667654,0.2789594876296621,0.09934154716524538,3999.207724144767,9111.69720476105,116.58052574808568,-5964.955239852627,-21.04316318086134
0.7595786834516498,0.16192953651958483,0.03651215886523308,0.06416143745892244,6493.024473577754,9754.305930537512,110.89712939111652,6258.689332701122,9.98061583943452
0.7957485489884037,0.5503209926486902,0.2884487451951475,0.5410003478403203,6845.430211298019,10400.386043977378,119.59902005887412,650.2919663451885,90.18264607043736
0.39018590389772917,0.14923218555088366,0.04128984271451363,0.4290272941527886,3887.563202020203,10857.001405112083,109.7168287273576,-7291.5430023973,-93.13091048349868
0.07411746612492379,0.5450085834028144,0.1681427459837158,0.47573919942382414,1643.0191592599103,10111.641903801856,113.70837220902636,-5682.541608844875,91.89739436144762
0.4664260128329782,0.47980544954306836,0.22986399201916027,0.40120531668332693,4452.474493183927,10807.782778223003,106.443303641099,7053.249783125903,-15.139857097171046
0.13051054118004268,0.1784542401249806,0.7310863092018656,0.3155578385978671,2024.4746841048543,10907.125910068087,97.99851125858711,-6039.368113353568,-69.97231538691689
0.0664731973792912,0.7293141215591155,0.7812038926401341,0.7407139592464208,1650.9185983881955,10348.812164791085,110.63302385410998,-1151.3166997371868,127.90704053300338
0.3960910775395469,0.2098824090218547,0.5721128966408795,0.3616357414072153,3937.9822909243,10065.494334976938,111.34513746099556,5926.144768609527,-120.60956941837983
0.10467386736215317,0.16870142035881266,0.036901758585611774,0.11011989523889262,1790.066569035718,8917.425322776937,110.39612264391748,-5239.341308596217,-9.562029408276445
0.7088293895766742,0.46044607776153934,0.3717472492572689,0.834360496316485,6259.8776211448685,9452.052948912376,118.3255961217532,10862.011143501808,67.74171976827752
0.4927807998512959,0.8485373644650983,0.304943406745525,0.12791155303382098,4622.628497733991,8972.381493769944,134.26830283160913,-3884.301480077584,90.1129481596362
0.13137982087095024,0.42858008709374196,0.3088104769323133,0.31322730949051825,2030.361033205196,7777.9240630484,131.44153699402415,-6497.567789445963,-97.51207940397174
0.4211112381855881,0.38038528485864076,0.04024967670496665,0.3259199994876958,4106.117090146503,7833.524204617902,136.80880185374,5209.032720513183,-11.19060351049042
0.05747114907203882,0.6233812671830186,0.26853726821042356,0.7833991356503205,1573.1392932173385,7803.596069447684,138.62857823949832,-6537.824376242086,56.42250962187275
0.8523663653050422,0.5907333734172858,0.30402340820324764,0.09091310423283269,7191.380509205537,8497.471777793864,141.20427179305364,14291.288218289892,-7.580685419201416
0.4085681971931859,0.15670917228486778,0.03590756895659473,0.352090478238669,4009.0999655962064,8997.386989539347,140.69936167573357,-7978.9730793605395,-100.77835209567056
0.8665130864935349,0.8946124001603765,0.030323931565974193,0.5022728591551173,7357.735924651732,10435.765332743376,144.53750896757174,8233.31461484825,171.33761462458557
0.043346074310539384,0.4956430237302155,0.045903385638377904,0.44268821939509573,1411.395460034773,9801.57098790917,151.17273432344268,-14799.582111772808,-92.63878877805216
0.0744610007112542,0.17592578598001948,0.17584645359456133,0.10261121199596132,1575.8993345856625,9747.251779994576,151.34048065195205,559.410060599922,-74.23681968189184
0.06609141904235227,0.4832768496783253,0.6583824351997518,0.4693210994356273,1595.0540612412797,8591.683926752874,151.8706003007741,-150.47530976929647,71.36545297140394
0.8890877445004917,0.18623490702290943,0.0,0.7945861278059275,7527.606160702039,9304.197557886782,136.49225271651736,14796.513363678549,-68.97172417115144
0.13925541077833997,0.2020988561802631,0.6368315537043545,0.09330003856732647,2054.491639094989,9318.356949333236,131.23346641554426,-13481.11018632053,3.6835334288648056
0.4393578223400381,0.4177263863520355,0.20753823635559612,0.8377260776666435,4315.92408089084,9351.16217797536,132.10050900536368,5395.491092469871,50.06768539743443
0.7468112167440828,0.1905718260195425,0.035089509192603924,0.3767702908217392,6446.619120725063,10590.515162662196,122.05087994364332,5527.653184205097,-52.744206893525146
0.4231426574393334,0.16119942066826096,0.20550296495707424,0.8054900961992641,4182.7933897581,9818.821033176604,112.07730616267813,-5819.182923434453,-6.820132611649228
0.44639353648277885,0.520484636791032,0.01908176809635828,0.26939699605588574,4285.879948690731,9886.82657839852,120.52399916968476,418.0236677145567,83.42431578404732
0.36003792485659225,0.3776017322558698,0.3245751805745776,0.4143621254885965,3687.105083472847,8976.243351509806,108.51925773099212,-1552.573106258049,-33.17672983240733
0.5512761728739506,0.16180751257987933,0.032261007602539055,0.44347793446552997,5048.4236198719655,9889.44238517795,100.76775617947324,3438.240493795789,-50.10638990631415
0.06991303647730637,0.4485769365377429,0.3687275740916681,0.7278174096759857,1649.4175510867983,9881.265676305322,107.09858602225722,-8654.347364807814,66.5864942611367
0.11022399263625415,0.14246508054933196,0.05050942040115163,0.45020000893515466,1877.1362818571736,9960.61089265148,99.18509908350674,724.7439424185727,-71.07771484394094
0.064912668949025,0.14925374424329188,0.034288971108298684,0.5873811556732912,1570.5077587179169,8478.84030119477,98.32641409916998,-814.6447143501273,1.5762953729860243
0.4835399657235238,0.4209963022108526,0.328343574856106,0.10002650748240968,4533.028129935702,9097.823747484004,103.40910852758122,7526.430191138877,63.09732755634468
0.454190553571074,0.35125533809817977,0.26817513221321393,0.3127225368891361,4347.08173936674,9124.491267020949,101.86568244958434,-527.6681750530151,-16.193519666646765
0.4220287314566748,0.8714574928079492,0.021759281374303614,0.3779282165139498,4142.350407859373,8540.570265773622,117.67552330303536,-578.232023637589,120.78846242095396
0.3795331525180687,0.18915501196473997,0.3081813488185071,0.26227025938048876,3796.635858803847,8462.165465850403,118.32463881672528,-764.0209101933888,-158.42738600926043
0.10219461833324708,0.16551339520225575,0.05809051610016046,0.7599941033350186,1864.3964638681248,7843.335984524572,110.08237567210472,-4986.223146311555,-5.489470799057202
0.3925457706018379,0.16576135702400127,0.009690237997767064,0.5239012454997721,3917.820395607563,7901.781296990113,105.16354306611306,5220.174831655659,0.057575553881449
0.08519012750371549,0.40709866140285234,0.03549013425292981,0.1254572904271907,1663.1453097976855,7063.812987094476,110.85908670113058,-5525.8957298159885,56.037372503777775
0.7719886682274242,0.6111834765861985,0.5250139788240402,0.07170196502319204,6617.67762401861,8326.06302955011,114.63473310594073,12347.8361587049,47.38752195906272
0.06695653188369502,0.10663690883273227,0.01804102571329868,0.41114137339978496,1557.9044691049337,8248.27318512021,113.80282002487778,-12675.654926436771,-117.1533097026719
0.4046606180668803,0.21177705003309574,0.19581212071240148,0.4077177909028247,3995.8192063900806,8859.100343626209,115.25458140330554,6071.525315008846,24.413039967893454
0.07017603055391711,0.4855869028703249,0.030719867651735656,0.3859462199242262,1595.4494921077408,8115.920234359616,116.75434438388302,-6013.642486587019,63.57734357784173
0.04277937965591275,0.6015903391698975,0.29561461874638484,0.9359631746871437,1488.7509415638533,7376.250961910114,122.56700386555524,-492.5598068821223,26.93544534430069
0.4111662362888095,0.17043983808930815,0.5607388560454898,0.06434095618730915,4002.2902551501465,7356.721463424839,106.28970784192582,6623.165716004693,-100.1110926320625
0.13756737690476317,0.28775027384029694,0.6770068066973911,0.520109504685925,2107.6778592022424,6921.695240139808,108.5790428583454,-4918.988158190945,27.23892439122945
0.6757359691321532,0.693702492929517,0.6309063348228243,0.36659738105081774,5973.8484987926895,7952.855647447109,120.84334211284995,9675.643159611744,94.26017158179268
0.12195556261528961,0.555182091660242,0.03190093037539918,0.7262619551716272,2019.1202111806351,7466.366035683081,129.88550607654844,-9956.325359057617,-32.16377735417919
0.417759702937945,0.2059472169397322,0.009665456121701364,0.4822945889853818,4095.1403941689687,8064.287316136691,125.21486535149997,5318.213192360406,-81.09067438369196
0.8293803350363256,0.1657765351538029,0.03647025237080489,0.47169034284163003,7052.701263701119,8167.470834535631,114.87272833416004,7400.458538158182,-9.3274409638517
0.37411850480426007,0.5175629635335294,0.021738589498153903,0.34965175669656434,3777.376405626704,8719.712211142383,124.4142355860303,-8185.076344358651,81.68313298943015
0.3878508652650246,0.13976544878291383,0.03696341753900379,0.36774889932069366,3861.562890928082,8689.490237571075,122.74216050661562,246.8918132282579,-87.72278334495628
0.4321717889218278,0.5937138962486229,0.5890008170446317,0.474714387798289,4231.708534203537,9340.316360434266,125.25281778823567,796.8384777579668,105.4046671881893
0.6948869778800919,0.5082905842166169,0.021275121928948218,0.431538632215392,6095.3075884399095,10512.729710677246,123.0864419201184,4723.3124669157605,-19.83488615307272
0.7761005508355536,0.503928493478893,0.26324555531849625,0.12909667735374783,6643.145273878372,11168.839014573576,130.829889646092,1460.1252525381933,-1.0128566911536725
0.3317192479809193,0.7496604042200781,0.6738593475123307,0.06053941256687856,3460.4278230448854,11517.90141814656,141.55522284975095,-7989.457161424378,57.05777916808282
0.8874428764436819,0.8447816121000915,0.22581676302607548,0.4217586127963303,7499.969570438082,11898.525727917848,145.06320803268565,9991.26222159474,22.08669137455027
0.86704721304773,0.23150470994075642,0.28485134684671964,0.4365215139326095,7328.526044586283,13238.1135513084,137.54757340788302,-366.6902228649633,-142.39997543155266
0.7218117080062592,0.7267720314955812,0.037463033039751466,0.10921603970620072,6254.037984604703,13784.763568699684,149.64087751500998,-2611.164867632244,114.9987129356041
0.39222287910473536,0.5238696569050165,0.4926162108439071,0.36220826463746725,3922.632550235945,12998.805486186657,157.95562922994287,-5925.622460884984,-47.11296488579211
0.07373821096018021,0.184786299283945,0.0482732714981846,0.3926866785248392,1608.5338295958938,12458.756777029244,150.2287135990941,-5725.982610802471,-78.73354046838689
0.12827020616156726,0.13628160589689556,0.3132267741888507,0.3025627765077469,1993.0407447653347,11992.06104916695,150.14782042675554,980.4216261794464,-11.262558759854144
0.4718997940533142,0.12686067582376095,0.27544466251923916,0.44394594864628,4482.739041642683,12063.487365501122,139.30771102681445,6178.0589197226045,-2.1874950878358703
0.3666450945011461,0.8615447466375065,0.8296767547378963,0.3338036421810261,3759.661812356713,11473.346770252178,147.5101044110608,-1892.356648915369,170.59014168880185
0.7738831648754454,0.15733228355753262,0.22569779290487085,0.037297537151012305,6597.110742754096,11469.360169100231,139.46230551244065,7321.665193508174,-163.51477951981929
0.3848467337754982,0.09946303120537872,0.02768324121713972,0.09873718407956103,3799.8627423974935,11564.8771877334,124.36503222252011,-6994.420963573264,-13.436964744920488
0.10235311853931661,0.7807832261122815,0.28080008906595166,0.11273001767953575,1808.899556911092,10153.377435525825,122.8790201845263,-5078.9054868126905,158.19930389381744
0.6112079769068344,0.14111878424698496,0.4792006025050214,0.4702830906278863,5494.579998438992,9693.408349466445,120.78030204385723,9148.61643861701,-148.5270364583052
0.055588120941988395,0.760472631641457,0.30795392230058083,0.45449143206956266,1520.6295909724863,8495.616098850165,121.56281392648388,-9989.396513201264,143.81101316856098
0.36938596050661837,0.20351283786362848,0.14614252433416147,0.14714347876648012,3703.608716463293,8454.55798464362,114.12428118536788,5641.71890321237,-129.3234111232183
0.3618414750040722,0.5712187272954105,0.05314826134508458,0.7093901790297946,3743.217425695875,8972.534027145608,123.09705809267284,-135.64104371712892,85.37955601582236
0.47593003687903385,0.17357616038009263,0.19299767658128278,0.12078411852630991,4466.006261578792,9597.585825324852,123.9630198830874,2051.179182952013,-92.33070992875786
0.08380694018452628,0.1816967298172303,0.32323953984607356,0.36638973632262783,1684.675511619838,8899.84017069863,125.23628693650804,-7049.915608332092,1.885557542224518
0.4585656128844107,0.1523050904010083,0.370960708197139,0.3112343648563566,4371.932167543608,9065.102534160227,108.76807995405744,6737.723531962865,-6.824598669909918
0.4485109893591101,0.5042482921140558,0.25187001108436174,0.7596748900006424,4375.974516747456,8480.121338707551,116.82330442465496,-180.7703956345722,81.7195350106617
0.3171825389006799,0.46774272081265744,0.22515015739251204,0.09401106085178965,3335.1376274167424,8358.469013814065,125.37458339299135,-2361.132257981384,-8.476419767531581
0.34693236830900115,0.7817150047437965,0.24568878884598871,0.41624299698631373,3609.711441836198,8798.19395859812,125.3962188489768,534.8672099627402,72.90286877030746
0.036393296892214294,0.43317875546788265,0.8222147405015778,0.3802440130885826,1371.1008283817882,7764.744253978808,132.1777122624676,-5583.130055416665,-80.92845688325127
0.14264722951266456,0.5744259277341947,0.3532250604812214,0.7396487685947334,2179.574331101605,7921.266370001485,127.85779641821618,1910.321693218616,32.79692059113847
0.7329700419462959,0.4713486368238624,0.183014844751597,0.37791236301750264,6364.361729735812,8574.948112365062,134.07681609062485,10613.315166621374,-23.9340559566171
0.40155800708441686,0.4639134085043428,0.008907940558418441,0.15151453896334297,3943.8980497629577,8646.353801492365,131.58523770152829,-5958.401576079839,-1.7264245992301994
0.41286018917338246,0.5422449550615183,0.02137675129224599,0.5098610799902831,4079.7365921696746,8532.961576575402,140.1455515043422,203.20004250931925,18.188211990347043
0.48435518668708505,0.1358585556005192,0.2957299999940986,0.0847101551797422,4522.587651170482,9253.100573414044,139.08121093333676,1285.3966092239534,-94.3609861959686
0.4442122546436614,0.12237093524024303,0.037046705856109474,0.7196408347667624,4315.748037645297,9227.294910563156,138.3861541091765,-721.7230649324083,-3.1317612014587795
0.7514469176358514,0.09061145426854944,0.039827806883084654,0.3864335384387606,6476.809461302419,9771.93835214717,128.78170376392578,5523.720648714416,-7.374400200242711
0.4269448099771404,0.8149428237570885,0.051008819789956715,0.35648780710925854,4172.861051728665,9969.278104533849,136.84352477088655,-5834.169149954721,168.1862937545834
0.41713306069769845,0.7647208702375087,0.30137328238064315,0.3149190705967412,4101.008544982436,10095.490755907547,136.44892906254415,-176.40380016703966,-11.66129838272417
0.062247444095359844,0.051564362117682505,0.6773618615390042,0.07052624827206591,1491.5996817279922,10141.973494987204,127.58802462507737,-6380.429178357119,-165.59154417449523
0.49262946545006864,0.1499319690379555,0.19563043209217232,0.13063458261285413,4586.465676004212,10771.200706690142,117.73147710529452,7737.766419451458,22.840489767977942
0.4893300978681952,0.4023131287269708,0.17500911879117095,0.47520909881902906,4622.522562502932,10333.164523907592,116.1285054912832,-59.31877823354989,58.60170310109808
0.41430445200403915,0.49703742734627565,0.03947436171914545,0.41727410789545094,4075.455351535648,10356.08114415952,116.89762943067788,-1348.873545735003,21.994530934829783
0.27048921098967754,0.16476672593681482,0.22833795284781955,0.45996077336219676,3037.008996995247,10100.114742350555,108.13276475632917,-2585.630178099609,-77.15167414708701
0.7567603982804172,0.4299474938305139,0.04038630044932924,0.7571424967867182,6583.117044364055,10589.867518759696,114.96136981730407,8742.588391404952,61.573711157268
0.024244111540615815,0.5680366241367023,0.7759306154230019,0.12504534977677387,1252.6965220326515,9834.813814445248,125.3095148275092,-13169.787872168272,32.06363829084313
0.48114959226048354,0.8620240007481598,0.525841998166868,0.7188813181053524,4629.112951577141,9348.850771432046,143.2213467063084,8214.627261726895,68.2624684856981
0.06170423977889003,0.9511236338996528,0.7014658934564961,0.11407749179725371,1536.27978221561,8692.190855619232,146.3834002501922,-7541.13787795087,20.68851040542947
0.08403736919145849,0.1727639504010209,0.3457717348882582,0.07122936074012018,1644.8807737174984,8093.323679874285,132.63844254112902,401.52360051167625,-180.73141091219412
0.43440376992694724,0.7751734791778656,0.03493415886034892,0.14846993888201018,4194.852486362129,8762.417317136787,149.44030155923474,6299.178951717324,139.87662309719377
0.08385021856952998,0.10033216693291172,0.8380557418472494,0.7713544663816214,1752.5699864637409,8027.479942307646,148.2886177804556,-6302.543701464953,-156.6949382008703
0.3874522940752639,0.12775989915783512,0.05641495270270224,0.11540546536219001,3823.060136202698,7844.315541853588,141.91362256905262,5458.410965517279,6.368588774859084
0.38709621922695586,0.8411457497790048,0.03996194242773825,0.7616546253487201,3944.385636824052,7795.39831495539,149.90365390525358,-6.40181017640316,165.6447964108696
0.38314848193685075,0.2222310468500143,0.727464728920767,0.30623279021816807,3841.945697905278,7997.946534983489,151.23794806461595,-70.97570883662956,-143.70904591547304
0.32881025090651095,0.5260259451642608,0.2858178082255419,0.30746997494437034,3453.266786111893,7228.542118617322,153.46884393909855,-976.9379725377275,70.53972830847017
0.35605277370868255,0.12445755059513822,0.04629897556212361,0.3589423260869824,3631.1896171042704,7825.095365829094,143.16914914350707,489.7887636111354,-93.24226840989738
0.31077318086587724,0.1594842790180633,0.040798089136165824,0.6498177920537346,3348.0887507092657,7518.778463787943,126.85651144888476,-814.0742308023464,8.13303949538983
0.07388822825129288,0.4734962852357957,0.027421167774604502,0.4700406895694247,1633.3624347699313,7540.683852995417,115.76623192332389,-4258.914965464615,72.91209209604341
0.3773680924915718,0.83739852447448,0.5970888858268744,0.2729945906521096,3820.654968928721,8068.058257112168,131.19873014489096,5456.213749604449,84.4963665590856
0.2872499213078844,0.5453428620579964,0.6138486951653728,0.675744004253068,3216.3106486874344,7803.492812497745,125.8621726916339,-1620.2195355944214,-67.8139336510475
0.3808296088743603,0.12198520554212824,0.24136949025536283,0.3616758714022831,3815.026591548112,8337.427094031305,126.36494593404925,1682.4535600148947,-98.30163124414628
0.8620179520944573,0.19111645170979172,0.34183349384443523,0.7660120308764276,7338.558763697694,9190.640757763644,127.83605490539,8651.20478750503,16.05194606411291
0.06417152579621876,0.5551079190770921,0.016690436720534083,0.6253537676619162,1588.899124751244,8610.059849440653,121.19439272619634,-14344.347530729672,84.51708490552582
0.48268739795227117,0.604337758134087,0.8591107505959492,0.10905298362519647,4551.330418147772,8789.019202656278,130.06672855157962,7524.426906549521,11.43093413029601
0.4071479890549247,0.14519408940302694,0.30627430042959103,0.39503851577100035,4011.8735851543015,8929.861312582845,121.2239942641789,-1358.1104054283114,-106.61097281936932
0.39312567535764625,0.5543865728008703,0.28791897223830554,0.14478614044961227,3894.2072030252816,8996.514062748389,131.20674136974358,-252.1048339990757,95.01254551975624
0.05550771284838385,0.18541848307134043,0.03748463024397383,0.36931636252518873,1473.8617937889337,8537.57654480699,131.80892123450295,-6069.976911871785,-85.67263291266318
0.0375750812056278,0.24858100942973785,0.35044107026581783,0.3930634595299144,1359.818889583886,8472.289744742688,126.58649566520565,-322.40778669364863,14.66603775547668
0.7010381343719037,0.22155764686237298,0.5416521941467123,0.24249069836351192,6113.904779422063,9054.21070258399,112.28696383334712,11928.29132866049,-6.274696066526431
0.4115293062147764,0.4459833943910412,0.3232260505204811,0.7497863012598602,4107.88699503053,9277.650531258912,109.97988432246892,-5205.030827258215,52.110589558755535
0.42475501945494415,0.4829851952436436,0.27557032235841006,0.3191020943733135,4142.616990840019,9356.623292686356,118.3621321265662,237.78288754009367,8.591641905608299
0.45249244975403097,0.4993390913329756,0.29843838835862796,0.29149767793326953,4339.586021606056,8620.34423764026,125.51891500152053,498.6866227696373,3.797296772683609
0.07707751651711756,0.5771213809365229,0.4756934253585008,0.7890361302930842,1718.5024942168538,8643.547702621345,126.03005710012378,-6749.522330457863,18.06067714201529
0.33281119196546327,0.15953308702608507,0.036058796688718996,0.8464798819815489,3534.204112953681,8374.087777202269,115.7019045128341,4597.7930025479145,-96.96201272863344
0.4377441262908716,0.12474015379202,0.2761744509025391,0.3623476918326106,4225.512354031294,8429.096060894983,115.22697387086298,1886.5716856896,-8.078753366183832
0.4403429100076844,0.5576907725292337,0.24810360375882023,0.23241778696248724,4245.194618503034,8513.987137790898,115.30369581465106,46.72309803293865,100.52907137734812
0.39439969287424864,0.18653760179960924,0.2580911857911315,0.4259526430614866,3925.147438950776,9123.27536377475,115.32968121844654,-826.0054209924219,-86.17999831258912
0.37803769231357126,0.16494685280942098,0.36323102978531724,0.34973154038774934,3798.62021629238,9735.387401126469,113.38773593956212,-294.16967301501245,-5.013269071322114
0.09348166862253363,0.18489564708359277,0.294264458225592,0.13604395455943744,1721.089815503139,8643.071787245017,112.53646176807644,-5115.985183671183,4.632015007460893
0.4266898300363043,0.34838626143382023,0.29088377706637597,0.3660467627900964,4157.328885024514,8670.328639601037,110.27030282969736,5990.693835116509,37.961741889821255
0.760275840876705,0.6983413387437872,0.24038576291974104,0.4463866303626719,6582.521058167082,9273.555915882722,115.2707699001964,5997.487126796734,81.25790199439008
0.13709248810697477,0.19373834122489367,0.2666931549175992,0.40367812902628597,2072.1420851212074,8706.5035970505,108.17486605088618,-11204.109328369446,-117.16641242540966
0.4949387245334253,0.2029287925934176,0.28776716729280694,0.29318187736330925,4631.018059193102,9457.769277991943,99.48629239042188,6433.657667278813,2.1339790304749897
0.3783232520324303,0.5667750266157306,0.03558724191960433,0.8540807419330267,3881.4772983876105,9539.594650008588,108.9422562442826,-2096.6100867001096,84.48336241461637
0.5280296359202619,0.4823524941602647,0.04411582040748703,0.14042801506998367,4853.68599171126,9701.917458562337,117.24584444451575,2691.5460510606645,-19.602509902459104
0.32901181578203853,0.15439992169101,0.31423901471055515,0.4052799402156112,3452.047453941921,9501.757145260122,107.88162298942297,-3578.108120526691,-76.14902517591172
0.08014505429867139,0.1723780505800004,0.3877695873864366,0.05162193637247736,1615.262599484576,8936.763983632936,107.55284495478725,-4474.33390424213,4.1744358919821
0.05302633318047201,0.41079315893014856,0.163518090334334,0.3233531477028303,1463.473450693701,8352.431493924287,113.26127907781805,-487.5629538296385,55.35885250534261
0.4044638760137926,0.8620625194138266,0.03221273927890823,0.30580031422210774,4005.704222291301,8911.541206227015,128.98477129534064,6318.436836442561,104.7825959523789
0.7475724168801454,0.5932621984935811,0.6280450938155946,0.08374627163707063,6445.797942127405,9488.450645253197,134.67067391099607,6168.691102351053,-62.414154128850015
0.4341758168767314,0.6791695217433155,0.6555851886015169,0.6870739560524111,4281.898608521612,8902.160863178473,134.22551345244418,-5634.505084212309,19.947271252316483
0.46555109115196375,0.7705234446886029,0.015671402228062847,0.14822676917285413,4418.0677012664855,9492.691095092316,147.61818881219193,564.0908115162292,21.21194575758713
0.45523910117725125,0.181201874517693,0.03896083307713901,0.2802824617959342,4335.822040142938,9421.315805877552,147.11370012375562,-185.39754400727725,-136.837661451366
0.08071469944015278,0.5202573558302759,0.713440052271421,0.1192437696638762,1654.0446797437023,8886.25036398444,146.0335819660917,-6733.511613483576,78.72706772234032
0.7133065335325253,0.4918679306561321,0.028427747871852534,0.41190694073132383,6224.436335883192,9219.356601120391,146.25452586899445,11373.26284135129,-6.591889296792175
0.366217478818008,0.11611886641918542,0.570720828045117,0.6823863628177606,3764.023181105337,9286.2480407644,145.36565800017237,-6240.256095446115,-87.24714289316013
0.4905227746558192,0.7994122937310036,0.6430726764316161,0.11104281321582946,4611.0576086838855,10024.05928433712,159.9250944480572,2234.864135044965,158.6574790590509
0.10666870436410417,0.5270572558006209,0.332635806641792,0.1025611963291431,1828.147514812671,10120.50200680446,162.6246913967819,-6901.248164883399,-63.239542486258216
0.41395309060553104,0.7902882785816164,1.0,0.4704500991089491,4120.555655751354,10137.56250709762,160.95812771320954,5524.614614700727,61.120989629408086
0.8591479751693114,0.6160985971414494,0.813329957431461,0.34067578490484685,7290.633189184207,10338.162338253189,161.48837801204712,8004.084410975127,-40.44601430475086
0.396503028561154,0.5624297647722591,0.028979774103833202,0.03525348407411952,3896.264827205093,10270.431061877418,158.7777364623602,-8317.816159525659,-12.46164723292847
0.13710837925682512,0.5549898449028049,0.3689514047409651,0.0720469014869474,2045.047887287728,9679.929400396251,153.77314894143677,-4663.613039537725,-1.7275139547775495
0.05514408874825716,0.17121817060444247,0.027472199057892246,0.3605203373868795,1469.069592687501,8960.605265522232,153.5413320921543,-1473.6222779358486,-89.1099547349564
0.09192146337167251,0.34082118881089574,0.0418189560754845,0.3093608584779355,1734.6067503628428,8980.753719062897,149.37490976561233,661.2142706632976,39.38101294974476
0.3497276867078776,0.07416518585529644,0.22571554359671828,0.7100417612300722,3637.8716047416974,8327.081387926182,139.67605099759083,4635.054994577471,-61.916253711586776
0.14418832793918984,0.5055381814637931,0.5396876881827823,0.10754226457767949,2103.387976235025,7927.8988889914735,148.71818199904783,-3695.357773426047,100.16275480162427
0.30534716080019086,0.6067950689772041,0.815014505216032,0.12259789177769317,3276.791322578011,7594.974748228521,144.24570179050596,2897.447716762532,23.511366959062517
0.438497282924108,0.21486683483074628,0.035433878210286575,0.7223337120717084,4279.279619366948,8191.563802788436,136.99678892267286,2393.8837883452725,-91.00386907917051
0.09247635560692061,0.47990892400431706,0.03965375727844909,0.39213100213016117,1756.678766705921,7613.58615472655,129.78992815380187,-6221.052411517265,61.54151061902888
0.42010338757417603,0.5226098397934762,0.16257364631798576,0.09121534292473835,4075.723049291771,6824.235229740851,127.61916374010818,5890.351641736956,9.914949247022603
0.06205270300695226,0.14939699666898928,0.29986952969318914,0.38597289717259364,1528.8483373162962,6222.932580085084,118.0287396065329,-6437.333406226307,-86.6582444317447
0.05604938705928769,0.15722395784064205,0.46609829603275166,0.6680359951042447,1530.4357190369196,6077.19797299197,108.79280517858902,-107.93261391119222,1.8173831015365776
0.3463553693226555,0.8336121718461303,0.2777241258211209,0.42597463054327356,3610.2294521924855,6600.761866460678,124.17327836626464,5219.362727682354,157.05412142123865
0.6980530701276582,0.12962508159009686,0.22117420636758042,0.4118644327119926,6103.230754339886,7690.515750175808,119.26940535660287,6323.114173127533,-163.46244902362898
0.44427871364445964,0.13057216811687292,0.24651038054597846,0.09132208481645257,4233.705968508584,7860.507460993942,120.5791486161215,-4562.5667343925,0.2199089802169425
0.47066069591790255,0.829938235783378,0.027802076902675162,0.21105711875249308,4466.775319993243,8447.466674083951,128.11156335446452,474.3172492927279,162.38946958986816
0.4624989202494079,0.13699747303053925,0.7978637444693428,0.13897289935614368,4386.974376961064,8730.007195455237,117.203086957415,-146.7392004247395,-160.89754439486285
0.41496132762817767,0.7913749095544313,0.03896304497194365,0.332460839648655,4081.863440000676,8687.692294854762,130.58932984177778,-854.6704313723185,151.94332373495251
0.12874282934464143,0.13208102020194898,0.7531478688065918,0.7245544729896707,2067.9428979785,8752.8951817589,122.51293159793894,-5145.874536471132,-153.0849006629871
0.3386379899161245,0.08173685017728508,0.060448991763730135,0.10849089642008217,3469.008575836955,8606.429905081784,112.27607078209336,3773.670005924432,-11.689676473045246
0.47922732567791687,0.41494188209804317,0.7227161767577872,0.39943402635533676,4554.872539122301,9356.461185707773,118.44189653354933,2527.6321668046858,77.36862124127109
0.34279975406748076,0.06571927051266521,0.23319843674391186,0.7067873555331359,3587.40407642803,9872.004877244248,116.31720128063884,-2452.808504806266,-81.08782694212792
0.08331226848369874,0.11764657891883654,0.057735442735833926,0.038418778783318425,1624.5279886899446,9399.084083263737,99.69282125202412,-4665.282127487538,12.057273664195996
0.41383908377093087,0.7577029163756169,0.194374066634675,0.39084895354597615,4084.758185408785,8888.100508102494,114.27648940056363,5942.486361320208,148.61803274791365
0.05905952492832217,0.4925990604725905,0.8212254754342989,0.6350971092528663,1572.8077096891027,8195.521368018148,122.68258139514224,-6378.522383623506,-61.55585255939221
0.11485202280759893,0.09469398161211812,0.04865007730440488,0.07543976727751026,1855.2557113282496,7555.818902316541,105.61056003553526,1003.0839931201062,-92.39166395198764
0.8386937417106584,0.11409359805204364,0.4104617229918083,0.3676884934049699,7112.919545673612,8232.173283364284,105.07874296844184,13013.829267068744,4.504498530272734
0.47986581487158414,0.8777468230924063,0.26936636669666963,0.07191869918863456,4522.221943326884,8348.863976038416,107.08425765886604,-6451.307315108401,177.31664131012852
0.015012203530359008,0.8674634176537449,0.6151298985589686,0.36520935656310005,1229.6697150471225,8144.389585003466,124.15948663964464,-8357.525373561977,-2.3877577594429624
0.11302501340511739,0.8425251736215001,0.853844560940844,0.11654662372950189,1904.864666357704,7738.76378587173,141.82462912024658,1762.1559249565712,-5.790541474811761
0.5251874408423274,0.16464273970341667,0.050290740641169965,0.2501996237342602,4834.155601130485,7821.394708658394,136.0128022599757,7410.199385988709,-157.4010721674574
0.8903100675050746,0.8399401490236525,0.04443191165024788,0.5279585637686873,7530.348320030919,8805.75434902756,153.98984227083787,6564.478671018735,156.80084176920272
0.4788739228668732,0.7752517704650908,0.019339623930447913,0.6574215599435685,4586.067554744169,9516.928035250432,169.25912157846108,-7397.141668950469,-15.020333368193434
0.748357977822911,0.4718655770325082,0.18760647389280966,0.38628438888006267,6476.3569058144,10118.353963062164,162.6221147131179,4845.008777208828,-70.44482898175039
0.07627008887597608,0.15659542235215743,0.03186918251999471,0.726717010144244,1672.1249779369098,10149.29654829256,154.8202702861072,-12083.355809436896,-73.20422817606745
0.45734311121212085,0.4641285716192042,0.7411958314777962,0.4176939381395549,4402.862768310889,10765.05555106785,163.39836549160816,6851.248168569055,71.4077323731291
0.3515153596094424,0.14040639391538465,0.37051396196589886,0.4018977775151711,3614.3080168722886,9889.165681542232,164.00933607786084,-1902.659455940344,-75.16674766221006
0.702088079632208,0.7766673396382585,0.2789998771149132,0.12620414288457873,6123.574322361275,10288.695376696956,161.662318619707,6302.888331695025,147.7367608660632
0.4094356680114793,0.5414282394255581,0.02393125699416984,0.29249326016707844,4024.462418956789,10997.82273032086,154.09193708307228,-5261.548788870163,-54.62139854425175
0.5247919128619727,0.5316390561259465,0.7460094676476166,0.35501263030884,4882.344199501914,11738.13155577548,146.87330952062808,2073.970643263725,-2.2730017329064083
0.43810484641068465,0.21264484158070293,0.30074209287460396,0.4615321770919617,4246.8654288062735,11581.567214915962,147.98789546115853,-1558.5322771526917,-74.06893713771132
0.06407142566862176,0.17700723592693454,0.0415768581582749,0.13833988729897198,1502.570431661492,10096.086572129969,132.59490899691144,-6724.684348246016,-8.274882278572264
0.5017566333267283,0.8362874788534235,0.022835848969634802,0.4104658234937192,4718.705039548898,10137.227014759275,134.01212907227108,7869.069185202571,153.08173202787407
0.05167594199096057,0.11236127106306612,0.29328914083413693,0.18697765697077975,1424.2359627666722,8884.674028245785,125.66461033198672,-8091.925514219197,-168.09221713819085
0.13112918219811637,0.14797481851758684,0.023490110000479198,0.44031723790585864,2025.592124463704,8983.304275107272,125.46444401723954,1428.476524312914,8.269296079304482
0.422109994079983,0.5038965190949767,0.26988271223052973,0.7882070528277035,4190.618583327901,8919.959242770765,126.38783681477916,5231.495376589099,82.64332349599687
0.44943378106992654,0.48798567897572487,0.04424406852863641,0.1510008125761456,4290.218674468206,9096.00513591419,134.4584622498538,491.2497988589967,-3.6944212868596935
0.7573700136313077,0.8150460463441722,0.3181419553408838,0.06308136199498349,6515.089378930643,9195.395600960595,135.34959753846067,5536.33405072482,75.94185940138547
0.38710697981461933,0.5113207762090124,0.2689340513086592,0.4325265708162601,3889.011298316831,9155.251225696911,134.65051658379778,-6656.897191971064,-70.52356097694928
0.08749051336293157,0.1835636523133163,0.23476602631689994,0.40522350583081745,1714.2924913867796,8369.034349450118,126.56837150761348,-5386.754366567382,-76.10364294812052
0.04659856454918526,0.17184694942580317,0.37161966251319545,0.30365709284111186,1409.113724161008,7665.151749694521,125.6210638852228,-735.1895122406981,-2.720562599775178
0.38346144209919214,0.5393787149910267,0.04820496024130984,0.7807200804491108,3907.150578990933,8239.377721324428,134.0351570190313,6056.4013656090265,85.33912528341966
0.47506406058969214,0.16631742116696926,0.02835668012956294,0.34923749397490356,4487.1423496107855,8191.38759099248,118.4787714094457,1646.9081655839927,-86.6230554060667
0.48607295937817335,0.4952487599675838,0.3556949363924114,0.3668084434889576,4593.100607787067,8972.382727189954,127.36923651926436,197.92715107502957,76.37629005585114
0.4595030787706172,0.9268504687552969,0.2429477419826746,0.4546186938385851,4431.3480804609,9562.760666752862,145.45435811239238,-477.695442032742,100.2158609123984
0.41261575003699674,0.13047052845074,0.17842072421303093,0.3949984814361489,4046.977930147655,9545.691124093377,136.78358448533882,-842.97944563483,-184.91562870581865
0.07215896448260078,0.42319153857111114,0.20387058446646694,0.418846675049779,1616.2335145667175,8867.395037861617,135.2790954088322,-6121.015636863727,67.96842421860912
0.491323246455492,0.1373176833177859,0.3517507773795463,0.35881670379657704,4612.999462861534,8389.074002383233,119.54256564480237,7536.084558258544,-66.3785474738462
0.6624776542190891,0.39970627608750364,0.7073430184275034,0.11067256758398278,5830.836000033118,8884.158334809958,116.95093011782495,3077.156487080043,60.925381393574696
0.11180673575506789,0.4593469388566732,0.318947180545992,0.8940763449569518,1973.2897393632968,8927.876064579788,123.35448666625072,-9900.420393136334,13.848277805911463
0.7966744590573889,0.3891979094132524,0.05173525661824275,0.12648873124729795,6779.570987884017,10276.424977077731,128.401272425385,12313.122315040431,-16.28827049269026
0.08914007360923759,0.12306984328989859,0.20634541832539358,0.3938754474270697,1720.9602202651563,9747.269508533753,118.73477872678882,-12720.642444810226,-61.79366929388497
0.07841515437040819,0.8002393961234745,0.03753454425486827,0.44335027933704263,1677.6035995354582,9034.141070409194,133.45414502633267,-192.82153022174543,157.2355445753337
0.11128126319708972,0.19994231025802392,0.03840640142475818,0.3641186901362635,1874.925439590408,8360.30934484808,126.59726992874502,590.8942767094309,-139.38612391546374
0.36838217578848903,0.5613213685893392,0.3450671807188333,0.710942300816274,3798.069400037973,8196.484596549844,118.10985833703526,4622.374330596066,83.91049597117723
0.12273240445027717,0.49544246478130394,0.5532750577691297,0.7837788474525806,2044.4367285819408,7675.308175197778,126.58433284988357,-4416.496176173156,-15.296767660237975
0.8585832971247767,0.14236612605800772,0.032013346979172824,0.7943490549089551,7307.045070388212,9089.207337017766,120.06370053817916,13229.74019485683,-81.98264402691827
0.4322024928314137,0.43607079440613583,0.3412999507045407,0.4056999516255646,4208.033121991574,8982.915122337165,127.00060547121834,-7665.82920674735,68.19682497359018
0.07714320965611857,0.7551622464838228,0.6500818831550308,0.6642791181619907,1714.4467101684984,7930.552108884333,135.25412378785697,-6383.551500642269,74.0915152295687
0.3251863910359772,0.8967960180821916,0.22354804451845392,0.35768865478548273,3449.793525155043,8314.18382426818,145.411483035358,4459.526895230468,32.88668711453582
0.3974645754751664,0.6392373792819921,0.030715158515024567,0.09783277501914248,3915.6269869377775,7596.451047751992,151.21728042326882,1299.4773960400653,-59.80388908859263
0.11679882188652307,0.12367953193687645,0.5780008004472679,0.4634274909797278,1939.968895551601,7646.1782489372035,151.23143710323586,-5046.042667796213,-119.71007637332252
0.3618531821449819,0.8231070414786615,0.6483437591811079,0.7471530551015741,3776.752025123092,8155.766741134488,151.7624129357335,4405.791379898952,162.40373610063932
0.4216036980799868,0.17729738613215532,0.05280208045275696,0.5021001091179795,4125.439743071064,8713.690259473162,151.2366085840908,1074.244538123345,-149.95392575686645
0.4718009597213068,0.06544895004940601,0.026712921936746594,0.13932803484990955,4429.319554558481,8899.625162361759,139.72268722676478,902.4881760953105,-25.97067408565641
0.384457168324523,0.4824531556391266,0.6092250706938955,0.46312587616884704,3882.322864344911,9370.175740350684,139.42108165574032,-1570.3394251698865,96.82639020277745
0.10443465001086383,0.4517904753799241,0.9667568938270903,0.06125077397719625,1820.2525801277127,8014.304494022904,146.60576765748334,-5034.478048310221,-7.11972829924315
0.468932014896231,0.18096669227566145,0.32202650911653546,0.2803315325500828,4442.101667326199,8080.339887774031,140.68237192091448,6553.237194041728,-62.8839924095291
0.6992066230449829,0.25642525840046804,0.0600179275920878,0.2736472731675662,6093.460397839239,9198.73730031898,129.10193662328365,4140.068687295925,17.521119618949754
0.7384600446043939,0.3835031739565563,0.028925321085046314,0.06974443877122719,6352.017390632663,9941.755093803937,117.18352128180842,705.7307046305577,29.50688667609137
0.08161775933856164,0.5046428875894406,0.04484189453286447,0.08178343168257715,1636.0783037795295,9373.899382754556,114.05830129671564,-11809.257649303305,28.128064475231568
0.08520033369519009,0.1886585312300815,0.2856241286364127,0.07532885932467806,1652.901359569075,9317.088989034408,115.56708270856066,64.41050549614056,-73.37006240394373
0.798143801386805,0.8291499180416747,0.6920027435807525,0.04020457103626229,6816.057450810972,10101.488600352914,115.70739542392286,12817.891430285455,148.71904913581074
0.7968925227852981,0.47771305010929654,0.31850694275258795,0.36527861763742964,6826.313415342117,10776.214104977758,122.68290404310842,-22.496528813266195,-81.6019667186331
0.831541788108304,0.5157173202255461,0.3349278907187255,0.055956321001964626,7034.055158904579,11422.986126921583,133.13792112021156,622.953349285126,8.824410493519594
0.5379725922274226,0.41272097599692414,0.32115463529856847,0.7631935153219008,5017.49853183144,11698.988941398982,131.51877312476685,-5278.031499834162,-23.915260522700976
0.3810427919534673,0.17086504644680536,0.27763448355734793,0.14425893989066815,3789.1441854870495,12196.298096027062,124.99581847943094,-2821.414646803414,-56.1577947981552
0.11663266379612547,0.9666447659130105,0.6520254339355471,0.5036514010733014,1985.6401954365488,11562.904981705904,143.2388891036692,-4753.785495450626,184.77626028621268
0.11594934639313653,0.14279507588055437,0.05602526555755622,0.5004441516344852,1925.5693061241016,10514.276473718628,140.60045039154002,-12.285249365277195,-191.29397374472484
0.4725407131429126,0.8519754953803473,0.8214585500989111,0.4293329307789402,4534.025463596198,10036.184552780836,151.47815454544246,6411.096575125392,164.66831533640783
0.46550128590207235,0.11510681416600857,0.03191031144871596,0.39408366450421706,4422.420785276864,10726.362328207846,142.43331247004525,-126.56068565525312,-171.09739781776523
0.3756684476036016,0.18209038264701674,0.7380096058870418,0.33287953915344837,3790.340559288455,11248.590094750518,142.28080318858264,-1615.0895833472405,15.553265535402652
0.10231045969286134,0.8554095725835519,0.8328130623281647,0.5215322194107722,1884.9880629835088,9997.562961241012,142.890539858664,-4914.657570236353,156.34150865125008
0.10448787530203349,0.11016631846390576,0.7531464353365793,0.31295391129298145,1834.401778351504,8752.70021973897,134.3562798250694,39.14739126139193,-173.04193375539245
0.804138598899901,0.2043350776053672,0.6034606284090775,0.44304644276802774,6884.567182984806,8703.432483931785,127.126132473553,12578.9034062337,21.865537314301072
0.39489624645757265,0.15073025508979235,0.024126404009061256,0.09801352814592337,3874.314667320608,8446.19791353059,121.04283272932464,-7357.699845774285,-12.446784449820017
0.23284582374632723,0.18512719622239912,0.23779983144869613,0.11549515742832714,2718.884243799516,8179.757061645508,121.37399305355908,-2913.4774616422765,7.986805886472453
0.40746610258189647,0.4151057034873592,0.6194409538809476,0.3155327886625079,4024.115503945108,8702.64163967843,108.56751874115312,3139.468803729422,53.39991391980874
0.36594463870538335,0.5719975448134934,0.8180676082015488,0.3609813264566528,3744.693679373616,9152.10399681541,118.53339562580597,-746.5074583246987,36.42953822586338
0.8057006916597265,0.8077555264122062,0.03382963976423817,0.789339765294954,6956.981218980206,9751.086753102045,117.50662900986526,7906.300566621949,54.74188033047244
0.053099936677521775,0.12160831233903882,0.041457872241534494,0.8791470468861384,1525.6497629618389,9009.63726101552,117.65759070055474,-13530.883169386843,-159.32011475146356
0.7778463561650921,0.8130526967194136,0.060408537169426665,0.5424851306839299,6722.804297446978,9732.706200028551,132.30823508415838,13030.094727648284,160.5500924645441
0.6720164072668029,0.2111092690200427,0.02091399863214405,0.49804680372653687,5926.409267140639,10756.970999990132,117.34788893791652,-1902.698960750833,-139.7683966472049
0.4682911787462664,0.5681985405251901,0.37278361737231575,0.0641894822811011,4426.3701129202045,11411.046877931194,127.9831789576017,-3662.741828943812,82.91442790387832
0.3898058155436202,0.7040103418171174,0.2271945414387625,0.37445604303136726,3908.0206316683207,10666.124892705007,139.58540058000045,-1411.0752254387644,31.53485334143687
0.10367663223697346,0.209091652562957,0.03945928255025996,0.10012284175540723,1783.4301941716692,10142.5460163131,140.94052442977667,-5144.268757431493,-114.91776217604598
0.5409579818786121,0.16669552724902584,0.2446775041780321,0.432816114835458,4978.803368987031,10696.495715028746,140.5125498558559,7861.808289433242,-9.844178350497046
0.08063880481989666,0.43785997449850966,0.33402940448188734,0.48494680936905066,1690.8185409683906,10108.898379614357,141.0408931900891,-8276.00153757094,62.96309300134838
0.6924519916713976,0.9039525481616352,0.030093903455152345,0.3748025283138883,6088.4061017129625,10695.920491628229,148.74873024619188,10999.687015957945,108.22447544455908
0.08650836458577746,0.43341643694266063,0.6660952239974411,0.14390592050348863,1693.8516301295376,9402.896628771863,140.0567548993552,-10894.159182080411,-109.25624369892208
0.08704278760494308,0.17046370642957906,0.2622204042110107,0.8349878793601371,1771.878558347008,9463.921913066948,141.19115387862482,9.608302127642672,-61.056371490400736
0.8080787814664923,0.1933213701320908,0.2592907770149835,0.7537166331317325,6946.74287310526,9518.276285152337,126.80128767471707,12963.3856055513,5.307440632770977
0.09370131398820317,0.16773014497177632,0.2410517079630226,0.7937249496570926,1813.228696291245,8478.533246038482,125.7940450772924,-12843.673072743246,-5.942160582374768
0.06613605167523312,0.48630555379419815,0.7024060757541968,0.17004819872913265,1554.4912125169794,7755.50526548633,123.89252893385874,-495.591243326774,73.9716924437885
0.44333165303716787,0.5104706460381755,0.6029922004711175,0.4593218037225323,4306.312890437528,7851.738473980244,119.3986293875179,6781.536665021856,5.611019312365272
0.4875039427440708,0.3614342593861669,0.338266984045058,0.11055905021910975,4560.529569626671,8541.815179499134,122.93595215190392,794.1662128183034,-34.60553906877702
0.40529327825866585,0.08237243319947152,0.2900957934955839,0.23405080604477338,3972.449865860952,8297.905876626539,120.97801007407736,-1478.0517944816274,-64.79682677262355
0.1290096997538306,0.14967400512452564,0.03649118715035607,0.042733936077523765,1954.6727530693256,8384.871100062333,114.28646913815088,-4967.256274487046,15.627104420349802
0.42038923634886344,0.1635026374257714,0.03473844772160865,0.4942838206999227,4114.463673092904,7895.734020057976,97.09357491274795,5238.663981556451,3.210942549794183
0.4015613552810416,0.6733569930426705,0.03898069801772451,0.43458334256344433,3994.430456121724,8462.162525615926,102.66488033341052,-338.503326457374,118.38575276173296
0.11983484378544013,0.13136125487863096,0.04182871088427722,0.41437060737116993,1940.4409180267528,8521.118815272155,101.75694003424664,-5065.113856889551,-125.84882868866524
0.4444913100981464,0.11805895626068905,0.038055952872146456,0.3805815817966164,4269.727841823564,7867.430978212493,100.00938263424165,5836.944338392372,-3.0887303756402678
0.7790061464517954,0.7912009236424402,0.33548009139103974,0.06769673250963879,6670.708819185336,9099.529080970886,114.48607713429423,6014.186325437326,156.3003584182015
0.7757799599318234,0.7369480684624122,0.22271020281227652,0.08375976032772323,6644.143628666436,10375.3860012465,120.30587693519776,-58.00306815454314,-12.597254547702477
0.110322677617513,0.45818155868921895,0.18589122188540377,0.3953260465587404,1888.4982355138548,9776.674730904086,119.0917492340545,-11964.14524115846,-64.7282557081025
0.4031198975269859,0.16618594889845537,0.038523965368876416,0.43612690154538747,3982.2914787261047,9624.962066568582,114.55817646804827,5264.152272887399,-67.79998971740672
0.7275557454695234,0.5647896920429198,0.31735997993788906,0.05626908389948168,6288.074356749052,10204.352369440596,125.7596754263795,5832.977877593585,92.55389047075114
0.04258083009699454,0.44280544841070635,0.07029157277019124,0.09534139999797189,1355.0870544097102,10048.963349426063,132.566047910847,-12315.049503352517,-28.32416031828754
0.7687681563436879,0.15553676645540168,0.039930980699337995,0.18086373352956617,6575.379630934028,10675.307986196804,132.3810841813347,13056.000549409162,-66.70241959000414
0.41389204990276,0.5353828772205724,0.038613171303492205,0.07379177563020414,4025.767604528847,10697.4771359378,129.1773909337856,-6380.2581967548285,88.19845758136513
0.8142531051930026,0.17148917975931835,0.04465874935357825,0.1136897779318157,6893.876520046016,11945.960120254847,130.10914223519765,7198.024488870982,-84.4943831990537
0.45447458309494987,0.38740766527667947,0.8026754143084729,0.43813584616247225,4383.252362204436,11963.908879895813,136.36329095844962,-6468.397908368457,50.13524384275927
0.471248524846212,0.10250649467905887,0.030209904195461993,0.3653982404877748,4459.071533780477,11410.596596475105,120.372134366879,301.57589482061303,-66.15269473002478
0.5065566949241782,0.4245877414721074,0.29293390824150795,0.721145795042569,4785.4078651407535,10926.564588643085,113.1192763621836,634.7996877323058,74.78573132105008
0.7522795209657951,0.5574487189000027,0.7871619987468008,0.33007654307855494,6517.143496171206,12080.728066374297,115.42421253789875,4417.809614473881,30.84968609600256
0.43206160008166644,0.5408958113074074,0.2139605485822296,0.8428457677081413,4270.072727443326,12132.761869609025,124.12479705577648,-5757.144472077436,-3.84350629578077
0.6959045473010839,0.35459193559260793,0.03238105137378021,0.44593949150791456,6097.826827089661,12075.85670950214,119.24410527545646,4743.588244177419,-43.258872511226286
0.47804388454432206,0.7731673326681067,0.8081362376559931,0.07979879690914596,4520.241271851746,12858.76845591016,126.9149508651299,-3916.880438203432,97.19121338164705
0.3666194750113892,0.8147237492625039,0.052729434022137714,0.06933882097891797,3698.538659675185,12135.752064043932,142.22095861236818,-2003.2808333333069,9.64920198564414
0.4027028577355111,0.44737965094593446,0.05480412797149212,0.36228729984387775,3982.378225783268,12115.635202484522,140.1775656172493,648.737106313305,-85.29554984220616
0.4599221951120846,0.7954218646663349,0.051794705348840016,0.31692783631034793,4403.550687244946,11478.58958223122,154.6649853600881,1028.7369019320922,80.81374418052314
0.4982893126248817,0.13410916556638966,0.8041855466776617,0.6037987307233572,4710.0077375125375,11557.363352047834,148.78351485164507,689.7959923307117,-153.55365867005943
0.36830149452064104,0.0971791555232619,0.018830687300514078,0.5178447280284008,3739.679385939861,11372.276607083892,148.65981657404325,-2337.029252984972,-8.574972421612735
0.37466175509435634,0.43092290129382027,0.5990719263001634,0.10848557958331226,3759.151919655312,11135.14489951434,148.80691596744782,114.3500616762376,77.49370803111447
0.4488750013380414,0.4808125985973921,0.03286070564270999,0.23067668103531594,4296.798389581078,10589.658985373298,147.027461758454,1334.2675487589495,11.584150072018303
0.06612895561293572,0.5481434194202087,0.613530999926569,0.28413485264511806,1570.9616860165308,9931.754800798271,147.19574776654702,-6881.32717641727,15.633895875087632
0.37491694811619397,0.07767078383596615,0.05769238843820265,0.36264349074526514,3765.5159762980857,9354.656561839502,140.7657705298733,5551.647700339978,-109.24150495889369
0.35803383475233747,0.7031569441028538,0.04674820835680438,0.1014673033562202,3635.983244528356,9138.892499401636,139.1401626557559,-303.5386729943657,145.23490700721024
0.4243960387965177,0.8568809103175646,0.8555452175349689,0.42388862633444746,4188.1913866521545,9242.768017640214,140.11903185454156,1193.114973431093,35.693972714674885
0.3806897576418236,0.5417784491097939,0.7188452908806113,0.09746540445109006,3809.400029202329,9203.191032951863,142.3109269824962,-785.7879229559403,-73.16529055051632
0.1414342495788975,0.7798848217758563,0.026944134528509182,0.12302856440371643,2084.360014276204,8630.586879509381,141.95016424740982,-4301.53478560926,55.28716555011266
0.3314141140348541,0.5072065997566598,0.04365353886174111,0.3815737992721351,3474.89557943591,8330.564749443449,150.61330895010502,3415.6162260962365,-63.31458429224324
0.7978722958729472,0.21175060502209517,0.23893555974190916,0.39613712246088195,6823.168196907244,9102.882912506597,153.27360343312674,8386.373678305808,-68.60347461834787
0.445491672427688,0.2988828158143273,0.02826843473399107,0.4307456720457521,4292.129335267914,9230.226836890157,150.20769554354916,-6335.39232511963,20.23168430512176
0.7739389341382161,0.6108780575093802,0.37856020761734843,0.14088617496265712,6637.412391284987,9814.65384791602,153.22775354481217,5905.098415181981,72.44380898042371
0.09685596752643832,0.17005530756679485,0.2739107409237435,0.26674599101926055,1762.5526236037067,9869.897429003817,144.44872768401098,-12173.161475797937,-102.35694274555377
0.061579864332723444,0.16003072882413336,0.5994366222410068,0.3633548942854231,1531.015331127302,9306.553923799547,146.36108637574793,-634.2231625806385,-2.327659433512764
0.06953413262026709,0.4440759561439821,0.04973786242925793,0.4365607329061927,1596.5739976098143,8787.865131885668,140.3453492445718,143.008459909473,65.9539487780798
0.3630385494091945,0.31001739147030116,0.02904208369811298,0.849429482957043,3758.796197523057,8677.551527365513,127.647438826933,5276.866847368367,-31.127760149952024
0.10205584344002255,0.6517293201251775,0.038392069633572654,0.3622698618780795,1829.299747990952,8176.600270655351,130.20044567851022,-4692.164444856027,79.34388214164409
0.44134868464328064,0.561538768080568,0.27157060388952087,0.08106938183403131,4231.892667573919,8715.811420100023,125.13055431747748,6100.089275939088,-20.941816575987417
0.03929410094821573,0.7525959932074875,0.29884589202245815,0.11665452907717669,1355.1513920979128,8190.613731637895,130.8283791459565,-7228.472152971759,44.36257760287447
0.4678517058762946,0.7758479202256966,0.3239598459732519,0.38711658968477713,4477.083237055202,7597.275229493765,143.9264501059366,7704.965541485792,5.3989866966634565
0.05368827808020413,0.2048879212245515,0.2412930850170066,0.3610302050519927,1466.135556842465,6892.858456166139,141.74393342657896,-7446.175036954607,-132.57419208825615
0.36981466284358916,0.49188640867219857,0.042718717947376084,0.10743150710583307,3711.624857150736,6166.290184130526,138.9810040204145,5683.583428102112,66.63968171235588
0.052308769352894,0.2783308215467748,0.03048781874813287,0.7341594741490167,1506.4719401124512,6086.199521183476,141.4951098796601,-5708.385384912299,-49.586590091453104
0.4824512438842497,0.46089143701925694,0.46816380366811666,0.11889726663243813,4533.572685768565,6842.877139210183,148.48095221359728,7733.459647156942,42.38970531340249
0.1532976016641452,0.7925404675489136,0.028140121886424133,0.2977249712286426,2194.952975302968,6993.474080017407,156.5721321827294,-5917.798312285375,77.00732513002976
0.7724220146884997,0.48675741844296694,0.7167232611842549,0.17028782292000985,6634.219975244014,7729.497769005599,160.6759514216514,11131.13432917806,-71.00136745205359
0.7339426334316059,0.3217563042476469,0.2755487357859204,0.3443594885104694,6362.226865001301,8865.556466137408,153.01413517052708,-691.8143634198623,-38.31247275881891
0.4513582428211979,0.5533477921687809,0.3803837929632542,0.13009783268337874,4313.418667054944,8883.552483466116,152.82394461150028,-5080.537522091932,53.77444034498798
0.405205770884234,0.8354399692477632,0.04293630528488112,0.09338103961450325,3980.118412019002,9541.418958279388,154.7475422737065,-829.7675781261078,65.50045981520393
0.45603915755261953,0.12931535191216834,0.04367051755014612,0.35825611217757414,4350.301222926177,9520.181375106336,139.735364003274,913.9249616225206,-163.9587726297229
0.054854071156678286,0.16839334035779543,0.29982442483893706,0.5931401269459831,1507.1995340260598,9522.277334991177,138.88797721917814,-7212.839606375631,9.07372277510956
0.4541309787524263,0.7111505365885232,0.03604617511178426,0.4551121476906258,4377.058193911179,9673.868229935544,143.97918582631286,7178.532778697355,126.02563562466231
0.10133437164562978,0.35209162401758676,0.02037312330701752,0.36125051217766935,1809.555306524485,9762.010540787664,145.6918765248656,-6342.871225834751,-83.37176917727339
0.4485657569476745,0.5984358441823731,0.030552079592890934,0.7257584685781524,4369.848628973455,9701.088390252828,148.88559214203823,6242.8150332873465,57.199954499601546
0.4182594348438275,0.16694422930227096,0.018663463810801466,0.43383943717656104,4090.332318119557,10177.458841035275,134.35954548306125,-544.8722991125032,-100.19029763146644
0.39177348920945226,0.41577167641998647,0.04929509922819478,0.7077975526742522,3950.924582717648,9493.097219981875,132.71129036624998,-476.1863891804569,57.776547969603484
0.7148298066401466,0.4844996777164704,0.5136075790366199,0.8695339390967709,6313.025532440624,9458.734588182751,136.49011397790258,5808.175529122918,15.95831452581973
0.3388252720665778,0.20476647554325242,0.6684342894251099,0.12379494155916185,3495.0048336361488,9256.413441159611,128.39622184718652,-6760.122674332068,-64.95271707869824
0.510365847479034,0.13226030737845237,0.357273186883217,0.4110860657339005,4757.2397471959,9445.478985017811,112.06872504735728,3084.0993306872515,-16.835586875928115
0.40314718601427874,0.3522911473804633,0.04616188553827179,0.392965737280503,3985.2492817215248,9350.385393529088,117.24611680705326,-1927.666391846691,51.09011296552925
0.45803392660893166,0.5778379730421555,0.31862330827195673,0.10360506222686947,4357.1210479242,10075.255716108515,126.75322614535438,986.7995343058756,52.37089856116107
0.07713748009433419,0.141680090639866,0.6528817440713308,0.14257466282530454,1612.3601556510027,9397.465406679228,113.53039364888193,-6848.073541389798,-101.2737827230734
0.45179189393283375,0.17438095267198708,0.035246376609571445,0.9027151553176471,4398.461892983635,10027.547127765609,109.40403650997186,6735.849079321895,7.592984398350623
0.4318939635745533,0.7563188839508224,0.7925714459173134,0.40816137899772387,4233.485597471784,9997.573189145096,113.07000548824666,-357.7415637815229,135.12321567145025
0.8049785310470581,0.14244022993676506,0.06169824037649534,0.10971553887850224,6825.7383528953615,10692.84898782809,112.50103429508142,6707.62507392256,-142.5396993458671
0.4358414460098649,0.09456770005284451,0.7638975857478691,0.1808462269229574,4198.268625680771,10772.078030721368,105.04283096439174,-6636.653947077661,-11.115773405640866
0.10146507335892715,0.15340993758276847,0.04030645626722353,0.3222795584711997,1796.3183419225563,9669.31982973517,97.35508490797348,-6011.6969096718185,13.662887268534009
0.08874273333470364,0.6704837657084325,0.28100250006497235,0.12379400245772268,1707.4649686596167,9219.700613718747,108.1688185483676,-228.7328246342945,120.06207988942543
0.4580445130083543,0.5202324340387416,0.04902390823114408,0.05838885874450905,4340.701236236212,9125.63296107523,117.17734652488656,6639.6149644162415,-34.88764351467981
0.7136716763569619,0.7839921220754141,0.2999574893368707,0.2941994341531823,6231.507340429777,9683.9197515475,127.20123752320868,4595.878039311243,61.24374318356095
0.47304053183880973,0.1422485761529759,0.2595676856551654,0.3539575008307526,4478.518284151168,9710.899876240492,117.08705921372646,-4326.267123486934,-149.00979451688238
0.023258480917834556,0.6429505603716059,0.4441595655141527,0.8045590734029491,1335.8389522450575,9614.031724260236,128.72632074844788,-8086.556308122255,116.26061571896308
0.05975312376810288,0.15981119433675764,0.21114295052739196,0.2547046816175642,1491.8191222907303,8909.191772685313,128.3880178999833,656.1310833752163,-112.18265943350931
0.7298782132315815,0.796530821834668,0.060708305459358486,0.3620627754927991,6351.616107583027,9444.932674051004,129.32171994331037,12048.0669656246,147.84326458936675
0.37615234851863905,0.6979132339808711,0.016607560567632313,0.4387576832327793,3812.8129366544617,8673.953248724307,142.2195385062245,-6359.578193001322,-22.89853414999658
0.042923128830645696,0.3800793616152569,0.19142001067481115,0.41164545279645914,1402.6210223028957,7967.531974274507,148.8489832886315,-5991.072438308665,-73.79951121071223
0.35782082339771376,0.1323332823788387,0.03589740901930423,0.34668630398402467,3642.2535297498544,8428.429692036876,148.3595933943356,5661.493012449884,-57.52545949849521
0.07787084084303095,0.5521954818243798,0.370528624872718,0.6533544925477087,1700.998352378106,8408.883298260214,145.61299578734577,-5033.173940024635,97.49000276248644
0.33411326302130523,0.8645155581379028,0.42910397277533446,0.1021579527981312,3482.0987522893847,8186.06937553827,153.6070859349772,4606.939674963403,72.5192340315329
0.7935303139120302,0.7329554961480432,0.18651271274757025,0.2892116012229232,6799.609045030601,8329.645885084767,152.4220397914525,8259.782361995682,-30.54761972800054
0.10693414794682218,0.871549968352486,0.39667248871721145,0.6941667403569963,1931.3202076758016,7671.429337304888,169.356070726866,-12344.197696750698,32.18097627249966
0.08257733665149561,0.3338894589504309,0.33891659330428076,0.32004269775430805,1676.791641047772,7778.07771645684,162.17981916835066,-437.9070388039386,-124.8422092203254
0.9028414536846736,0.18782628954108668,0.36198057375226456,0.500048884972578,7595.007559002744,9293.852131783373,162.83031633443707,14747.391445121026,-33.91517218749165
0.3935251667760065,0.5080634105170595,0.022351817152477763,0.09754573179465395,3880.933723301014,8689.128612024833,156.13224045064015,-9156.912385226133,74.35753409053373
0.594079663782433,0.1184230209158518,0.2914609689874484,0.3289894944359616,5345.224831171216,9080.93648927341,142.6767537344872,3605.735777069831,-90.47264247355776
0.4653407713803945,0.4254012374853784,0.6493797125912948,0.13883246773008187,4416.687925990544,9840.394107697352,143.7291061038155,-2314.5750265549977,71.27887964410115
0.44410680847317546,0.7831067509480345,0.03575810971851405,0.3909572120410427,4299.247878424601,9995.526237911485,158.8397560580972,-381.7618696482277,83.0575163510384
0.07892368287355012,0.16178993016208085,0.6994434850277329,0.7176830213181566,1708.59482049158,9997.419124998887,149.77472511215603,-6565.566371291892,-144.26680623974232
0.062191361892428465,0.5837938614398107,0.2627903568536126,0.26500359035989096,1531.9218235950675,9508.535284394797,143.25650103227275,-300.8276019515697,97.98730269211173
0.05192653405590303,0.1787419253250084,0.041205232544189244,0.7891565835857531,1507.156254236255,8175.218245210298,130.3879259088403,-184.5496238084156,-94.05113016349183
0.7306117131979033,0.1758985488607737,0.29320810603146613,0.37827070571644483,6336.772428897802,9296.517714406224,114.23523131105688,12201.96738705361,-0.6602184710104808
0.08911763393258565,0.2171145340283265,0.7691162709263395,0.06910595393403995,1694.8568379335225,9308.276405560551,111.5237731782983,-11533.314819219966,9.570155429923387
0.958843490337959,0.10083212314658097,0.2929617275344466,0.12267898649417622,7938.541930929581,9408.961531131712,109.50381007294602,15636.655789289349,-27.000221913428906
0.4296104016411127,0.5361362055241823,0.5357382252079184,0.42554667290200754,4202.205210293381,9473.838571696357,110.15564700096893,-9514.993235291258,101.0755344242854
0.8582264808809548,0.16212313443263685,0.35831028213708416,0.7071980783329338,7302.099522996216,9948.743718690264,111.17034282095422,7706.0168413624415,-86.8440535539333
0.9026290650378175,0.19392644289582114,0.5729048150809855,0.11024900929929396,7544.567299282249,10734.93703216349,105.79560835002958,798.3066382381985,7.38457673500136
0.7749611472006062,0.1355040410420206,0.3393519374256072,0.29593272746923927,6643.4890721919055,11329.774517213777,90.758581901565,-2295.320153877641,-13.565403424360582
0.5212947993606378,0.1961879184474469,0.5317997745909935,0.3046175830836708,4828.59318190373,12125.106152888196,91.55728680460054,-4560.624865050548,14.090507275258432
0.30814448525154675,0.16090368776238476,0.03889659258039499,0.121758353383876,3254.667829214771,12567.301162033078,81.73797840901632,-3832.193867246936,-8.192830294085795
0.10982108763626144,0.6511765933858303,0.6795279763922153,0.2911714205880427,1892.774043712414,12671.388812152183,92.70768636442796,-3565.623214066175,113.83903334646708
0.5577495584888963,0.6491728753949015,0.03980937888948956,0.09820724073872802,5069.086935556022,12360.60283375766,103.69689078963142,8053.231101917259,-0.4652537730923427
0.14917128999290624,0.1786862093321461,0.3297855620872161,0.3808475055196371,2156.8267782792705,12468.57229813402,102.80460339492534,-7345.760391511074,-109.24476276917235
0.10857940712878214,0.3987699647059657,0.26125840137102135,0.1383937298523111,1839.0187376134668,10939.896715912311,109.72257815784305,-729.7946766913437,51.102399662809006
0.7778952470148985,0.6717601761237009,0.0425738914948011,0.07809754048506437,6650.558890786855,11566.072217494437,112.87170215277922,12033.51760274704,63.387026744470575
0.36055699089429166,0.7961480850172145,0.038474260237543564,0.6349354180160605,3733.5121197294025,10671.320560470504,127.59345949735606,-7503.254744698068,28.882279942473048
0.3894623163250583,0.7689593965292556,0.33077214905221636,0.12457339113409074,3876.156216365114,9748.70664103448,140.9454507726544,519.6840141172288,-6.313083957783874
0.0930394914857359,0.1373952873927892,0.03130461562191087,0.24275842244452064,1723.5098300996078,8522.691095199567,140.98936461205324,-5329.336417866507,-146.6461777833553
0.0655678598906376,0.8384858911852423,0.34352897317328035,0.07226600605609787,1543.0566057175672,7703.347248639567,155.9032175903014,-493.90787230143087,162.7898986637517
0.6569720096573683,0.1296604072138983,0.36605083077524625,0.16919494978147795,5777.5439047033215,8330.498423781984,155.17776349821992,10632.756349777255,-164.58590099738257
0.8294470389905388,0.14423816665691833,0.27651495892187206,0.23559032208916755,7025.481229637606,9624.301892483503,143.40689470186797,3100.8997215248346,3.384886303762684
0.3213140434682251,0.475253858012628,0.2730329609713185,0.41061287855648254,3411.204517160659,9199.21843227436,139.3685779618905,-9135.638187189392,76.86026679065263
0.4868876930531107,0.26372354896039196,0.6979789420977935,0.4267836271391562,4606.117427126856,9806.393108082546,141.34310448183447,2976.8209686622704,-49.116330169958346
0.12206370441159664,0.4749211041111331,0.6254793229137503,0.10316272663387979,1944.605292673984,9830.63630076435,143.11129766540284,-6559.109507955198,49.03906629905306
0.4547320402783825,0.4557671171497456,0.03848016559750281,0.43978228647703743,4367.424497585578,9249.62657335588,138.09604172098673,5980.98840184429,-4.44746453537428
0.37279216498181517,0.17641478938514735,0.04845257529968486,0.44742772675017206,3766.532553380307,9271.623988325162,123.70612979679797,-1473.183320920527,-64.86427985525319
0.45868597069726375,0.2016399860964335,0.038153602167750336,0.8509450507332221,4442.080172537281,9396.08003938114,110.53324332039064,1544.270374984182,5.857170520030408
0.5379931348994542,0.6776973994904173,0.035149962031737966,0.33629489789500444,4961.807606680512,10196.054757047534,123.07880099872771,1425.8502482376462,110.53826376408873
0.6418081022576858,0.8155048180813205,0.04477762676851691,0.449289634544654,5731.009698993288,11232.067456390632,122.54519142793406,1866.4719444656369,31.99822617244413
0.06924827850204793,0.4623222923698014,0.30694609865166983,0.453074313946469,1604.7934290260268,10175.408784512632,130.2694419429008,-10293.957362433744,-82.0073001397783
0.08255914856685354,0.7526174306210361,0.34005989880433574,0.4088475614726945,1708.6715854868285,8832.591531267699,144.39571866007745,239.31390785547683,67.4051483258618
0.06596187143647039,0.5146698173957789,0.3671147965504454,0.8548186047970272,1641.9522848136914,8373.498129628399,145.3109384617705,-298.39967113301736,-55.2503023641838
0.06563465532126544,0.3186290217200959,0.22816867875948815,0.012777549913289415,1507.8160257363909,7616.134334739079,146.5858173858765,-5.88296383795614,-45.51973894582844
0.10367942701414518,0.18774304054506538,0.8225696795346302,0.4344378777422977,1851.25214794139,7583.081549717039,139.9176795427095,684.0005907176151,-30.39110137367709
0.3819726226311532,0.4729375043524373,0.2391014669682297,0.3460352240406006,3837.274409761329,7452.268608972571,140.31636775470713,5003.386844620015,66.22079601627209
0.48975548516705397,0.4772253643254275,0.7832356265584053,0.8237746325272117,4695.039634164804,7662.555007179477,147.301046018347,1937.810068593193,0.995620661169312
0.3669409607993385,0.9869607039200011,0.036387588818800026,0.14978085207494937,3719.751781813317,7497.608187489878,165.5358190108102,-2208.0618039808687,118.35811780826344
0.8563082350606248,0.7574655311188642,0.32551065249410616,0.0901472746500804,7227.956283634176,8069.901585127288,167.38799703090473,8798.252421507763,-53.28768595959812
0.4248168135592158,0.18571695564141513,0.05836314787969526,0.37224463200289815,4130.763681339483,7679.776574393926,152.7646228547756,-7757.7121392420995,-132.75729578979167
0.4534056982542904,0.6327879137783857,0.267540287490324,0.09846221758658344,4324.2534303896055,8370.446777806572,156.72275338521587,513.9947790263286,103.80774692591488
0.47776551007025575,0.17530167789068493,0.24608712389687634,0.4260028809569715,4523.829554765948,9080.98168889996,143.31775660226327,437.9609846629373,-106.22612480806676
0.02555850538278409,0.1616657081847049,0.7455283625841305,0.3368368213611631,1272.330798414702,9008.341152453077,135.1211693344398,-8130.154146535804,-3.1662072128920045
0.3514525442708102,0.7897120346164058,0.04802810389420599,0.7693727534081677,3686.976335033072,9522.208357275174,146.05949250077157,5859.194448851915,145.82936539572358
0.0930909364288828,0.5407387829437393,0.8209268987041729,0.11092473687912738,1745.791657620652,9503.171487048712,154.25588549519648,-4645.040159768002,-57.81040309274562
0.860538915820853,0.20299557753022454,0.7293953133361575,0.2523307596414005,7266.667112570874,10363.577825879644,147.98796253705416,13797.81893519398,-78.42236350940038
0.4358566604219882,0.6936792028575737,0.24893603945303408,0.4054592579559122,4243.692726222539,10266.67402984107,153.01391756332626,-7635.291280101912,113.9344005053136
0.8715492439417103,0.6637859456952269,0.0319702029688311,0.7464763738288228,7417.746431952243,11173.90082709106,145.50995361665386,7833.244128904804,-6.94107192118139
0.4653620853717116,0.4179473312077576,0.03184457338949183,0.17701383009617835,4404.84441443202,10471.02527960541,137.62650273897094,-7302.771025848644,-57.082555269703136
0.901575873433774,0.13068049993670142,0.543819638522326,0.10782453975103559,7532.911425285254,11328.182423868691,136.34858245327354,7842.6147782472,-66.70198986993711
0.43785374132449123,0.4781535430736822,0.7207341475078464,0.38500500230785994,4258.1773313185695,11300.221820470488,132.7580460232055,-8337.182697588494,80.68158548220927
0.10796559345725984,0.14615167202077742,0.3273865412917271,0.09628225178850328,1818.754194459244,10635.364731952452,132.08119677206156,-5931.003866535402,-77.0892530188266
0.0544056126702763,0.6795659172092369,0.05390752299393303,0.1429577763806361,1457.3887677190903,10687.228463937554,144.10659293184202,-962.9459415044224,123.85624689635252
0.4226922976299677,0.187757826907441,0.6934081232907345,0.3844966862518949,4134.831860672529,10815.309225661144,130.12950296043363,6621.36474623679,-114.19549591616482
0.45666107797918626,0.538760137448062,0.03817891214475345,0.7580133553954369,4430.05799822126,11468.965905730634,130.08355975452125,610.7190236909973,81.50106456221411
0.4577362991347476,0.644440807127682,0.7359510827364322,0.8678185159420335,4477.449538211527,10744.773814422955,140.3337077101542,19.331221422304225,24.5385481060529
0.3846572331399603,0.49647188106683926,0.031956788038889836,0.11146651653753561,3818.8511852449847,10652.723219960157,135.75464763483657,-1313.8763116531263,-34.35767980419206
0.39454712861900004,0.5578513189830816,0.5324157951720039,0.8011483047296937,4003.975481822388,9795.12909036955,133.29489606290457,177.80877762672026,14.252013112674804
0.10715834628235926,0.5704342954497476,0.6562754561377122,0.10443797710228628,1842.8781977054089,9151.120575580037,136.83557073779227,-5166.914877837689,2.921707198494005
0.43892454571702416,0.159511597490731,0.35374383868545056,0.40807019551451396,4244.209739304468,8319.327487138999,137.5050150897486,5964.769041731948,-95.41429309925068
0.7754296391631981,0.1692684533411792,0.2598490256531856,0.2880375678782021,6645.118206792889,8926.249550958139,130.33285043880375,6049.9688250132585,2.2654954531975022
0.028815690838284586,0.11057085555810361,0.023295703349429396,0.03993566870116916,1231.5492583690789,8783.947264106057,129.50668082891312,-13423.247373247585,-13.629302608284917
0.4086339887708566,0.17731835873616772,0.7461960694762932,0.43490962048560977,4041.818089778054,9420.808540230062,117.84473175903916,6828.689688256443,15.49845229651966
0.3612365845964878,0.12389483004262544,0.26974309300969956,0.1388132430916902,3643.5395885098783,9310.318341058384,116.36186339199078,-852.1500067200395,-12.404688887909174
0.462064866912787,0.726109595936808,0.034601953922981335,0.3668128653915964,4422.307335793348,9320.03372285259,120.71202857707723,1812.7748333497984,139.83140008356253
0.3528998968556691,0.14479683024907444,0.36999523188886385,0.11182377815288,3583.51365237061,9131.5501076361,109.1105334316508,-1962.658748684622,-134.97805519907618
0.061779322667948805,0.484535415141788,0.7030822138340125,0.39080594248226885,1554.253730816832,8551.05330961258,108.83337437862237,-5234.00813972343,78.88568111978822
0.4335293385637429,0.15229915715315692,0.32009580052251807,0.4515244463827872,4210.279654189304,8621.138773247187,99.41664635944282,6683.631394207981,-77.14367654883625
0.8855865579578068,0.5754028667651523,0.27601712922577354,0.12422425369346715,7433.501436397964,10020.66184284393,99.53201421868428,8127.461181783674,98.24266598270388
0.10869042401712084,0.5434813802044409,0.04272146845728191,0.3443531380854292,1869.5763266488257,9426.939435619914,108.4476096752184,-13967.685726475644,-7.412017126324031
0.08248590024555738,0.20548106138519454,0.598219138907593,0.37321712888236525,1684.8308078436876,8181.107470639438,109.28844918468364,-471.1267525513304,-78.48206401749123
0.38105443762299623,0.14226712470375266,0.40374963751579385,0.34371680706336627,3819.531121686176,8814.391625475007,110.02442145621714,5367.913824912862,-14.677974987602468
0.07802732800137538,0.15097470861067866,0.03847709807199916,0.0740885008127152,1592.5719035554737,8219.999436485145,109.41273444869437,-5448.073749997875,2.02185950595657
0.45010998156570065,0.5060005160232852,0.3379582809058993,0.3160548668575406,4327.318226297886,8379.783431291977,118.28504646702076,6689.611831246924,82.43530137058298
0.8622106990580536,0.6081167479208375,0.02489606469952624,0.3284547628563994,7288.808217197678,9099.198934084385,115.54530874016146,7409.089913205533,23.710902631705807
0.7524681126828023,0.48164418451023316,0.04817293009731445,0.11012851741588828,6463.545333846865,9817.57595015383,123.36674385406866,-1973.043615914232,-29.366326791411492
0.482757763843271,0.602493406912644,0.04724033037560382,0.7378656136470091,4618.099280587623,10574.446052484323,126.1056722355196,-4849.077277112961,28.06061379522572
0.041972718891226724,0.7853127698227828,0.37665982274505483,0.12734950913691864,1379.5906871129118,9870.472951219748,140.80394679544645,-7924.80064174273,42.44978523592289
0.8110187627224643,0.2004751692302342,0.05305741083702384,0.4667878139147472,6922.030525731452,9736.40875863838,132.09830424970622,13826.550268615763,-135.79650507396732
0.4112521332627524,0.48504628819195283,0.05514236681886678,0.7930573218284874,4106.4178032926775,10280.37939808179,130.74146924783017,-7187.337406227851,66.07605831231834
0.3649962105043643,0.4628817619321004,0.03792188474288289,0.11530715298165148,3676.605055489447,10788.299962465162,136.71819090567942,-831.6275031516943,-5.146497420238688
0.7476249136672783,0.5997862113903755,0.021995785249585446,0.6608600096522088,6511.2093489373565,11447.350893767903,147.3415661663891,6879.2174941065605,31.78856104100197
0.48151544317011535,0.8295444759343081,0.2714174347502408,0.3881125163814899,4576.530844706673,12172.775431338749,163.09763293741094,-4784.337687316891,53.34877460907839
0.0987440751708438,0.7523029937723779,0.050107673526087845,0.2990174323640189,1801.54945583469,11541.060541649733,168.81665914836205,-6881.782441351636,-17.93510423012458
0.48255233849778706,0.14310804116116674,0.03363185189044956,0.8006763243110574,4603.778111462112,10858.479121552253,158.0193784771211,6900.4246091208415,-141.45216619021474
0.07230356133966251,0.44500782338776623,0.03973659947893658,0.4338944781108919,1615.881434258993,9635.622644295589,157.16869962302243,-7375.794187506038,70.09969138001142
0.08112937524054645,0.13263670422052262,0.36805294943253214,0.3262545774308825,1658.713287885229,8913.54167803067,146.258850795498,158.67783280450612,-72.53108593903205
0.6851355386503353,0.8174183213897737,0.03308921676527164,0.8541836617659402,6099.513258500887,10069.873360591851,147.0043264098997,10859.325846518284,159.00302965518415
0.4333339326468833,0.22229028329591313,0.6871165026116561,0.39222155209320686,4213.881865647532,9390.840117963333,147.51086296721195,-4527.09898328131,-138.18589564486155
0.4439613569293905,0.6166835984540114,0.19644679228359102,0.16243854571301583,4262.654181421715,9449.647484427518,150.56741860809646,191.06868469924663,91.5762491480406
0.11572866528136261,0.16355743035422074,0.04147738090003153,0.06474372307070686,1863.0505189752944,9001.493531617301,143.61725020738243,-5901.240695895736,-105.21373783622384
0.7390106181943481,0.4499327758906583,0.037704377332972994,0.39163810970418234,6404.735920550666,8986.006033782734,140.13772481544953,11205.882043863072,66.49499112881331
0.8691436198874731,0.1981366477385895,0.6661572128192463,0.41537558941835695,7349.589622832217,9682.916253125926,125.47673580611612,2339.639484460693,-58.46586156492651
0.6548333115697893,0.10833375371849449,0.03528732147317558,0.7997374862176205,5841.040725242214,10682.699795682378,110.5240767968708,-3853.049209219064,-20.851804229244287
0.11515918930342273,0.760867110528194,0.303865704077367,0.06566290971172545,1894.06337340048,10022.16979407487,124.86814812757753,-9702.710832518707,151.515137209306
0.7160190102424528,0.32300733318816977,0.8501592278295749,0.11458459373397165,6216.811453372901,11179.495039335754,122.03535485819292,10802.758281177852,-101.66895462090162
0.3456126541982846,0.6722276947087962,0.051937961957806096,0.4197917090030342,3590.2909192627767,11655.005105482063,134.56440063149262,-6659.473958341239,81.08730448781043
0.5344164308644817,0.44899437497829664,0.01810204368374669,0.32998194498052413,4924.1034636754885,11384.029741008397,126.0097720888772,3394.471540318509,-51.83371350396649
0.37852684044530266,0.746973499413307,0.0505045263481204,0.112317799336103,3787.029253545256,11285.492986092317,138.19266644237322,-2802.712887705449,69.1893333162526
0.4921787902541707,0.5175970123586144,0.02847270419708805,0.7938504756424789,4689.292217356108,11372.182303466268,135.8919231116037,2043.3294075996143,-53.26012769461502
0.3713064588196147,0.7694237520347258,0.21856718874445857,0.09340343352564154,3738.11396780512,11831.68134624062,149.95985050595613,-2173.143441891781,58.47296941499596
0.06543063760883683,0.503746788024663,0.04540674336845827,0.0901812423103748,1520.827315608181,10620.663158681677,151.20938623423382,-5499.290259469852,-61.68892553193408
0.4061659784200839,0.16527951839153363,0.044745940396506124,0.1358844577230234,3961.951005382808,9788.28339620301,150.44645934178146,6126.02373526347,-78.59048777222675
0.4561639805684236,0.1556507267659825,0.32954029189054174,0.3524829683078826,4359.495016397516,9431.09912694417,151.54513691723452,898.905722979156,-2.235759550190565
0.38990063177196727,0.1385564532630583,0.6796497214965338,0.8727865237156496,3965.261969655678,9925.05217379151,137.09537988361234,-1191.3376714568694,-3.969208881446207
0.6659196378902628,0.7966311005882626,0.269965646528779,0.15112392556432272,5867.662757628298,9834.979349698591,148.09269815927277,4962.499571775261,152.80179847192431
0.8201215123141363,0.16807560197781132,0.248917164497621,0.33712756083399487,6973.092792273867,10688.090893834174,136.38652671112553,2772.369723943777,-145.94759275026635
0.4562351545166668,0.6953132534036656,0.6124988767586725,0.31620007366437464,4387.7549573788765,10547.530083963497,142.10593373796755,-6542.251999744114,122.42207124592642
0.7312123963363248,0.15737382351594795,0.029141464956244287,0.12456053948533943,6297.137134616025,11181.61754942246,128.41571011033415,4943.769865590959,-124.90697322850156
0.4811595513863189,0.2130537408081187,0.25481888206414427,0.6582163516399866,4583.006500328615,11161.8062440591,121.3443604094175,-4495.658300623596,12.928611572551972
0.03560521303032724,0.10621698192242682,0.02788959626303113,0.40739721846591737,1332.1642215735244,10558.254585823004,105.9450151157162,-8010.546970619142,-24.8069865128503
0.41588865531151525,0.36127860365065867,0.04472263816482498,0.7692831096528119,4130.370862977634,11188.337197608582,102.636971737072,6837.052440746871,59.224093618637056
0.062215093657029735,0.18899850696647982,0.0333551202711642,0.3436991334822844,1518.5348516124848,10569.953651362182,103.1877153536082,-6358.637845056284,-40.00261782042257
0.06406370066157194,0.18833557267764775,0.3349228474514834,0.5052330074863953,1562.918290107916,9865.003112450097,103.94664190675532,33.23579632226392,-0.1539301840816733
0.4663142296719098,0.8581157272235719,0.06381534497570743,0.06979070130999757,4417.881543123164,10002.385842787788,120.65446549716694,7231.99502104091,155.5197614911989
0.8735453474515023,0.18870529941280187,0.04640227119221519,0.09201546348809156,7318.067153046943,10375.672635344965,106.5387179699429,7321.540193970133,-155.43391270443234
0.1100520449271466,0.22136401277563392,0.7536071872927572,0.4158225379744268,1894.11213831068,9099.050609422433,107.77604948555653,-13726.718460853328,7.583197678110395
0.542630614706789,0.22588500886698418,0.30306131439461886,0.9203665699326415,5064.004443098713,9254.37956311523,96.87614925231198,7777.257796409191,1.049753757344604
0.4137222997227024,0.4382610448518828,0.298987779708487,0.3241157842985336,4062.551657487085,8683.56942556523,103.39821673544084,-2317.6210468370264,49.31270393523292
0.36443439500939284,0.8200175980899777,0.04559747334370399,0.7913663224900684,3784.780198555344,8473.711218088152,117.4916283836626,-886.1389998943487,88.64205322348036
0.531968173441036,0.8899308836383618,0.6046044044730148,0.41959265951264213,4955.804271661727,9366.11388742737,135.6890918714886,3012.0617975437763,16.23353188319237
1.0,0.17933451969174438,0.8336308024319883,0.31215709259073554,8279.827330427897,10416.277910061151,131.46443690821815,8414.665973692534,-164.99709089232766
0.7671684241083168,0.5499939816086283,0.043050765808138804,0.30715067696403,6600.10347412109,11683.701718908123,139.84657987478758,-4186.0399829243925,86.0653614779765
0.5066833984623387,0.16514168130049037,0.06733593268516844,0.10363620296284617,4680.89078203894,12479.480274771133,139.30802876506206,-4683.216733517365,-89.36087094703112
0.07843800215099439,0.4315060499555404,0.04768446776887728,0.7179209355908015,1699.6771009416568,11782.124089034627,129.4023552678321,-7699.352394954187,61.8485376161542
0.10724755361537944,0.47698220222146037,0.1612472153924937,0.083843860630861,1822.614041595657,10404.410094899637,136.09600763479693,517.9621099851925,10.559345937515957
0.8225713993262334,0.10961334726435198,0.0342607411814049,0.216317835605739,6965.0223103719245,11685.436731729003,133.50121041232927,12860.687848790323,-85.30129821621485
0.7214950322528948,0.8350925765195347,0.7328205882020804,0.6394938081244899,6350.820891296801,12007.014078144768,147.64671994660165,-1817.2351077268595,168.4528213247453
0.46247136491605007,0.5395053911864033,0.3706260332364587,0.22087985644662286,4405.239905637276,12094.659207568484,149.9975654423079,-4656.943216757525,-68.63393645042893
0.48817010896954466,0.3596339756026883,0.03554711688791256,0.3155826794020382,4585.820749882261,12317.121579336244,139.30767702478414,462.0334235461032,-41.76528590881927
0.8094265761574289,0.5202048725218217,0.0377918460485061,0.7475011129809643,6964.626706491141,12815.959403596593,130.72281515993558,5775.816322469676,37.28379740994444
0.7943383214783983,0.4757844441906106,0.03274102525496665,0.7512802359706857,6854.450197573529,12446.203709614918,137.60624119745435,-271.2692087277319,-10.314211868654525
0.4089669995602206,0.26497246231236593,0.03170516665091673,0.36870686990026247,4019.224882316279,11802.199356100438,130.98817728499566,-6928.526578252404,-48.949538021798176
0.4787633678907505,0.19243144638560664,0.45805916942239505,0.3715164867647426,4529.959899331321,11752.002399845884,131.62183263121375,1254.857239081859,-16.843678360263112
0.3626480376034438,0.39289894998763075,0.5928212387970995,0.4291050626760219,3716.068659245581,12262.978871742367,130.72539415985494,-2087.618113443777,46.54759944038503
0.056563060759455414,0.12928149910205858,0.21664410180072172,0.412017296839004,1489.8147166069534,12171.854069276638,122.65194945528454,-5503.050633636971,-61.21071639460017
0.0722471905259904,0.15808117540286967,0.29975931326176297,0.7938472373898828,1660.1297355630268,10822.85871666385,123.77734933775923,281.98234731973616,6.687147654236412
0.4050344102648809,0.1333545184590916,0.4371460094916491,0.7964483653503538,4056.389779368344,10253.899454334574,107.48332589168618,5983.12579510828,-5.7414119607322505
0.4432365722729263,0.8037737738713574,0.019911267079257795,0.3498035203855705,4287.703634367713,10219.31754216952,113.61951185746652,686.8302848846761,155.66815766810515
0.3516273414935807,0.5861410229089185,0.24626264151220983,0.7521326235103662,3681.816338695444,9973.82958296787,118.87889760278205,-1647.0270468198396,-50.533288113467535
0.04163057649426824,0.19192624618268192,0.02764960398248375,0.6389194263660392,1412.1463739536043,8593.42198962039,111.25642426964288,-5573.380018988614,-91.5347933746026
0.13046198940344178,0.12475305419826507,0.012734370214903661,0.40254330232154845,2014.087415112612,7399.849829512779,103.10564260240396,1597.0851236709295,-15.597295209651849
0.13193109688595295,0.5857137895765803,0.24208388654321442,0.7143135918958723,2096.390614482535,6901.771611015672,110.5531034412994,26.41283785265477,107.03288703954551
0.4389384912685769,0.7859725735557453,0.2735898653061622,0.7926277005589054,4325.466840328252,6830.171131047695,124.33484569003728,5519.634624373158,46.499135738160845
0.7868227424937277,0.5587209669019157,0.03139872272168299,0.4177080571165972,6757.135923931749,7592.787742482704,128.1851539360292,6254.552800586067,-52.76674058707434
0.7497924345516602,0.4363052839682898,0.0392476030981993,0.09183462402846213,6439.369345582148,8839.133245629497,135.31409997458303,-665.761716519115,-28.424338468980977
0.52693555395664,0.46314709017345734,0.2468401067402245,0.653835093760576,4922.981711307583,9656.609853689144,142.39758520211723,-4006.70660355172,6.232539544039923
0.4071294529617822,0.37722334942338487,0.637790071020726,0.3939349388662542,4031.5071967815097,9660.376495933251,148.06010329395536,-2153.9738630471,-19.95108331769279
0.4679841116219066,0.9584543270712785,0.02664973559600679,0.4144295114878903,4482.1668112905145,9704.869683249915,151.651712059564,1094.0957356102151,134.95906440581007
0.4043053243773838,0.18627586485782718,0.04188145896425738,0.10379053000394103,3944.936342111675,9799.578548113674,142.36703355921253,-1144.87027134892,-179.29616077306855
0.415185567051682,0.2331350657638477,0.3581280218707772,0.642403808397882,4110.103780325684,10471.186821306714,143.3238827207022,195.6140643042363,10.88048324380864
0.8881307875976943,0.5946485736757647,0.3712890595948484,0.7807735528519609,7547.985928013361,11833.386888419132,154.23463285549332,8503.003062864718,83.94171452336312
0.764514218030282,0.17670045186459024,0.34364234009577554,0.7390292367444745,6632.92953844923,12970.69750769062,144.73753798100995,-2222.481640556669,-97.04556305319984
0.1389139306424647,0.6600294525864383,0.31350102470841573,0.7588691982486327,2158.318197391762,12431.28836533937,141.813198703164,-11247.562991854214,112.22669170453511
0.06731742029032103,0.7254004388286585,0.22909683197119884,0.1563032400665185,1559.090510054783,11137.701773771769,145.68341664610972,-1287.2216915774395,15.1788316208426
0.38863075329843416,0.545594411302028,0.3397157762519916,0.1531515194203308,3864.08342735924,10488.375224210668,148.22105812461055,5776.838703545904,-41.75010311343013
0.07730875796483516,0.1646259035283423,0.038715767905602,0.31911370286101615,1622.6275393976,9679.998723640363,141.2895383666696,-5597.206113643784,-88.45907282037746
0.3606690380770064,0.2532963485766001,0.016549982733266973,0.3620257155202853,3669.985115591615,9596.468320349442,138.41201243772093,5094.487109746757,20.58885497222954
0.0894722960697803,0.14866864323859794,0.037756470900789416,0.4148588990406802,1722.847941290625,8915.948254356495,119.609174588035,-4875.800891410065,-24.294054801562297
0.4173733860567291,0.5467400293238238,0.5361080609579194,0.34837030707311367,4103.812313767742,8939.4431040046,127.97898078539556,5895.278885061594,92.4302796973966
0.7378540403462699,0.1390290366776412,0.36527446212528114,0.3458186168710293,6384.551923603814,9519.563358427771,125.793883615968,5761.868112054932,-94.66855042407308
0.46761357744563065,0.8644750979006045,0.3659553620872556,0.3557569473899199,4476.219182338967,8763.522495644076,132.05912698076958,-4858.608109203969,168.44511986565473
0.7915002149812977,0.6396115095101681,0.2269102472103058,0.46228910580046223,6806.217461017667,8812.040168465473,142.80770123876408,5823.103715494251,-52.21225412127077
0.09425237880496704,0.5552736047235449,0.024564303318911386,0.3868702958408513,1771.792106585367,8731.743910977533,140.37532035021857,-12535.702294947583,-19.58285976086464
0.40937543835179707,0.5529177686614127,0.27918653840935004,0.14480555215270238,4010.761489469332,9346.724303822248,136.37035490839227,5665.544811749107,-0.5470139119657063
0.10482377972340093,0.09929378952174137,0.5520090071387289,0.4340657246476143,1847.856241984712,8836.472490137603,126.00746705906514,-5475.483361747692,-105.3293271884381
0.0694554433027374,0.43240326551592,0.045945388498632674,0.10335533356727397,1548.3329606232585,8822.353146982308,132.2251298528043,-635.8814083502793,77.34643361028523
0.3720185122225143,0.8112367676076823,0.21143049224794716,0.12020682485307663,3748.7625743572808,8842.758176831165,145.18024061640097,5439.730839788279,87.96333467080478
0.03793836935950204,0.6213881256025761,0.04637857276713993,0.8483415449453555,1435.612052035164,8750.106191437791,156.156561824265,-6006.371043832358,-44.08195035888855
0.4599867235407577,0.10388207985781298,0.6614811167824013,0.05842366007199487,4352.238127220452,8826.719998577499,145.87361118621158,7587.936810392384,-120.1624387617783
0.3870060814609126,0.4034204640503981,0.020406541754911054,0.699202123883039,3914.055762533029,8195.936318057826,152.01265419103223,-1312.1067645388848,69.55138600466827
0.5981476783862565,0.1688118696392462,0.2521492899888548,0.08002850685021803,5340.597166427101,8430.621396136217,135.85968539924255,3796.0794767766974,-54.47499810044916
0.42569774474633565,0.678192956116041,0.0419924538598738,0.6824459080124886,4203.298967020638,7772.951249640095,136.75552821175447,-3100.448530250884,118.27586192174527
0.7454063967154663,0.19297547376191374,0.03895694809486741,0.7182712266796017,6484.933901518196,8943.65017377712,128.34313818594688,5747.988411383871,-112.6651881440597
0.4064741213722834,0.41247087882922584,0.025158152152322318,0.6858104383343443,4052.722124503097,8938.43394447795,125.08202830375124,-6093.606722612838,50.9657875241538
0.4801262551737589,0.9248309286681945,0.1815120709828347,0.08144563793849383,4525.2019285105225,9613.183991549124,144.2506074428604,1324.179401955791,118.96756302460994
0.4302454530096907,0.5936384155436971,0.5229411271095139,0.42961644805076793,4209.663848903424,10261.842319050029,147.99441082463085,-896.7986040530395,-76.90132396310196
0.483757568872161,0.13067103760950902,0.036776766487320964,0.10591712542833873,4513.896849579372,10462.736101174873,132.19199875105207,962.0853860276802,-107.4988198826872
0.09793662397899372,0.15586222432046057,0.3470206649810727,0.08279577726486895,1745.7197641911805,10570.605960226854,121.3827090693576,-6936.610274560945,5.849273559954099
0.3876972900547035,0.5260993354133363,0.04483927782209474,0.1536414090664475,3848.397731353768,10440.63799614953,131.1863926266854,5209.558579099284,85.96729362844472
0.42169785850092306,0.18253859941699427,0.33544616658292714,0.09907146423666,4077.276004345815,10503.00976218342,126.057620943564,611.2905365732931,-79.77316639982404
0.4066455697678712,0.15618440766700073,0.31452558223746985,0.40808900214631927,4010.840414703682,10158.711322239937,125.764417291465,-270.62258299703353,-6.119317790224699
0.06008974860865507,0.16064057504006005,0.3975366043363864,0.42300479898080867,1523.175399017119,9501.390817472497,113.7470975309674,-6230.6691784904615,1.034700837759047
0.8273839014064766,0.18106125873291204,0.8395064045425877,0.4394822928748475,7056.665858718236,9648.776802823808,113.47045513314636,13795.053312571372,4.741585482706029
0.24593706041108765,0.4549331555637455,0.3304622780446887,0.46457687153226324,2877.38585678524,9360.1499044527,114.45640897267194,-10453.73555983701,63.59174989761965
0.06207530109117243,0.17306948790133833,0.015592671697653618,0.5641064690750017,1547.407854128026,8608.54308223048,97.00086640802206,-3305.619836555333,-65.44740101714449
0.45178852691312005,0.5510482697065312,0.6754968347104635,0.10694953827567585,4321.28214526615,8647.275014688303,96.01194350884153,7006.588942747379,87.76487269159149
0.7678958625288175,0.17550384822297085,0.035824079621974196,0.693137584469119,6642.222481394984,9158.122503209368,97.05294001586893,5683.240946660084,-87.19962582060799
0.4289812412240875,0.7637160379257659,0.2345129647361591,0.3136019086910863,4184.137696166705,9753.30208682587,111.1670160260041,-6093.289323606536,136.5800685910323
0.09054249399268782,0.7183927502283148,0.23117143845977162,0.09727514812559515,1717.5150186636151,9219.05244621354,115.6319775220084,-6084.7336631890485,-10.52385151286424
0.0762059413324026,0.42870974938571926,0.03130676823738412,0.0742232649742072,1592.192262594426,8597.898303565189,121.34795436445532,-257.7544837869159,-67.26301293539782
0.6179386190488574,0.11798339501154045,0.265345851815695,0.11839763555622404,5486.343474099282,8977.778544901399,120.46094504705816,9739.721256848548,-72.14917938866559
0.09247995852442595,0.12678976006869383,0.27748624670064903,0.4255792424416919,1751.589494930764,9036.01236187552,119.67494524773618,-9447.1334221113,2.0447960185106027
0.4573558402822379,0.3941975789074236,0.029340149714175864,0.3943961184631479,4376.77643399581,8370.745096154376,124.62386907799264,6560.042485618686,62.09082177849076
0.38423247960623447,0.2044458615928826,0.2433873820202634,0.4004025169358366,3848.849380220584,8619.384118584689,118.80767342774466,-1314.6726783224312,-44.05944490742509
0.4968967746542479,0.11301163015774982,0.639281240151685,0.456697435183398,4673.701534450999,9401.142377445554,117.41315857857188,2025.5725277501808,-21.230593006392127
0.35377937961607997,0.5653675266548367,0.048777527816743355,0.2752299964945465,3623.5691455752617,9224.933369837152,117.74564490415456,-2573.083721945275,105.0348844391459
0.4227583734791997,0.18995765944945012,0.053871683560550956,0.40858718917092407,4121.162711867555,8604.416447579171,118.08125551598354,1240.1618001642782,-87.16838295814459
0.48219288690042256,0.4528871559008135,0.05103150160482716,0.09845917115727262,4516.948513684655,8700.084775856934,110.8639569339035,1068.5631817509077,61.05097665194164
0.67608573201828,0.11040742489094382,0.6637624860219948,0.678005645716938,5994.134747664444,9752.823175586032,96.74682728399333,3485.9670513242872,-79.52216219116555
0.08383074498870421,0.18621661129947123,0.034475613442887354,0.04510888964847021,1631.7433909123297,9766.531682623789,91.11625212549332,-10648.053410700331,17.602531978704135
0.4076370725902549,0.7419832397608536,0.035735887231985626,0.4159995127438616,4038.598671015072,9388.43404763802,105.60523128787972,5821.659836613348,129.04636382019825
0.5819854417340542,0.558174074724367,0.29606673308333664,0.4277120653307632,5292.731187836361,10268.507773346726,115.62176959092592,3134.580184833405,-42.67961257489122
0.4906641525407986,0.6614075446973937,0.018823836949339375,0.3476808915357197,4621.839705446941,10328.39223117599,121.82625771522706,-1641.850193175727,23.9703199910399
0.4153936270109763,0.8753477983576524,0.01045121153434431,0.8217401717113512,4157.141849742732,10384.416337206494,137.4042811131249,-1353.276196310031,49.675907828542165
0.8799252281445218,0.8030037822552228,0.241717082129618,0.39095221014147663,7440.0567669183665,11073.0567910485,153.42557021771876,8351.7360058652,-16.797935939432023
0.09069938989321116,0.739956248444206,0.02819024048407828,0.7403236942486153,1804.8034228595843,10600.069675160235,157.4794371750256,-14189.359419247972,-14.63933703372416
0.11426011334135366,0.7279835202525169,0.708972644899172,0.4428733819792433,1950.4878773586568,10045.42581010286,169.97214138256012,423.5943084731389,-2.7800104558678527
0.8476004032834805,0.43083618326704154,0.30919773552603363,0.7472309200877858,7242.455571406178,10702.385875670672,169.46012830164432,13184.602488002838,-68.99619623256163
0.7004554528844487,0.5738125062217336,0.5452776916891147,0.06272275051468548,6100.800474876351,10746.199789452688,180.2201735542889,-2645.494466533717,33.19842114443799
0.3902258706328086,0.6147183894464875,0.2856009677440926,0.09975132192247196,3869.734763593039,11297.06246415968,190.16978073265585,-5577.565801450575,9.49815123592819
0.08973857873560842,0.778120765143657,0.05844601893306053,0.7482150952303861,1801.61467161628,10725.518076036791,191.0088768584922,-5402.41079168542,37.94125329489242
0.4345900182116345,0.4880025429696364,0.036359772991233164,0.36621831697087426,4213.628175194158,10460.51830794178,189.37952731627325,6200.026385112141,-67.36406925544509
0.4114336278588206,0.5251304888721205,0.3420482088233875,0.37021264562813905,4057.8209764437,10318.071072030303,186.21523899348205,-416.32487134038274,8.620932185318367
0.11428797103106642,0.4411857782562173,0.04838627021208483,0.10537397769679882,1871.507682014326,9776.718246414006,176.13420369310236,-5342.332093358219,-19.4915619473432
0.451172255141754,0.23375187635769987,0.5767078341930874,0.4955657050626111,4354.238468713616,9005.870443269709,162.9164455925191,6056.786230585193,-48.165163941467966
0.3654737710220845,0.4879106824759105,0.7273433465618131,0.7204760634991741,3785.6380559274166,9499.882709983856,157.06406760874947,-1540.7587206635471,59.01446413441292
0.08438986850082422,0.08584702422344798,0.045188313722903724,0.3856563075802477,1679.46354671086,9446.179496094872,142.153964042761,-5053.560497558128,-93.3572662780568
0.5067234818867916,0.4932894649094445,0.6201177182618844,0.8748242368882058,4820.515776296588,8833.322577200615,143.60409949384103,7593.065437950081,94.60619393812364
0.05989752809241458,0.2276092043219424,0.26523182285683966,0.11663371345871124,1478.0112899200462,7681.674191757414,135.565423732326,-8033.409132023148,-61.68969098151271
0.42052003958644296,0.47826077841568315,0.034852756378602336,0.8081858375317037,4174.328528913455,7736.139571723048,132.3969430036671,6483.571852637776,58.2001015644893
0.3563090068775607,0.6730383749199573,0.0363506467397835,0.48558309352616746,3676.1074029855977,8215.402088498955,129.9569799570471,-1154.439423582702,45.226430115281545
0.062137117474744874,0.4464259242706291,0.03411485478167914,0.3549140300168683,1531.532594865402,7545.7752441717475,128.9915906752366,-5288.867225919013,-52.618331607350086
0.3317715489053421,0.5119904136577282,0.26283171915968034,0.5068374238225102,3501.4156229497858,7402.552124049381,128.68648438783038,4847.712370708059,15.223762129361177
0.4694160053424002,0.4730579556974196,0.3093543170280515,0.7493926775017529,4525.000110697379,8041.030880631852,129.42654116619545,2474.6866736901266,-9.03993128963063
0.4413989221857377,0.14675788934188747,0.6059327649346822,0.35357435414714733,4260.679120252283,8023.459568680868,127.40658222593096,-503.7144547493317,-75.76532112776309
0.06754638252024106,0.165207671498619,0.062422773401050964,0.44606673438345945,1571.0203337059595,7487.820897035596,119.9135720256356,-6721.432317606439,4.283951534104062
0.41388073893384764,0.16677108815923278,0.2442691339422421,0.3542988260546498,4053.833519511923,8080.207025231049,121.792590243296,6226.687500849104,0.3630179015006121
0.09878081785326273,0.4671220408359674,0.38077991284874907,0.2132710062624402,1785.5921365440531,7346.773728718261,121.18499512075832,-5665.128809132301,69.74006053614328
0.42316879011966274,0.11591092359571839,0.014193317826478593,0.28815476043393373,4102.582972225801,7999.893058289308,118.59141424804702,5832.117128815186,-81.54954848324928
0.103508204324369,0.3762607607711742,0.29036090553877764,0.6461243525602299,1873.9675491119613,7429.942778828658,116.22302242447525,-5747.12423767918,60.45199205588459
0.6830440736352912,0.504899662939994,0.2665530789386855,0.6893930328767669,6053.1428175459205,8017.374293662203,112.31892162258018,10419.37851935924,29.86934033204893
0.11902571593963351,0.1778055827879256,0.2947430501346444,0.05811074953415907,1893.47517846816,8119.653353894711,106.08168524650448,-10140.391771929377,-75.94968734915669
0.39610919977517184,0.41852939802446243,0.37985323059694526,0.7110566858402789,3991.814078179789,8235.324940928007,103.91156498221198,4981.637638715904,55.89492324719323
0.3248185277858031,0.3806034612892901,0.33265129392466725,0.6620598665190155,3469.145785270973,7975.355553114595,101.76481566132632,-1281.7230747769263,-8.806221855562427
0.7937119680641083,0.16344604196483273,0.018338342257043443,0.04349866718016279,6735.147747118952,8608.773289048671,102.15230661608724,8430.156782725564,-50.4229183712971
0.3852633441053103,0.3867837627855095,0.03970842571211691,0.09558211218464155,3816.0882140852673,9179.991303338573,107.29719791141846,-7343.429534048226,51.85795493980717
0.3665585488967264,0.4965455551651883,0.6128004024926266,0.11117875797087359,3704.683818391922,9094.911528906649,114.95440395232048,-336.2903863691172,25.48616535720859
0.8421116453532165,0.4393142032527454,0.7496646750120637,0.3053966193952473,7153.170173295033,10431.333598180729,114.3087192094722,8549.889627927712,-13.288847301359851
0.48512414243756224,0.5019091966702982,0.6672929431937762,0.11679030768395257,4559.89690945571,10542.722090469912,123.27141524594568,-6418.218641033751,14.534259309968093
0.6413488373553837,0.4440785385004028,0.04492924501642203,0.24162735492239387,5681.153041502362,11509.696774074077,124.8461117408669,2808.737675470609,-13.428003359637472
0.04375206391552741,0.11494292610728238,0.04608657821653816,0.14409213994364847,1354.4971665500705,10360.324356178326,115.79150206148276,-10744.092495639909,-76.42372141100532
0.7304558025024916,0.1816292674478057,0.029106363454863962,0.4227041482966246,6334.9013208213,11459.604288169056,115.880286197932,12346.13172693546,15.484250809177666
0.4422428282468473,0.1757919747338306,0.3427025695718766,0.2434368605077237,4245.288405339352,11542.547167630411,110.24403885334767,-5181.732886577865,-1.355391563142348
0.4906461198642789,0.2489148817105428,0.046814923103625165,0.7169240274729646,4655.441382315261,11840.685823460972,107.18629276335103,870.2346889151268,16.978790690314
0.4726968098431911,0.6829098226656445,0.34859233898565317,0.44573940787281974,4516.564678275336,11263.538036572005,119.2479943126715,-322.707644469725,100.77155802187409
0.4510116490574749,0.14146052137461299,0.36431104054256663,0.08708143694833001,4285.28367109731,11381.74581499949,113.5517055030492,-389.8738808836733,-125.72194864962046
0.060079909039152835,0.08672060572748388,0.6755826745163069,0.3536598172164681,1517.5566271372456,10830.732991484125,104.03576539089345,-7028.496405797655,-12.710347668126005
0.13581301747607977,0.14465676865107194,0.030030616830783473,0.1214186307169581,2014.293291315055,9560.890494883157,97.1939601149626,1361.5928970716932,13.452501060889318
0.34009232190428523,0.1554385785830191,0.2100961066374498,0.771429949246445,3580.586129128063,9300.14020909243,89.14907739890604,3672.70346706869,2.5034849087110302
0.14510133040898954,0.07055176013252268,0.289058144387715,0.07067238073680329,2077.63413774886,8407.94511160679,80.47596352891819,-3505.7104414785435,-19.710314898950514
0.7517164042717368,0.41057887501799206,0.038414488438409784,0.052637311405526466,6446.455652565112,9680.782364829902,87.34048944100466,10906.231011447606,78.95267640973805
0.3210931835507546,0.3915388470978768,0.5827805626742071,0.0680851229263485,3365.931181528603,8944.796155105576,92.21448989329166,-7742.102902538898,-4.4210037888172025
0.31526518787604535,0.15090665225524083,0.35473129223420885,0.39659436408513715,3352.917318438784,8716.505178036019,91.636664559078,-104.78056003019448,-55.87364942814902
0.4767661218689356,0.16964840637499076,0.23350567296300298,0.10528028477882542,4470.766120636506,8691.55056165768,89.79613475914826,2903.59829582728,4.35174603315356
0.11806119767089757,0.3356336278044594,0.11630388825150584,0.7038114338746301,1980.07839655732,8053.95712260768,81.73254693412568,-6449.095871186283,38.54097777094533
0.09073604246926484,0.8796917644126766,0.0376331466756622,0.7669095412703542,1815.5690635260323,7406.223631875226,98.8739247524138,-491.2743977082482,126.32770778348667
0.09324105395816887,0.2095089548228566,0.03032545382296013,0.09719129731674273,1707.7359816447397,7465.843500004764,101.72501173007387,45.03718282229693,-155.61325607440637
0.07848522816182704,0.8233479271907983,0.2659785179930085,0.3246014366915181,1668.7239429352112,7362.774825885681,117.48389714731069,-265.2925254145498,142.53048545665644
0.0658699357271541,0.10749918681909007,0.03399727920828943,0.6342641089671776,1582.06191819808,6869.754981668148,116.37076730574142,-226.8082339157968,-166.21666767934954
0.4716612989255767,0.7630581345911625,0.3250567285751206,0.35624300595363345,4499.558891731545,7456.871690300877,132.45043545595055,7295.655087024073,152.21766501883354
0.739277266646017,0.6121086769717166,0.045930929277623274,0.13291267236952345,6377.895454170799,7434.507572695717,137.12986146170613,4811.422749068728,-35.04974503479775
0.7837128477387589,0.13581486618777763,0.016340683915208164,0.3935445355894247,6711.305736454258,8266.24373380771,131.19207243514404,798.8998846326194,-110.59315411199378
0.8785278816143072,0.13595100340152141,0.04663570684964063,0.48620490593430155,7407.091475190691,9278.924315403292,130.84480939265313,1704.6636448057145,0.0316104125626992
0.06809692039855966,0.12967635251175755,0.3086061220644378,0.8121706947746961,1631.7941085854666,8544.184789377568,129.9166773420196,-14570.602780385792,-1.456944048272348
0.3812026652501381,0.5843552934949627,0.6599518685165813,0.5321883247802071,3874.7973671950913,9017.282435276142,135.69187594462744,5629.275848056688,105.57428430335878
0.08163507159843356,0.7480057205260454,0.7592853038611729,0.09673372941657335,1669.3279288050796,9000.919951878936,132.63418873219388,-5385.875690666042,37.99884963307281
0.4865714182800281,0.19929720586771008,0.19264204749178138,0.5548253773724509,4604.979100697673,9708.082038998724,132.39707678566432,7280.282887992238,-127.4075034153662
0.1333989759783481,0.14541908547799567,0.2821575112827516,0.11856220953484006,2003.521771477104,9806.810548262056,116.65589200203088,-6349.6283039791015,-12.510242914382983
0.7706997649571143,0.18178100177090792,0.21311643068769318,0.1643873885010491,6592.942828268251,11074.012316327646,118.3806803622163,11457.924354106768,8.443063758839557
0.07390989328575459,0.1276826899912624,0.20435992441121145,0.2767010063768577,1595.0533685816038,10358.90171292424,103.62756518989065,-12527.468627665872,-12.56137030627729
0.45187289643113476,0.6369458727135049,0.7642326821370948,0.10280556898169999,4327.741489029897,9842.182199954748,104.20427304420022,6795.333653407849,118.24848523155453
0.3993499473285768,0.11164144525561451,0.04075030643860304,0.10533798428062516,3906.0208276744647,9151.142566302,103.64297772479128,-944.3013221999316,-121.97318584917912
0.7953606496452821,0.06180107703946308,0.01237874692628757,0.124975908148198,6753.619210859092,9001.61759016498,101.92125175483696,7119.810219963001,-11.572696092890787
0.9467084737712854,0.1539598876271078,0.5230869833904495,0.4178856736225137,7901.75487389113,10581.258615138566,102.48510387312834,2721.057230720264,21.398836834184465
0.7210963050145571,0.8701491849919302,0.5958357316054503,0.09880245648909083,6269.4887486992175,11192.34770842266,109.1211019001798,-4056.243468838216,166.29574339095996
0.7521820220245197,0.49265684607624405,0.7226654321786701,0.34737259890214944,6514.094970089021,12397.912861757985,103.19202266694964,558.884909846216,-87.65192296974362
0.4335435048087573,0.13336151796804321,0.6886582779858572,0.8316057969804287,4273.316235808056,12302.574862540445,101.6610274013664,-5728.748637536357,-83.42666373889726
0.7599340468624176,0.5514037941885025,0.31354189242487374,0.41553229585272455,6570.903215746451,13429.011793347974,111.08779895307605,5868.120996271586,97.06742525854578
0.06267298803218768,0.8977659984114631,0.21818606401787327,0.7561013359517569,1618.0485278632243,12156.062286461654,127.71262952667004,-12535.940022831746,80.42365397768347
0.43907956723039115,0.7494531134831035,0.045651548206166695,0.7293362472521091,4309.563082033614,12812.594739085196,142.14984258940834,6767.350967432758,-34.43754541483449
0.06117653233041623,0.13785318990940001,0.3316453916526199,0.3464393560477079,1517.3082869040495,12110.168276933156,130.5611482297914,-6794.255494347977,-142.01058899199757
0.39281997139544816,0.803405493821271,0.031111142974535756,0.09160474639858976,3888.980879435477,12098.428142357798,146.62357992636095,5962.561953566892,154.53807471268556
0.47928476483983457,0.5319996489070019,0.38735870516201515,0.38630708293114424,4549.615478001975,11530.160592577808,157.5413667932945,1554.5360679166752,-63.01914438925098
0.456215171727884,0.11971964897621826,0.03140196797777926,0.12472626159102992,4317.822621078095,10648.3108839002,156.7463247616299,-414.76435825589215,-95.7294521517966
0.4866223383537273,0.19617492073876633,0.30296808024998906,0.07901975559426808,4541.089561225246,10226.75405869805,141.09696338290732,546.6853659163462,17.75254992037989
0.7179130676301178,0.18419318066600363,0.2958546449774463,0.05983538402646818,6200.964132936967,10165.142478430813,133.93458400398646,4158.337359195339,-2.782102971726431
0.6477172991567299,0.15946574026279184,0.17441375814107823,0.4076253622401379,5740.736608524401,10550.201963168536,134.54071161132725,-1262.0379874867358,-5.741593876280859
0.3941925212567822,0.41222300533712075,0.325669156452934,0.15749215376091633,3898.1124737798273,9892.641388002734,131.30899999081822,-4558.079602763688,58.68903298004798
0.07179672569422316,0.3723563657261737,0.02563186650510671,0.46513295877561867,1612.8824370291843,9909.044803433277,119.10923859063298,-5796.300116868284,-9.256843819078796
0.45235179422385735,0.17536327602618815,0.04925549077139198,0.4114466003302475,4333.583230441114,9932.90671848682,105.77914602371462,6841.935963662751,-45.7408570821659
0.3911108347767514,0.5040244184839906,0.31708202074265324,0.2935777325674831,3899.183693833685,10526.090085686612,114.28146753120488,-1101.040972885472,76.31355175208877
0.08801683083150288,0.6770416443959432,0.04709500752957044,0.5823606656309043,1760.8168372151126,9978.089614343682,111.3473591390176,-5449.2764318603495,40.17377571591038
0.45678484499216027,0.18025008474903545,0.022612947958760073,0.05769065879544835,4315.026539116482,9937.6373845573,103.17990180974418,6630.018483482163,-115.35263376011292
0.9038922269431142,0.5226673690544156,0.8751848475292567,0.5316663965457659,7636.737161789411,10742.508478777188,112.53615593203422,8038.46888180683,79.5076623638383
0.40155313681167487,0.545486811875317,0.03946956697104406,0.08537337028855554,3939.15936953,10589.56398333807,120.64701165489832,-9031.470530673743,5.298565926120318
0.736706668569902,0.10896382061848767,0.4925713991154621,0.10693592194428966,6344.701070999674,10623.352684314636,118.90022174893925,6025.669323352171,-101.3585592599579
0.08464382775281346,0.17926475280868506,0.2606978674550771,0.32261975383032604,1682.677705278788,9611.012302390936,119.3599453893009,-11723.328816489344,16.32354158692649
0.4520355610282882,0.4152416672488429,0.685245763624627,0.3978001997819671,4358.071472601289,9715.007336694212,119.4300372809981,6605.274559506022,54.792715493403136
0.6983191660286492,0.08332225464950013,0.2662959378099994,0.06826838682479644,6055.744211876229,10841.421559247672,112.7188028987344,4427.891765633558,-77.07010655868763
0.705684569839393,0.2162613729315905,0.6883695589659848,0.37622026789710517,6169.996683742086,11296.884321826396,113.66843722770076,132.4213639154368,30.86783003013476
0.43848691917602184,0.08745296008271597,0.04619232546433385,0.1345513775437476,4190.625690237071,11382.060992031133,103.99584639100632,-4803.901896625392,-29.908699904519672
0.8884508690660007,0.5176226840307881,0.28405418908763375,0.7987120313313155,7546.835566448207,12821.147969349884,100.29421406808804,8089.826639279812,99.88336085367249
0.45807500467897694,0.30048623922103046,0.02524047452326993,0.43335600731723933,4382.982118892576,12823.467525884556,103.0860403022918,-7737.655724358645,-50.41804818889268
0.41421037022779933,0.8240911128957888,0.45625635696167155,0.3147226239981602,4086.992951572053,11943.076701198228,110.08495605574151,-788.6349304031446,121.57855755629792
0.15601886856884573,0.38573857768783204,0.0401887068840606,0.7020543945357973,2253.030850663487,11501.634744665356,106.37567815151326,-4641.981849139197,-101.78337065065952
0.7200292930003465,0.7440464409214309,0.256922715964941,0.510370552691749,6304.69613361388,11471.650769907186,121.12199408314594,10140.249141099215,83.19737909865121
0.4685829075460383,0.09356033363450128,0.06685784315382426,0.08749859147513031,4401.274824086003,12161.928423557276,119.13197829389836,-4520.7125324067765,-151.03977562187592
0.28870273334604907,0.7648153852592715,0.5936482384411419,0.6637818347997066,3234.704967920288,11868.27506293233,127.24891351205667,-3234.035583244344,155.86222556746245
0.08506630483264613,0.07832767128803753,0.2818906447907548,0.604965405825057,1721.4634195349915,10765.717994898092,127.1329416654962,-3661.1453084593327,-159.39917720587587
0.48367144954218994,0.16547785094111941,0.19810234527534298,0.10257218457070397,4518.873239372117,10366.564317078102,125.95377247482416,7166.455266057901,20.235856589019196
0.45761278905901653,0.44036197301876623,0.39536682282422697,0.7112562008971395,4435.58928569487,10400.95039883347,134.14815165243917,-468.5043008718149,63.82678377835103
0.42481849613238415,0.15288199470175998,0.7115964597831808,0.4526314631355154,4158.621259597701,9567.39350559614,125.6790465848156,-589.6031106471637,-66.75148159871365
0.08811034221452241,0.8287947255291777,0.037572874746885164,0.5211295131215796,1759.6317223184278,8902.240223265651,137.9461179852994,-6053.6196152902285,156.94371649218135
0.31644327113194953,0.5942352712241188,0.6858203103120601,0.4314960160572586,3396.0389815569665,8726.466390072103,132.60897482996486,4105.159560966253,-54.46358800188568
0.4363510814677383,0.9116458987931778,0.3075309911559991,0.4149264561648799,4260.323532362695,9230.470989621072,144.82029231819763,2155.802478286004,73.70123578501332
0.9105623323260104,0.13330089249452745,0.22765657616022594,0.24298150847055947,7608.011680326274,9573.027156082097,130.63907160293817,8525.76481021972,-180.728002936271
0.34405899184858346,0.4529888293897585,0.039454787649094894,0.12008528379931752,3526.2916152497046,9349.147689586389,138.98483006616016,-10185.068861974083,74.23001616293908
0.7391410168654444,0.5952717814330118,0.029651047517206944,0.1398204676289552,6376.659474539026,10158.983150017755,135.04810834479264,7103.113686026423,33.037423721567194
0.13817661839370649,0.1312765302177836,0.02971285948489276,0.4250714635093784,2073.518465797344,10254.469294979328,136.27755562776983,-10804.63846315727,-107.73748716242902
0.07028780454380523,0.4934240313517101,0.30538921561075666,0.138540453331692,1569.2774555551284,9511.253749741045,143.8923097248036,-1220.5616359406729,84.08892472958489
0.13141536827901978,0.39621740980929854,0.2420181787323786,0.11749406021645134,1999.645110845923,8924.788859623599,142.86729399466094,1099.0022503365583,-22.57091449341314
0.06621474471849875,0.178550304177764,0.33028966136996724,0.1670432809775735,1530.073421844586,8280.061169362398,143.4632999139908,-1172.2311120847085,-50.541265103988366
0.4743999328451642,0.44926054781167013,0.2746646630429191,0.6155114150230213,4539.883948531808,8974.564767156035,134.65069709263653,7338.693265258142,62.85762908534005
0.456025658134462,0.45810540391090726,0.25814066254982804,0.03334723893274419,4325.5332149708,9225.51760749431,131.48982641698447,-330.3480135873742,2.053733455136296
0.12663574610968326,0.1631710593002593,0.21939946941453675,0.36072030625086327,1988.1545535084424,8668.6855832431,114.11059716839364,-5922.046167608849,-68.48234994437423
0.10134061370549186,0.7312944935058493,0.029060850983896058,0.10041786128132527,1790.6359587849668,7213.799382252831,127.99572373885658,-454.7769571708423,131.9155552542668
0.05760539076294133,0.24170007355218445,0.04057949725887428,0.07735967225667109,1450.4397671749468,6698.78924120778,123.08969947244503,-786.308262521914,-113.68149220580572
0.4750905329072083,0.9195498086729131,0.061727851263008816,0.7453122882151435,4579.134703598597,6224.057289956492,130.61928080012353,7505.895583964045,157.3934796624672
0.48781546811286275,0.4145972248769697,0.02957424274034927,0.46781714801104757,4607.144259922261,6852.667133317674,137.19785237467087,228.77948296743125,-117.24758469374036
0.10302671142197745,0.40858061729487694,0.2548041290050177,0.07527638292145009,1790.455500658307,6911.527866731694,135.22782871412167,-6918.0527354122805,-1.3970276213805732
0.30788576802451306,0.3871825726541557,0.30472045732666175,0.7578920728139205,3360.433824270399,7228.801048562042,135.01804409898446,3683.126734499832,-4.9685240392932855
0.3894822068047437,0.8209293388076303,0.4181380761343852,0.3220426519095435,3908.994068984657,7809.998214921065,149.93377929575394,1467.0087332020175,100.7139330150786
0.5266736597972697,0.870180031595288,0.7125085285095931,0.39031921945463954,4915.657132477277,7903.980274802745,159.70732921071163,2466.542200484755,11.435776267222394
0.4714603394612639,0.6158432577619913,0.04354220294295821,0.7341945852603368,4536.85326445802,7931.730030354693,163.36992704114232,-992.6710568847212,-59.05578739013413
0.3903062765789262,0.4986101948040519,0.30646544600455566,0.04183323963512564,3857.322235244999,8405.778869579406,171.15866398628674,-1459.0553308811775,-27.220958797236733
0.12875618149460194,0.5674728879225406,0.019128092131371083,0.4648664680831247,2031.352206419175,8455.068860629925,167.35480433853502,-4702.365438912815,15.989589325305502
0.16583149606185532,0.7969887148405491,0.2568382020954476,0.39092657221503524,2304.7623121396573,8649.646766243637,180.2483420860792,666.5708831100401,53.292481747153005
0.4522100486395321,0.5585458984785999,0.7426473629936512,0.5738065342205652,4392.406527082822,8608.510326048034,171.86600325000663,5148.752125870875,-55.36528617369996
0.12937542733427587,0.7799654761510272,0.049511106819894256,0.3431219739738942,2029.328888995659,7964.076968401455,180.3496800070644,-5804.189691542302,51.41257123756239
0.38141194816039486,0.8691193971911265,0.044367580855504206,0.3912075184935929,3852.642946070803,8464.581132057083,191.0431711057173,4531.322477609774,20.70111579457188
0.7876360072706841,0.6129706015027363,0.04024271505921019,0.12698790946026103,6724.715795106353,9327.116067712152,196.2858615849396,7303.434454494249,-59.4765302336005
0.4258960400868756,0.4080464599506973,0.04836251248836317,0.057102421451458274,4104.094801359433,9392.583889877931,186.6989178082668,-6503.66240169089,-47.58240954387162
0.5220273984717194,0.4462385706645413,0.19162351847346984,0.7390208647392564,4897.398824357632,9384.23045430744,176.8551990234249,1728.3296231220666,8.868026185531335
0.8059825590958047,0.42619510276940953,0.48963042149276914,0.41943326192256813,6901.6574042947495,9985.66236112847,172.451659200468,5105.182367030477,-4.653997771284622
0.4628748043489301,0.8757403450648386,0.6986655843752865,0.34167235485237035,4449.855807599346,10116.13210415358,181.2084416493985,-6168.676968840364,104.38226392163833
0.40260564488351697,0.44039902968864353,0.029563225003282134,0.10031312255147432,3943.6835842052337,10608.481476723944,178.25784719087807,-1083.5691434603104,-101.08417974920523
0.45380092459066396,0.46788979817251397,0.028153222053748646,0.30216120178236716,4341.582600461096,11126.216898590554,170.61632710703458,920.43137607252,6.383225493923106
0.09803787377817519,0.1917333864632231,0.02389085702630892,0.43145051020289527,1788.4066023287944,10489.45666573509,162.0991153035147,-6396.204421349861,-64.12220337046355
0.10639346459407203,0.8263182870677587,0.239770996407047,0.09006684712932087,1835.7396685213912,10448.137779090035,163.17540549355533,150.2237705618236,147.34759117316716
0.1191411561844744,0.104744356354633,0.5684254046237578,0.28115853121550116,1929.944986030121,9976.605506304497,145.42698114358214,229.1886162048668,-167.54602960556633
0.7092506632279545,0.1730168422678948,0.018827237075513294,0.6799678268827171,6218.030330011583,9835.677806536314,135.21146441933027,10609.480184667886,15.852546023612732
0.6023486731879517,0.5124257686609839,0.20140501727237844,0.39570206052734924,5429.919675714684,10152.919046013652,137.63510224811083,-1921.973009235733,78.8091359864528
0.30583270053712003,0.4788124476334513,0.40249021791956496,0.13069253250834736,3264.099471379916,9764.226212498874,138.39145215526554,-5331.011106799082,-7.804853030727628
0.668732579793931,0.4785696811109622,0.04680155533855616,0.1017433653672504,5859.994381556594,9517.466768977149,139.60756491653453,6524.516266960967,-0.0563692301411151
0.08380814027830094,0.3928365242860451,0.018665156774851123,0.3526082926624017,1684.140101532602,8835.949150107608,128.39476822183084,-10516.258722318462,-19.90683063808882
0.455207344072646,0.37647518729939133,0.04623913102354733,0.17694511719229641,4330.277817373943,8930.520865791865,126.91048705068788,6677.324202077638,-3.799024513598141
0.03630450450675554,0.7551158013713063,0.04730279128076223,0.11544973679564,1326.657800482374,8179.911030976298,133.57973802929143,-7531.384128925684,87.91854699138855
0.07509924014449884,0.8440690107778837,0.5907615046371926,0.33191632826100903,1655.3298635644392,8138.670045007585,148.72666049587406,697.4840671186471,20.654511509326998
0.37528988930275725,0.2102686198545161,0.5217774607589747,0.16594828068805464,3759.39967470291,8622.114432129556,134.4222806689309,5397.077501468666,-147.16543176209075
0.4605773400716146,0.49617701795616775,0.0402432132568121,0.7836820897524324,4459.924238240246,9235.976839706787,143.51116061841316,1533.368820757465,66.38656815868806
0.11111126563207274,0.8950994887476199,0.42119126087993847,0.4642664914459328,1930.6822528255925,8160.592015243163,160.27757571675133,-6282.992135740675,92.62789751217171
0.0738874748885561,0.14233582493497668,0.30790507812626705,0.2665869750875366,1597.0022375530966,7210.480460556724,151.68426351006462,-669.2403114638605,-174.7881370637958
0.7718235899967325,0.10453348294886758,0.041055995162822614,0.05159567540119475,6576.770559221683,8048.277691231275,142.99368423209526,12548.07674681081,-8.777523743554454
0.43371582246235435,0.5333796782181138,0.030605724712348282,0.10376234025283129,4172.2469760659815,7625.744991755458,144.26634625702735,-6078.783034542732,99.57604379887364
0.8543756725281484,0.12594322713350783,0.041656147123709505,0.3929224299841152,7219.632074287218,9011.135477211714,138.0692110276472,7562.973127002286,-94.60480318121134
0.04941922911901478,0.7731830739714779,0.036535206160711445,0.38008625438590915,1458.8653482716195,8281.575808474317,147.28057919049567,-14472.177339858868,150.28600940868796
0.4546058680668708,0.616073234414999,0.32647748453698033,0.10168817071339417,4334.189830299212,9033.632837710353,144.0520770165504,7284.782850808598,-36.48015637654851
0.4454237038034852,0.8162868507103722,0.049284643997728514,0.8843078527092745,4380.263699870097,9699.433000594068,143.40698849338585,-165.0845964045402,46.4886480171337
0.7196302569957187,0.1254639812912733,0.6219046768440428,0.12248225960648132,6228.42461445085,10318.516791689564,141.4378651813277,4929.913783586493,-160.40577965102642
0.6427354184869531,0.6691950663702517,0.03486793861239512,0.3691855421043768,5719.30475518678,10646.01575592542,145.45526185102645,-1382.4794478389522,126.25176797625691
0.07614088361230803,0.42309807818796685,0.04245544045533001,0.28379440192588645,1621.3501752836994,10583.14309065558,134.49561392841642,-10186.708430797653,-57.142548410916135
0.451805760291673,0.5740028428783652,0.0454857615471106,0.3340375223228288,4337.139358959115,11262.59605871505,144.51871646714204,6754.016021829255,35.03936754956078
0.3676435546780992,0.20751761074759142,0.03693739603295765,0.3094446715438506,3711.15794851582,10535.927529472823,146.909958859729,-1513.138226206147,-85.09612520494088
0.3603127903494638,0.6293617546821814,0.04358931316130532,0.0762228516320663,3645.295300093104,10403.957445039176,149.1386169556443,-131.79858645693275,97.95020083215698
0.4179995232272728,0.5174668904955465,0.04462300696999127,0.4285754820791261,4104.714438851381,9619.404060657218,158.2296099226582,1037.1401275191602,-25.981454470225515
0.0930261424893743,0.10923609499838885,0.03138451334301193,0.8717751079364966,1810.887417291412,9697.804201274386,142.8130773317964,-5842.642089867614,-94.78924617006886
0.08479113094659083,0.5970379702306149,0.41224661071883834,0.4905711454452034,1731.0242553702124,9032.920467214044,142.37108756458923,-148.05589596650088,113.2652718599977
0.02214367509793222,0.13201313865356343,0.03748539134595659,0.1749285456292802,1204.0073490638988,8271.91237913619,126.48257791384896,-1126.328136579618,-107.97655081819724
0.42641903604019066,0.11293418634683086,0.6305081266811963,0.0725651010707461,4112.396644505796,7744.752826287174,126.19164204361338,7268.399135874823,-4.430041845979417
0.4708622039767965,0.8545153796568247,0.039583566596105055,0.35459571193592554,4489.949853501795,7435.744846945076,130.4946914436574,799.0362872302339,172.1916206790525
0.7424356604609297,0.5587984247274261,0.2299364523396944,0.1502417487445459,6405.65651819893,8633.665088484635,133.64558885153855,4882.573778018937,-68.6640683325447
0.07528941363227004,0.5361353337955304,0.3080427218156283,0.023727456910437816,1591.0987399102096,7956.732642657736,132.76632332823846,-11994.510851835325,-5.262261762251313
0.09991786279804943,0.1379190811013187,0.03943728251024063,0.31629081199131837,1783.6029139545626,7475.393096518446,131.15027862203712,442.79077066993295,-92.46391703395336
0.13242416003777097,0.5460360670911664,0.6684531071559603,0.4450417254458998,2071.85374516212,7065.675937458193,129.21549584707867,584.425284333437,94.76282014458548
0.0673902496313526,0.5441722425040607,0.04068978732591898,0.3593701314345683,1574.660267366523,6435.321385230544,129.8355814000342,-1169.233804154801,-0.4327711910852656
0.4308189037315319,0.832466464594275,0.8609669734787215,0.0679990547219329,4183.167392552372,7042.633344137667,146.62864608242944,6534.0230214801,66.94054512432805
0.4077941131224618,0.45578214829792396,0.040452839758658876,0.4016689795841988,4024.544677641711,7623.355006486861,143.3487531821824,-413.9588615457742,-87.46430396642504
0.41651655030443285,0.15098517483829946,0.46327779302741456,0.30427301074705826,4071.038412060267,8332.391406499577,143.78927482535545,156.81924005558176,-70.77240538399667
0.3610629894354752,0.7363249529156638,0.5125129238345354,0.7194111985741422,3759.3758244081337,8214.888862797994,158.26411148251606,-996.9903012681534,135.91310829389664
0.39079070730589277,0.4234806791004774,0.35012448851986894,0.29094966707126246,3893.681923145232,8070.92965740528,148.25569105232293,534.4696703189256,-72.64095019448527
0.393687898788101,0.12870578935988972,0.02868146422360486,0.08522083797474564,3862.922133523894,7443.9218863472,138.26914492707573,52.08812136526285,-68.44532528308491
0.5287927343738352,0.7112919940319238,0.2875626138866786,0.3182322161285214,4901.618142330656,8259.267925965269,142.3361991445938,2429.02725492617,135.27374166540076
0.40617123413270256,0.2026430822332215,0.042829762374743424,0.8069713454325348,4058.3878911356287,8809.875742968856,143.83905962059788,-2204.5914554748724,-118.1058544490932
0.08969614574818835,0.4625211630011933,0.034501902622930986,0.41204046395244653,1738.5451805983234,8733.055760317377,141.89988332866392,-5689.852712217235,60.34245246520561
0.0,0.220253812947145,0.03021020088143356,0.3650924239020087,1075.4970706698116,8611.895956997858,134.37865168789557,-1612.6320108351852,-56.25332467942957
0.0785693692487417,0.10000889552186895,0.35528485264069404,0.4671448846883761,1658.3205881534363,7978.592407140239,117.37133582888956,1412.585556099099,-27.920297058048504
0.1136842014860317,0.688915473567638,0.34652352619903204,0.2696546439812789,1910.0829147484217,7449.817113338506,122.784580592192,631.3236990130636,136.74130225665922
0.3816142169395264,0.8344608716206317,0.3511452507237598,0.10132293874579532,3820.038770969323,7387.066791607735,138.65456070838115,4817.068960765218,33.79494814487097
0.40743422760827935,0.46809502038567297,0.031280235606022194,0.05143690815613844,3972.843687489212,7470.436865578874,132.42638944222216,464.2136557509566,-85.06840552958508
0.07181254511414614,0.42440327112287357,0.7682862896803166,0.664884319034636,1664.0979384018997,6896.95135980041,132.44781158951974,-6034.086127177139,-10.145016059919612
0.39599691223728156,0.3382221317650216,0.16632237958210833,0.14787994653528239,3901.89879266424,6901.1026964833145,137.31268126029175,5828.4565459789865,-20.01085004834063
0.33264037079892417,0.5920709003731341,0.26173527422641363,0.785744480112886,3550.7171801409545,6548.443640886969,134.54442425466203,-1139.0766678663513,58.94247490138396
0.4403096397409418,0.3350173179332824,0.17953339371130525,0.35775289912375785,4250.412294384676,6609.820509673814,137.61809095319387,1935.7677883570288,-59.6866174074779
0.08284769703606329,0.1388272045380666,0.30209722808998757,0.6398434717261395,1713.797996358417,6597.507798212677,130.1020714243,-6426.748514697054,-45.55440980905202
0.10767083673046648,0.7920245529014802,0.2840515133220912,0.08631638791103982,1844.025850810967,6791.087395749024,143.37831565187474,446.2910791396703,151.66931288525714
0.4156151508535669,0.5273489956419531,0.2999522323449202,0.40736269071376807,4092.077353150885,7397.056372452667,153.30094921980373,5536.479347772057,-61.45640365450612
0.3745665712223258,0.20041575552882987,0.621582934460972,0.39920759411143547,3789.416356575379,7866.092424102395,141.95821845624178,-738.005551526092,-75.91234105825032
0.7890288579718898,0.06836229735003249,0.023720408248753887,0.16798666727184916,6714.772081313243,8598.576396887798,124.16977448090718,7451.548172121966,-30.662183972855303
0.3754858737973967,0.6824596007735736,0.7526462094770907,0.6801966928397027,3861.688260385801,8541.136985618603,129.14721792825577,-7435.020184795014,142.5904686972465
0.42166549831358263,0.5516705948691992,0.9017130736222225,0.41449555173289043,4154.329105976112,9170.131762048037,132.10230456382055,830.2557498091264,-30.36858417775747
0.10483835766062854,0.13378278069938496,0.3143289666528696,0.7791440438930299,1891.7086168517544,8646.66266376931,127.35532021360515,-5696.182201102602,-97.03155990614214
0.06736997644082279,0.4491064148574201,0.25242459514939264,0.18321027586520108,1551.0789610748798,8169.737456002076,124.03575295885584,-673.6377627514166,73.21664585604451
0.42348445045076816,0.7035936875411718,0.03139160904817266,0.1386433586260746,4111.517074130654,8139.487729426459,132.59392069548753,6402.522600273172,59.09073250633179
0.4438832500600131,0.20631140946412305,0.057576659737437884,0.15164425466234374,4237.679860904985,8788.587515152496,134.16087178881136,366.7466083195122,-115.46657624213016
0.0953190116465886,0.4552479614532863,0.055982225902803044,0.17646304244717528,1745.9878817012132,8766.380375306802,126.34107975371444,-6266.778176577657,57.80188160104943
0.8027912806702975,0.42324250240356565,0.04675010512603754,0.259682139803327,6843.802601573342,9462.477867083751,123.92377657023994,12719.525663998533,-7.431515138281981
0.06858616509662654,0.4193913940441589,0.1893975937953812,0.11343138863950095,1546.8576384326232,8912.360809666468,129.00828659090104,-13200.151043468466,-0.8942090168941093
0.10328140517844275,0.22242279844058974,0.2278830652413892,0.39058308678132536,1827.4015338695365,7679.466927215853,132.5854980418825,623.7799217886554,-45.73516966965187
0.4421906306944868,0.3770050941131764,0.34540178602889504,0.39989549116324485,4276.414134403445,7799.394294607109,125.49298989576668,6093.192313623709,35.89327272627378
0.4639789047436998,0.4861342796058997,0.23614911638068656,0.6445009936744028,4469.681981212741,7875.468860718624,123.97126787256488,391.7277370117117,25.33927705138277
0.5022773734607671,0.8006643620651576,0.827677651385524,0.7917751320517018,4796.821296609367,8590.017823651158,139.45594053313224,688.5617671075925,73.03238693154944
0.027409157955143704,0.7423717700232058,0.6784970192332727,0.3786746078877733,1316.6626423463033,8518.172936079183,146.2654223876573,-8537.576267796507,-13.535262204378284
0.09316181376065419,0.14618716791058214,0.3136162930840238,0.3096558082182175,1742.0294368321838,7924.291389233881,133.32270851382532,1182.156007539887,-138.4312247772388
0.7228288959469495,0.10008278265015272,0.5041520583813349,0.3101265191779504,6273.483934367203,8425.803103129854,130.85613039957133,11320.679215732278,-10.705218646350176
0.7159842415087256,0.34443285728148443,0.32711583015670354,0.7454668613570673,6292.166527087243,9541.686744884077,128.28305646576618,-123.05889799515352,56.736923405537794
0.31989463786342376,0.1531527203720657,0.1204198930134356,0.14377349546099763,3344.1661563182465,8673.494942862377,122.01170038009276,-7121.228773760726,-44.41433665696493
0.3663583669708205,0.7577352481273214,0.6811483953780257,0.26494116099144593,3738.961458661407,9208.85460706389,129.8678835070323,835.3636187636966,140.38118310923562
0.6727480645414257,0.12292840063915908,0.6800525408160405,0.16082637294224625,5898.1683545460055,10232.68919475092,127.55767098270346,5508.529156643821,-147.39912618233558
0.7846458666708191,0.7527503375002575,0.05278218718640899,0.4450839550577197,6754.945237681392,10848.383739044875,136.28229655370563,2011.7918796929555,146.24165367958355
0.4581864581399447,0.507460988678299,0.04471053650760175,0.8830877826198551,4457.407479220471,10837.969596122288,136.77749257971809,-5869.359135153723,-56.955018398513744
0.41695897530397436,0.4635834049562113,0.030868775454513046,0.2927276327571836,4075.17599760864,10684.577074255089,128.9506333189584,-741.222022338532,-10.188165936172595
0.08688698947794732,0.8004205714361818,0.31805995623010513,0.4524888965474889,1747.5678026555834,10791.511273320906,130.29849883711728,-5934.30905846631,78.21198558480799
0.39801466909423117,0.7547274604248797,0.6705035934348671,0.06899585209840625,3938.5297925176073,11339.60112601713,144.42851456052568,5593.7125438439125,-10.609722724744216
0.43282604464728053,0.15578382875795008,0.0345835335878779,0.8329077527067936,4251.333858624154,10818.209847341404,145.72186631881533,625.8679020127965,-139.0718582975373
0.7476669712645272,0.904434718570788,0.035539445145964056,0.36534052265069616,6484.323644190064,10875.171697562128,158.72484278971174,5660.472390969353,173.83317053160505
0.6936469143509698,0.19383486299836747,0.0475288698449429,0.6836209468873953,6108.089780297348,11547.13466783113,159.66946276318387,-971.2175732779524,-164.99790163120736
0.6665105021244038,0.6469363828455457,0.02097485869099666,0.5791452425646944,5918.500632105119,12086.77317429279,157.09676588866998,-487.88101930972334,105.20801462937536
0.40870963487626794,0.5798459077148763,0.03967527883164956,0.43646609230550715,4041.779875684468,11612.062895253528,167.7061727573676,-4634.958698365395,-15.578088750220644
0.4536206672518151,0.8141458964674773,0.2821332859828869,0.37729324904290984,4373.9781991277,11016.918222621962,169.13174839175974,807.4479437699301,54.40334133652905
0.4921632976454629,0.1939887720912665,0.0312057263914956,0.13623696814061168,4581.412947042144,11078.004614413458,161.8530728402598,692.9515090768655,-143.99753025743485
0.08733507950417244,0.6006492478802771,0.04892181795186587,0.6259487167985295,1758.5688102128202,10485.37932213472,165.03567642375836,-7278.3388630408335,94.4246254138126
0.06451206005865587,0.21669478480807977,0.027551358648097546,0.3483123935733786,1536.830721197279,10445.151810550193,151.48184170702066,-410.33125152423054,-89.15239741755474
0.08271985448967856,0.8015818732497182,0.32453623440506324,0.08292119162284375,1665.671759589001,9878.288533828056,152.5697788544372,327.35489246779434,135.80799591679826
0.5346713084859289,0.3845265674705074,0.2795244313595185,0.4347120247803262,4944.9375276304745,10061.394431242245,157.88107628927054,8125.559643376086,-96.8382554233692
0.749147628114341,0.4874486029316679,0.034103027881813186,0.46865272625748255,6490.14919171795,10064.056479441922,148.1988573090289,3856.033898824264,23.89800638085478
0.3905321568896814,0.8226493842635495,0.025846198994880665,0.5815131129248656,3942.421775810464,9519.091523856314,162.79963096671693,-6447.487611130837,77.83202474808976
0.3811407222602678,0.500376372418142,0.03976845070611684,0.7381696431348269,3882.4114813697706,9006.0299668683,159.39657733619097,-168.8470333338082,-74.83025825276462
0.3657994106053262,0.125942753705968,0.03896552721283998,0.40695869589993416,3707.9265041882,8928.882391937148,148.85716230986412,-275.81887779673525,-86.94170270822961
0.6741080648550779,0.7263857075209326,0.3112122448668539,0.39664041480294077,5959.078144324423,9325.292998429624,146.8194125257365,5543.029758006172,139.41999375852146
0.39330835176195406,0.4722517006481921,0.025844170120668496,0.31125799208144345,3907.9710237833374,9147.563343680944,153.28054518057817,-5048.451103334653,-59.00870586774215
0.48967796705935035,0.1313493144668628,0.033109236596870636,0.6189331961080288,4628.810695907961,9870.928895668942,142.38362427049688,1732.6132043259204,-79.15591023541702
0.05777323676134366,0.8209823446470758,0.042822115152214166,0.6046675444900772,1553.033976735508,9858.813277908605,156.4148935669083,-7765.142949007599,160.1295046473726
0.8819763200019919,0.5133549102508083,0.06101702879677618,0.36108937582120537,7432.15539626305,11295.783116914396,149.72240077853775,14818.20946012913,-71.4296249310215
0.07431148993926262,0.8096591161408937,0.675657109127016,0.17673456691112086,1628.5070099800796,10468.109894505478,159.5937760533378,-14520.870970771046,68.80042520833692
0.39907060293424595,0.45120393226827626,0.2583052928041706,0.1082703348159196,3926.19769754209,9838.712262807598,158.75219206512315,5838.789805934652,-83.23158624929218
0.7200471892676066,0.15578783179320774,0.2469402457964666,0.4715844923146937,6271.756978126966,10431.141831359895,143.26798446596726,5770.784391370966,-68.594211361323
0.3407273158840806,0.4905465979115846,0.2076469111076704,0.45331831195352734,3555.749125123867,10358.483243585018,143.03974178418633,-6819.72859660559,77.7293909209852
0.43528404094082135,0.7772846917816112,0.035963252493769915,0.3660276569539739,4232.015399280544,10483.40849896293,158.16359132962606,1700.0195537311738,66.579219563977
0.4222937955442037,0.9050182709986657,0.4127635393390382,0.7696675405090722,4211.893938068617,10030.675833486064,162.31135436471516,-233.54945054161544,29.659128655015195
0.3753246657201245,0.23446677946034047,0.6553503353602275,0.8334574914877384,3858.671044452357,9998.343264966028,156.7901017599095,-844.4501337663496,-155.69886226668984
0.6605280348878173,0.13089611380191749,0.003913775730059481,0.08802204662953181,5781.72548159761,10305.511745991997,156.77957865634465,5127.623699785958,-24.04861522300932
0.3638180447747695,0.16444029540791602,0.2888853004962504,0.487540430945255,3713.734488340805,10855.744590486687,141.5349850066807,-5334.4993143203865,7.788799186382363
0.3088288746566981,0.1521971234605378,0.059584406860678556,0.09823766685178578,3256.436452147617,9825.292379209928,133.14907322934675,-988.6410975853388,-2.8428062077217646
0.07342234145224236,0.7882010946353556,0.19032570249866035,0.36104962055560663,1633.73864204132,9823.693794008084,132.65082819118544,-4232.334710021904,147.6770926000631
0.7072407087751222,0.17735546067844973,0.3041348372518948,0.14057958341296503,6135.520639055479,10377.747675940354,126.2921971243614,11395.314477275784,-141.83544653591932
0.7987154829931193,0.7951542451144792,0.2600187359723461,0.55066567126239,6878.716532798784,10519.184086213432,141.13798068936094,1644.6096747790598,143.44993495691295
0.4447110337100381,0.5490324452440615,0.04698153681934434,0.49514280215747664,4307.737379263553,10706.134674305096,142.49599420559062,-6364.5868184197625,-57.14830956671392
0.424419859716974,0.19199821317997953,0.036646662043381004,0.4846978972329695,4143.473043053288,10686.602144487955,128.90592096463908,-364.8116253568514,-82.90164800783478
0.7808857426685001,0.14258528725714545,0.6301978137850428,0.3913372007110659,6707.915435862008,11331.308612014222,111.20259025534222,6408.840522892477,-11.473446028437875
0.32800230557856686,0.1520988394903646,0.03892625880830578,0.12520406312992224,3397.5542574927163,11246.228531754376,109.290045923936,-8142.315611627493,2.2090015122161333
0.0899843681624587,0.67827464592192,0.25649721630608946,0.37979842714647494,1752.2121812801374,10220.457610533744,121.99991470444915,-4279.28470982193,122.17551589618488
0.8199777144376676,0.4632179536442559,0.03934898893505263,0.3778679464552085,6985.732293340081,11040.579455474051,128.93738961057204,13124.428347289077,-49.93513955752064
0.4116767646168135,0.49164638481186285,0.3438423912649315,0.38230402854154066,4059.770610277521,11225.487957632173,136.81923976773464,-7340.774525407283,6.600946302675283
0.4498703963354654,0.54004285194396,0.2654594281999125,0.4478994658406117,4343.784161082879,11902.29762281624,131.0571235787882,686.6769202375908,11.237429138973283
0.06699202325806855,0.1723112371037087,0.23052168761789726,0.1134713881450636,1525.059522703157,10751.205213496294,130.93999911012077,-6883.706267764324,-85.38552933312992
0.41091948774107995,0.14123581233414387,0.03619701634533466,0.04032260105506075,3981.296021655002,10053.993276014846,115.75632458491155,6183.414393164016,-7.215565608504534
0.04087890739677513,0.14814195665310917,0.2407889453065781,0.11147548198815041,1336.145387838046,9327.950246557744,106.4478383978249,-6652.897738176311,1.6035738145114635
0.13363250254113052,0.08744148742913913,0.034488240650709066,0.26484322690045836,2016.3208896450587,8805.14851788101,104.02008102987251,1667.6013824468664,-14.09435981649171
0.06886193597917148,0.46390606247434196,0.7337012975598549,0.6452026603216575,1640.9808511026692,7525.012817995458,111.48099637422516,-1164.4991891957177,87.41328109461196
0.43903183496883175,0.5407109896698707,0.03369999719356196,0.6794602084442398,4292.156774892783,7724.630952921088,120.504385391995,6655.222736484306,17.83373824638832
0.303563560156843,0.3641712118031567,0.4843423421354489,0.482253684013201,3294.3347215179606,8108.621412026645,113.21105327007896,-2435.5614680226463,-40.99169550067356
0.3590791824960125,0.5138236268365362,0.5088820893470023,0.08456338521984555,3645.0742059115937,7279.979645809986,114.38609289637256,998.1060940669212,34.748577924575216
0.7708971877756385,0.8011435173779818,0.30616133180545246,0.15546944647345426,6624.4339039762735,7925.816039893153,121.5724688903768,7404.007077590975,66.71430997978192
0.4291971660297607,0.5128511082872567,0.3608466316760341,0.25964974828586507,4169.911722166915,7888.64798469941,120.94108955503546,-6143.367572531521,-66.94012415448265
0.02692999353274897,0.4676039848927841,0.3081733274375954,0.38374590998831015,1290.9542471407267,7816.621131131529,127.79764650055616,-7232.294251505703,-10.506166524509553
0.04721098915821159,0.18679697928096148,0.684852498031822,0.7462854344065657,1485.3275586833793,7162.715701265962,128.85555509470277,364.628630187156,-65.20204912224531
0.7256543126307551,0.10566120097177292,0.24174576020322647,0.7389110001752657,6347.339944128448,8393.86195565812,127.86917218283423,12197.61910440094,-18.83934124563945
0.03631740140340278,0.4767052914186275,0.03365294238416311,0.4004527253048211,1353.6699570319624,8218.900762037898,136.90769229166668,-12393.47309767692,86.15467039051705
0.6139719510673967,0.8504609465173949,0.031219075093802808,0.3262798467841598,5514.712772284541,9198.944946128024,145.883312569695,10385.55458790775,86.7842827865716
0.36133808018782543,0.1389705798399755,0.21492979719153452,0.4141395705910812,3682.316553628752,9059.26064313292,136.55509161628694,-4542.062134368,-165.20467406797593
0.9050007546361976,0.46522437375810266,0.040660900122045165,0.11336802900687357,7559.97630722194,10140.5745214875,138.9014979017672,9774.420345474213,75.75457688820929
0.16014710240855207,0.5327422664594723,0.23989100119294735,0.10918492178809255,2211.3789711310865,9782.917860038871,139.34077970220983,-13391.599303965188,15.677333074199652
0.09338383868352837,0.180044274841386,0.7286284089220432,0.06956803263180952,1722.763926486734,8564.827934991943,124.91915114154564,-1200.3255583920036,-81.89479363128655
0.10213782946558647,0.8370433919300558,0.040631187487937426,0.050420146780181224,1794.542648776306,7976.813420893874,132.44674154374206,157.38653695705943,152.55206547412325
0.470145383082257,0.13039274825150152,0.019526942656636632,0.07464165398472863,4411.101266831104,8773.662960994387,124.61685725429814,6616.346290480102,-164.08091344091278
0.345631487383011,0.5255726573777392,0.29882142452110977,0.05287282733237442,3538.6413206827224,9310.18818636776,132.48306712914112,-2238.614517084232,91.75889252062365
0.7616162729276488,0.8090608615509222,0.023110504625612725,0.08481397678634803,6540.27512663211,9374.843593646869,148.81567219421984,7478.920923458312,65.82461065671777
0.4414065992088915,0.6739310780469119,0.26741568565090096,0.15882633310938668,4248.388481241881,10103.146690926687,153.39516101426992,-5756.996197669814,-31.376492059768932
0.6174059578034437,0.4476494681493376,0.38235584783765725,0.4363060595177195,5545.920257033787,10109.320634234708,144.0420703595927,3164.2630481897577,-52.54151196070168
0.3141867209497648,0.688877704742389,0.765326226683698,0.5291275519953522,3400.1794842297763,10024.547993640816,156.81065186005733,-5451.527973387134,56.01204748344264
0.4710790609322341,0.17449512700951866,0.7930039714023147,0.1366608344084266,4449.959679905928,9244.407433947965,150.0600572349436,2820.7411544846364,-119.43718436757447
0.06941705312878818,0.4015198034318209,0.2250816136176833,0.4259137223002223,1597.091264741063,9081.285394987715,147.01313414923595,-7221.414096639169,52.7140484682608
0.46409963310874053,0.8894009768316425,0.03850830417949906,0.4164551793815132,4451.6377965456495,9747.789124914558,163.48405887833584,7095.932130478913,113.2836845167888
0.08966460241920099,0.13781177617421317,0.29090529239131035,0.7307501343877425,1775.296540992787,9725.363718509823,147.24823382867052,-6731.904826358742,-174.51543231352906
0.7958410704730718,0.11252269804430334,0.7547063095931719,0.40801581299475187,6819.860643995463,10310.926550553811,146.83329977498192,12696.22867496738,-5.872003481145555
0.046504899091035556,0.45365899753921746,0.7207317450035557,0.23856226615081236,1421.9727478546597,9773.13185765164,145.1634988484931,-13472.18976654589,79.21022379262146
0.0580044373347976,0.22577460045866202,0.2080807257169354,0.8137669451108512,1561.127908011647,8508.119899986275,131.61986970533644,206.7482758264296,-52.91367150996055
0.7476437709401651,0.2609143751182873,0.026886600294188285,0.36254978713351116,6453.639687336496,9058.698591993738,122.029818597464,12398.910299058452,8.159288293073331
0.10664592479870819,0.16421311696749644,0.3105392399535416,0.4421867196546887,1858.458411318656,8140.411666498605,115.4485615335518,-11524.3931268362,-22.453571521099303
0.07463175543585515,0.11685308886272491,0.2841747629859331,0.08598987345379058,1575.0272000526884,7709.719798392276,102.1664224279208,-575.577399499115,-10.996772933745577
0.4922513893766383,0.5336662927561895,0.5856046730943139,0.7943091246475333,4705.998134056444,7747.785173786682,110.50620581091864,7508.313589492013,96.78204051871388
0.8774552394851447,0.5261071483993762,0.21228584729561342,0.42856941174629437,7413.932126084035,9200.54352190309,113.39906461580688,6925.515630580843,-1.7551973128348948
0.6971238900923225,0.3599268322141632,0.708814453313416,0.4490778396304329,6125.951168557584,9619.493938309806,101.1049271846237,-3242.147186618025,-38.58627784392544
0.11097266932098981,0.4339596986606121,0.6502436850751063,0.7993507514555762,1961.884450476474,9657.803355607746,107.98134087926698,-10538.31481744648,17.190078944735404
0.5779191688240928,0.806597514569898,0.04443622501479246,0.7271459066886331,5310.3437313985605,9266.005211406751,124.09742750716768,8395.153059978038,86.52472585142843
0.34562154160914266,0.10856284122991014,0.051610507121563017,0.45343562723477415,3568.9182232422854,9803.782022968342,116.08445913889196,-4176.440208920052,-162.08032616914224
0.43660640626643316,0.10237791699328841,0.01970444549931403,0.08487864371896484,4170.053362526961,10484.464174215307,113.21924692693116,1635.8016726801998,-1.4361099468118042
0.11298061234880785,0.1599792987149072,0.2954054061891407,0.20180689425006962,1869.473250994439,9343.413890387634,110.87558253171004,-5818.414051687992,13.37476646047064
0.06715497519814068,0.18076349006055328,0.22403089662790532,0.35970357647794493,1561.1978877161484,9272.413772229893,111.25987431141613,-823.891470136849,4.8259902281722304
0.34760685271546343,0.14361007385911054,0.36663188613615644,0.4540754301268076,3593.605843596128,9763.191136588195,111.88115875775549,5042.197425661379,-8.62684626741273
0.10276514496874148,0.10899324076113978,0.7398189320771127,0.1750026656304937,1802.1201232621736,9062.940328403569,102.02045277688258,-4401.968135937343,-8.03786375340853
0.046839350863307344,0.19433587377544045,0.2552636081395472,0.8166685968872419,1481.0852804846409,7569.589906792013,94.31688181423952,-1005.4805036884468,19.81615286946355
0.49222204224099403,0.6072439456580483,0.8365828537933584,0.3465145007561311,4652.927668557108,7201.200299671122,100.05946738271766,8007.460958288635,95.8752874672864
0.7436444650699279,0.18525488838471574,0.25785382396956263,0.14586286954404612,6397.154957049488,8338.670345531955,94.2846601548082,4520.281712370754,-97.9838490191407
0.3747520278777033,0.1090386172431839,0.31404709688942,0.45924265431248945,3786.494141299351,7973.399538958163,78.08767483029362,-6632.255464368205,-17.69705511462248
0.30428413760783496,0.7177099680597847,0.2533649690754808,0.7124270023786203,3342.047999407601,7899.079711298586,92.23178095745354,-1266.9304197778883,141.33058834760263
0.40462259791027405,0.46749847128008726,0.24930467673074969,0.4184654007315388,4010.414164560672,7841.576556895097,100.70970630845376,1803.9684052410569,-58.097917708408886
0.42868169473275847,0.5343556399977344,0.34298452852845135,0.16505788673106045,4153.359834201387,8409.17025566666,109.4025466246505,432.5544800625412,15.523916112435984
0.4516639081632963,0.8022091390524241,0.03415658336763783,0.08224827141345528,4310.866907552626,9100.47243880892,123.83221857820078,413.1933735701259,62.19430660170775
0.4479812563951661,0.8912268025943514,0.2037627422160748,0.14745130050052577,4302.399522643919,9280.93390133018,141.19152290374618,-66.2097805486319,20.669477452537905
0.11672542220475385,0.43343910147898423,0.04332126709387306,0.7349243477023659,1977.3915792331688,9306.032850413378,148.7250012448376,-5955.593270317978,-106.29612359794784
0.35699671094741037,0.16397864432288153,0.2660474235763222,0.46325735468389984,3660.599740019937,9863.659583530683,148.02012083714675,4319.797336652645,-62.56743461835904
0.43630162717071425,0.1860307907274197,0.7576480423132039,0.11816165759509009,4196.805784440937,9763.121204039226,138.2397520180412,1425.8098322010171,5.120403353138812
0.34420413003753636,0.4000163213938469,0.2721507172897896,0.34322316376567896,3562.78968288392,9044.974102712997,143.2264101942201,-1655.805505976985,49.686420933704426
0.696708396161756,0.5281683316861377,0.05240098517517155,0.1669209100805387,6072.840332866929,9623.814075441249,152.9584025176166,6337.615276176601,29.756286357553165
0.327482412545075,0.21175419181855468,0.028469778785565683,0.802715761121914,3491.920871224,9665.521866169483,141.21035039751823,-6638.252239778021,-73.46985608734595
0.3126695860388114,0.1167467709788659,0.3495263009605769,0.497423584885355,3346.7519697545526,9500.201083208613,133.06606299168135,-266.3173316500179,-22.060270565793928
0.15047194952115,0.15137042964305955,0.2335221747395609,0.8893594660182258,2234.0269151828247,9000.012432835527,124.1733288363382,-2916.1241940596283,8.039448617372969
0.3988815251895638,0.46029940624659826,0.3034826893370306,0.28716513005456157,3951.756008425726,8905.115868795234,116.23434770400968,4466.11423689808,71.73183683185448
0.07559738705090008,0.1275875192992644,0.2675953616554669,0.4122276048733511,1628.0576097529836,8235.613134854897,98.5030072936812,-5812.271479549084,-77.25411532746193
0.3714831194427161,0.648891920093814,0.04392975241346145,0.7980609132544223,3828.423274153544,8693.637740199652,103.5057191142936,5319.680122532946,121.0443987114609
0.745315516718611,0.4118937990585272,0.28635181927476433,0.7172718750087842,6501.131967698242,9391.789629974222,109.26219091669869,6721.070180950783,-55.02983480043216
0.43568165286189225,0.22068546198678737,0.045517744167543464,0.13549871270644578,4176.753807807737,9390.674988527857,110.06685587612353,-5566.855480008329,-44.39766507666333
0.4150191957660431,0.46455094366902594,0.5729432339514002,0.7982622615058534,4147.579182305979,9517.99221145936,111.56531906528215,-371.4868621982896,56.62440323104208
0.7208408372595556,0.1303136883664587,0.5194751623061371,0.3500858485233336,6266.653284277361,9561.379523912185,102.32732375931644,5498.316171389797,-77.60829859369046
0.5983087057953167,0.17849653100440024,0.3210456580628865,0.371711211268803,5385.273928095874,10048.293589425415,101.55509671698506,-2202.9847091739503,11.187826548997649
0.8088000714512884,0.12541027803368124,0.7246390148796169,0.7375788018717301,6959.338913089534,10940.278295851353,101.75625922407004,3784.389077477052,-12.326375071630451
0.7149821854154799,0.5038057173546038,0.049347446450779923,0.3365124108884652,6226.977312443988,11955.201812635463,109.93963872762374,-1686.7360904778652,87.86161858206017
0.42215114984804897,0.6683217150548675,0.4729557430032471,0.3917319894215223,4148.1953914572905,11997.03788183485,114.7698176499364,-5264.760238949213,38.19983101944439
0.36219813566589565,0.6405658692747146,0.03479859226939821,0.8764400703159541,3772.073788368286,12512.312576963212,126.68093058704878,-1077.8852202593007,-6.444775179465097
0.11717705795602079,0.8308599792861455,0.5811977766706244,0.11652778384297527,1926.6567591083503,12055.099959986135,130.90614224381898,-4405.192998521458,44.18538590803905
0.04706813621867667,0.8426061382352331,0.518971638994566,0.8073743972336866,1518.8003214676592,10799.732666460312,140.90707759632872,-1260.47658453667,2.7274021569633646
0.09390218656784535,0.20637323725773096,0.04247006579132706,0.7145722326528624,1799.816828111538,10185.253077181998,140.5747545555273,842.0215624667644,-147.73024900977464
0.09632177267496003,0.9177335625013411,0.03086954977895947,0.39878634526814616,1805.3623204894625,9612.272307539792,151.0974390982695,43.50133416277822,165.1744790664777
0.28459930937045136,0.6899538079871507,0.5427448636424725,0.12120831278705554,3123.735462494288,8827.960956743733,164.09201609993076,3385.0103598512533,-52.8893740044993
0.33612262271597676,0.6003444889759417,0.30087559028338345,0.43215485299272094,3527.318674315208,8356.58098066736,173.88712474326775,926.3290380229536,-20.80685703424561
0.3418838836186893,0.1690917148495776,0.03044150030982363,0.023193575065112382,3483.5413964007207,7517.120171515268,174.90138689915477,103.58074671982286,-100.13483994612956
0.09270533551265656,0.14771287981641532,0.025174712248433033,0.6759096692924893,1782.5514625054643,6398.33902502967,166.63308083084377,-4479.939463812909,-4.964063659920086
0.12117580507587,0.09903991089539188,0.03648451180551085,0.7459411280647988,1995.23373223224,5857.220483755476,153.41462850685954,511.8658131648226,-11.301631537288388
0.09448961726061827,0.5654640852847596,0.04556800077527712,0.707904730804843,1819.8616255168968,5375.9118135194085,151.67080085618812,-479.7865098780349,108.30147155366362
0.08974277005617587,0.4857890061401853,0.2846084813443434,0.1903498644610662,1715.572874081997,5326.5881658947255,143.65841722896977,-85.34277240760866,-18.50017385743098
0.050867601681420155,0.7702152152255981,0.518001168396542,0.07387609146097227,1439.210212997932,5333.419161338481,141.97753447898464,-698.93015385229,66.04241092929598
0.4020650878380336,0.1647770331492772,0.716838549620286,0.3661671461748719,3983.482882128744,5887.460090293542,141.011690433296,6314.120897579822,-140.57986196680974
0.6522173475201887,0.5468491779186467,0.32233710256057013,0.4410639909232166,5799.889705093407,6886.895451979802,132.39993168833666,4497.445661474778,88.7153320737708
0.382151350113151,0.47879814332140413,0.01865032402923042,0.39791267001972763,3840.07098228428,7062.28263535513,127.49699773553904,-4855.471423258088,-15.801126082882234
0.43524085468720014,0.11593180495147312,0.2745996992409877,0.40616998610770616,4213.242544644939,7240.48564775983,116.24916595499448,954.487328316689,-84.25583531171493
0.468350827027371,0.07092326005660063,0.35089510748572567,0.46310427108830277,4459.404733002478,7467.858451297981,113.96974119572948,595.2786580543307,-10.450769733334262
0.10744766328144764,0.20653671941783389,0.5794791330198787,0.03063094021032775,1815.5236620898413,7494.363435961335,115.33560273144656,-6488.61765256088,31.488799289900875
0.1042821441422506,0.4261328020517292,0.19744289441676038,0.4015205553332485,1844.7622579168208,7463.990605362534,122.9305438584477,-56.9123394567232,50.98916437555239
0.0748368355384954,0.7276389080121483,0.25349901064677227,0.27801115697205403,1631.1216996099076,7428.657197619435,126.69616599270452,-529.392281321022,70.00828162622045
0.06900456053840012,0.15475533469771843,0.19197332932583325,0.4028584153759044,1578.4977395189708,7391.372317386498,119.00972182458928,-104.85749730597944,-133.0208368811516
0.07074038183498196,0.7481828405932671,0.26445105192290697,0.11688564119680886,1580.1769889045445,7427.101256631997,118.4981405804081,31.208040932057884,137.79104016863613
0.3450145758760798,0.5498232956279621,0.6462811442001546,0.4616003161882033,3602.605923768552,7324.531094829654,127.43873138432043,4931.129887101406,-46.05814148587436
0.39575236371331896,0.8102134531646734,0.03701456677723916,0.3196194889553423,3942.730198344433,6863.436987501593,133.5539244060265,912.206206217601,60.46135425170832
0.773587465834384,0.5197488314330767,0.36767463727732236,0.12911657249194816,6628.691322097351,7567.193436726498,134.50477987775145,6793.034142271574,-67.44450158269345
0.06701959366567012,0.7343320738687642,0.280738054973021,0.35954059346381906,1587.4731916869505,6905.174586707615,148.8637395565898,-12703.26566412119,49.82520675941893
0.05496336931706333,0.13681097146028545,0.29602999583587997,0.44111067934055237,1484.956848779603,6161.9521866583,150.3936208307892,-216.75684225000896,-138.74155377972352
0.4099411626322253,0.09574896265339863,0.7015086917389426,0.4290984563526842,4045.3774335949297,6705.800192671946,147.82118189075658,6382.086408068748,-9.534402852419376
0.43680677934352546,0.514543884176935,0.03104743970322797,0.7555070874312428,4285.60006124049,7303.640675831947,149.8740451044498,483.012432006828,97.24218591281056
0.08479607925810789,0.5316204486906999,0.30977125837790126,0.35729508829768464,1706.3838207085817,7321.546233637122,145.32258984937272,-6328.741534869279,3.965096938517462
0.07037922142551858,0.7704197100558322,0.2613584143643148,0.08832819147591983,1574.4964335755851,7324.017713467297,159.61802338296764,-259.1982770559912,55.44805100556837
0.04124026760211355,0.6102081485808871,0.45490276835010957,0.06785579000161351,1359.9535803834478,7270.97995121074,156.41431675655463,-523.8843799352476,-37.20036143144287
0.9925198302687117,0.5184876170923989,0.1844606585224294,0.37880232021686067,8233.277224423973,8435.118824411573,155.68671722722556,17102.89624167531,-21.29707051503516
0.380271810103555,0.42034412545181277,0.28399741634695647,0.45068047045275694,3838.608951970849,8407.28659584889,146.63413714596837,-11007.504811417595,-22.78845126757318
0.46886972644558683,0.5783612781078997,0.02850695000443705,0.08125214945367878,4423.911357033859,7859.439665851193,147.99509023862365,1592.88712792148,36.690830156431616
0.4404590278863226,0.19201665701440615,0.29715889504448206,0.13541733087792188,4216.711109416894,8530.840182238006,135.40278458284192,-510.7912002761168,-89.70738072495101
0.10370744087163997,0.4889675253286482,0.23645881014936737,0.7965324269054551,1900.375562037987,8618.476333682047,143.57969201932752,-6054.400491677712,68.95057714294944
0.475307506810062,0.11558507091352868,0.052766956930076624,0.47381370002921375,4504.793304613937,8735.997391218212,144.04027700450382,6680.935468989963,-86.6976273655124
0.45766214723955095,0.11536246416207888,0.3443999224264982,0.2957598902267937,4360.802338247606,8773.492908540988,134.77147457566565,-317.24297012703937,-0.0516882273337557
0.11152072861717957,0.6638892089709819,0.20209466187782202,0.40063074371199137,1907.8627269218664,8821.540708895505,137.84269218519182,-6223.21870455189,127.36529732216064
0.35241744460244695,0.14759982070005004,0.22028720690960107,0.8166558328702842,3675.522990462295,9328.612515805758,123.38111102498968,4331.04178850138,-119.87993669171476
0.3889259291974491,0.0,0.32552798826516394,0.1609937618384765,3841.584678621063,9953.710754888536,109.21236847817258,656.3799417900063,-34.27197529759236
0.09672123614057593,0.2270637739323463,0.28130072149204566,0.504036697332919,1797.9261071931865,8343.169436638676,102.44564565524482,-5253.499331651059,52.72312672385809
0.43936220347311145,0.41977884175679137,0.034454070910756196,0.6579147853700624,4285.896555076772,8449.407067125174,102.4325200371106,6160.284675945955,44.74752078036214
0.0912445513854547,0.2028559589134162,0.03878456179575092,0.10888988658075141,1694.9536515317009,7770.481077251736,93.71346539157636,-6258.749075677868,-50.368460117568105
0.6575384604914665,0.49936876422451215,0.04429925016499588,0.33237771803183136,5812.939951068671,8160.764560441498,100.8500349185637,10181.303530355875,68.8488610002644
0.6406779896244199,0.5195475960124301,0.30346004829458895,0.1038462306209946,5667.52057091571,9126.174934066115,101.56008959349654,-303.1315873291296,4.685428622404544
0.758861427154794,0.5139370972698267,0.22919444308045867,0.33919440990513716,6548.347846712196,9635.97178757803,110.80963389665185,2124.8002678629127,-1.3027310832878811
0.45131713985554417,0.18141816026590382,0.23475466910001924,0.7723929480986733,4382.485876415728,9624.564204865212,112.3434156955716,-5529.28733237437,-77.20931326968918
0.5011838849198627,0.7573396174336667,0.21520420438195054,0.39770082592237055,4714.42617762046,10325.133079988223,114.51328966641576,896.5458738064171,133.72621904140482
0.3594087886862861,0.47908245077431266,0.2440265356730417,0.7555214689893424,3733.221775248168,10337.702700649534,122.21015844010677,-2548.9507561156497,-64.60998866324633
0.4360628528983967,0.5209701135325597,0.6811780438328998,0.06806700842590363,4201.462540324625,10422.449387832554,134.30683632026202,1378.1506070071246,9.72611576705009
0.8745297445762423,0.5180648772792691,0.03450197759489723,0.1137465430116106,7343.180372544512,11820.858303333427,141.06374332609454,7883.122951527475,-0.6745820193697227
0.42533484251295933,0.8341075190465912,0.32635868956542513,0.062236074493778576,4128.240059551712,11795.638745543967,150.68425785369467,-8076.000056957371,73.38359599803917
0.0847775102581195,0.41613326752313595,0.5061045835431968,0.12153799067989599,1673.029929712362,11784.011760403931,155.63645536825905,-6122.823349183662,-97.05163024792654
0.07954356435518925,0.4643168786115711,0.21704602338213083,0.10053293932346477,1626.686853103799,10744.844398379855,154.82256728075112,-94.1002384845001,11.188004979541889
0.07227977723122606,0.5747065898464973,0.056784162034844904,0.1578085860304931,1583.237256848588,9722.930753639694,156.103332843443,-130.5944144900127,25.631965124402484
0.4730159944755477,0.15296760211891844,0.668377863534682,0.1141488653556961,4456.273371241199,9209.014028406384,147.72179310828523,7204.769462931448,-97.92578406178436
0.37279586303890516,0.1580485047145049,0.044136508047278165,0.30509883952239203,3745.498922129174,9067.84193737624,147.1791608381564,-1801.8409903427053,1.1797613806000555
0.7051469293005344,0.06833295576457513,0.031622088868694796,0.38508002278840747,6142.389515384899,9434.54368543024,131.18075435188638,5975.284264647835,-20.831523120006672
0.4251674249551723,0.6142815267501204,0.0503998271740358,0.8762369747910759,4224.100716302984,9552.77003835936,134.32001249605202,-5033.704707364404,126.76665764110996
0.3727513867375755,0.795567040047808,0.3337367587589048,0.0767783432187962,3750.55068133154,9438.943411660732,140.6960223297294,-942.3791892703956,42.09363266216755
0.4406085324834959,0.7741734312402168,0.05475661017316156,0.47734853740577243,4286.392502133955,8658.803717848637,146.64274095934675,1219.9922803928275,-4.9674940599699084
0.3581239401736848,0.5182079982914266,0.047830978943755265,0.6584645749969308,3706.6865525150297,8537.966360027585,139.30770456127166,-1482.976697046959,-59.43395427888549
0.5308958400229298,0.6424959136298742,0.019514142057581483,0.2607655622070766,4898.040846741078,9340.035047815756,144.56373737951827,3106.237106908582,28.859061915290567
0.027368155437812874,0.1482006809429016,0.7109576598710565,0.10711761478790363,1251.3433082917356,9246.229752285231,137.2236698467223,-9052.840071671446,-114.77299853088408
0.06719966266113792,0.8431461240325057,0.039213104552852415,0.8990505157988591,1663.3031633368291,9237.09629921866,143.45670796349347,716.1240101495018,161.36302162007448
0.6503253693114353,0.19383334933168342,0.03918613052646612,0.3628545067526965,5751.038385017308,9555.877860339757,144.40559114800607,10483.919604808105,-150.76733338437035
0.13700291647366275,0.5250698058712518,0.26033650232078565,0.7280886005092451,2132.4963625469973,9131.949663215477,152.92765093593508,-9228.938572796433,76.91152741476378
0.42346035102967944,0.13319791884016294,0.3479358724985482,0.32604796168377304,4120.039657563011,8625.510072803772,154.43378448112645,5150.170331773568,-90.99078554738269
0.07555927653302982,0.666160670852443,0.029270044775194962,0.40740873550017287,1645.5381606256203,7996.95542679129,155.638393495353,-6254.855263372174,123.7514123314617
0.1123367904025181,0.19205626615796492,0.22158852922744748,0.7580631080096087,1942.805687656848,7528.760377120363,141.62516079867092,661.2167741451663,-110.08478444691887
0.7857569544713137,0.5885829769964261,0.03595208383559566,0.6651537715114382,6785.908029215256,8149.296955525181,137.3158388542778,12107.308561150254,92.07161346291991
0.4395919700350353,0.5284984774163515,0.25304690447866085,0.3797212062848492,4259.365269479235,8295.766964596605,137.5547788778477,-6223.64239038087,-13.951334599255516
0.12177975550212156,0.7600501965975017,0.2578208096969766,0.5835853968321028,2013.4662438692064,7560.223995004589,140.28433333318816,-5713.8926797258455,53.76520623299604
0.4378416936351803,0.7637714493847126,0.2342228428626857,0.13220787524195074,4222.2506473230405,8298.207507870551,154.57759335877472,5682.424752908347,0.8640571715772012
0.43143842004573124,0.4704172241508101,0.38647156709384395,0.10363486535592062,4162.746395153784,8953.066281171956,145.92300584717896,-115.1233854960774,-68.11545375174867
0.3632002796025582,0.4639840546971298,0.7344987286645566,0.09764913167408754,3680.469024435609,8436.848881955766,152.19577654364676,-1226.8421203678135,-1.4937513037350243
0.42942771279836284,0.46099824727785854,0.022673116521372105,0.40734958847503244,4180.676822537781,8962.594535106862,150.70806547260594,1190.6919508763897,-0.693290260322101
0.45093962498970647,0.2383450677847012,0.060517865988507266,0.3143846519878958,4312.963873792497,9011.99906241716,153.149532185877,386.7590733656143,-51.69900770426409
0.3950153347254058,0.4639954784156768,0.2159154046759055,0.8884899046062775,4006.578232688447,9586.343769426669,148.45535271576364,-1005.4534663800914,52.394950497617685
0.08225774121477791,0.6285542607461091,0.6508475112612764,0.1497174087277762,1672.7446487954116,9532.2651496922,158.59062823101937,-5623.016493294575,38.20976540677154
0.4474298231765867,0.43055683165187975,0.25286500670192147,0.39014752820216425,4312.6496795977055,8923.992455800073,154.9213364094337,6565.367819573638,-45.97405990549365
0.8152258453627004,0.14238229115620696,0.039695388416812485,0.100614068349524,6897.537865460763,9599.338321170992,145.95590248495756,6612.543202249626,-66.91275562816033
0.7390798279562873,0.23367963920801896,0.33305924862675657,0.08434580806705513,6359.969662876,10709.17180267326,133.7338288708626,-1369.0165184123834,21.198809336807894
0.46287141691941464,0.48484684575875936,0.6491925235958549,0.15179888369695502,4403.514986708591,10754.172323770144,127.25733243609685,-4965.904851145513,58.31982896486902
0.08157994461515264,0.22656076676881795,0.7411520534376461,0.06321244958415509,1639.4845519086414,10125.16761901365,121.59510165294576,-6855.175644029825,-59.97279723560165
0.3626920617298603,0.46436863406938567,0.036646144471778996,0.07500724733789152,3654.380634403189,10124.253902595676,121.60403140278108,5054.067763017378,55.21785402612902
0.4119264565855583,0.8215305620138175,0.6262939880513161,0.3869686435562075,4085.3377825407288,10092.788686600969,129.97542001694785,885.1769551090365,82.93129838299242
0.08634090105043121,0.806980789936944,0.028089067927633844,0.8427801264504073,1791.0296145298748,9437.282735448089,143.17887062447537,-5853.648278216096,-3.378387770656957
0.3782652565621332,0.30373658356394817,0.02174085688253394,0.11007047013249513,3763.4537067064193,9407.168049911968,139.4577354228687,5248.459189787537,-116.85090759372405
0.80512554561766,0.20483535533937605,0.27396617562194286,0.8675175678350524,6942.506014996974,10706.799992018889,129.6191842712835,7674.449783135815,-22.964394093013496
0.39195337252211765,0.19277091659918563,0.7772397561271369,0.21774512758404388,3892.782593347263,10607.05980872933,124.09790858940964,-7428.353434391191,-2.8013052083808105
0.1405950063843941,0.11320999853141303,0.03688604340461124,0.4141546082044275,2088.728520078871,9394.152300432088,123.42054185043314,-4519.130047827176,-18.473666199186297
0.0851533691513506,0.1014889821869431,0.17173774049053483,0.44294967265750984,1697.2588941044226,8218.468851154963,120.35113776138245,-996.7759282112028,-2.7215641639340618
0.6075993036131333,0.09090035643397726,0.03733375532396079,0.7399548084384884,5492.164974185672,8478.672699376091,111.20388792958944,9392.96812383701,-2.4586284625545787
0.39363965378126536,0.16033890422634164,0.0550418209791567,0.7643530319971006,3960.623889924736,9039.71963410835,109.666247825115,-3846.74477891851,16.123300037584606
0.040242983391007014,0.8979078858805974,0.19559426905721664,0.5252096051840953,1423.5376923669637,8459.993826208696,119.73282274244175,-6353.659663301774,171.26000424414093
0.28926260554912636,0.41992397660765957,0.05642407545291697,0.5218275449883829,3187.8559990637227,8239.458538874274,110.40770912840767,4477.082160761371,-110.98558693061612
0.07203475687448216,0.5501176355825103,0.05267989647193909,0.10962391988028333,1573.4192917309947,8213.737761401264,104.4434690370958,-3905.503179601985,30.230347456565283
0.4291005030807827,0.46488404197267474,0.47212237895704184,0.1363232275827845,4152.653196994638,8305.133601357218,108.18523626124244,6419.625364077165,-19.79083443913913
0.45727219486795895,0.1252311887483155,0.5297835024837412,0.759362456136612,4429.004143490254,7679.733876746888,106.33686543121382,506.4941374730224,-78.86577463476593
0.3064853936949188,0.17340514933047582,0.05244099596992032,0.10261607367886941,3240.98897075,7526.07242629275,105.88720153981868,-2710.97069282931,11.185764177953551
0.3392298085040282,0.48794868271202907,0.24901637686450165,0.3350168620748054,3529.303605243466,7883.19461665231,114.58845528550562,588.706360309824,73.03551017163502
0.10873548781198755,0.5437137905768445,0.2713744222796788,0.7560159836825835,1934.32224435315,7925.592513594527,124.85670468935878,-4144.018862384652,12.948392417727945
0.11086937252351686,0.6202262632459579,0.27674907081385525,0.4609630759194552,1911.7260101848583,7032.530073805971,137.14740010930905,38.364756529278566,17.765831698416633
0.1190361691411374,0.8027259831532183,0.02475909933363052,0.7367181705107334,2010.8997199801468,6538.825059032242,152.06332209082333,146.82947122977566,42.37556565322464
0.8582779257778566,0.470455582224791,0.7627371417175948,0.3298857452263162,7274.693778577281,8009.556407710504,142.1380832102413,13290.703971218123,-77.15160437682232
0.8267282276558905,0.1771356351277135,0.040852440649835606,0.45885483102754376,7032.465371242857,8975.856865442625,136.50065356955523,-567.2267487000317,-68.10749453165651
0.10369237398075115,0.2060467902943414,0.05040214480353661,0.07570832075180237,1780.2580933274855,9032.773566050537,128.5114924347993,-12999.340750844076,6.713032515866701
0.43760073582740383,0.14212145290883335,0.25698149975754214,0.11001846924117772,4189.145132642072,9048.05599241614,121.01709885971334,6003.282621654073,-14.843158842439207
0.718409095430703,0.16258909118999473,0.19740058577542452,0.40431248739240855,6249.4307433929125,9517.549660784014,121.88453155954905,5048.606557495748,4.752488114450543
0.40969148211636847,0.5125562600455859,0.05537754707219321,0.5751459783489311,4065.72246807982,9703.102161968134,129.75945880095816,-5550.382364666875,81.2607095936878
0.8370701554349536,0.8761795933514834,0.03136960650563773,0.10209585100683946,7088.688199015586,10598.160999836116,138.77399561820556,7683.769727148436,84.43160593001787
0.465277757557565,0.46603915946942,0.041868368733753575,0.13376485831311222,4400.643755584783,11239.182386665509,136.97042768300253,-6684.393372770515,-95.23265510677638
0.13088643979127434,0.14291025480578531,0.5904308583461613,0.3798109143778947,2030.7149057741765,11275.170737301722,125.8873773291335,-6011.965605402527,-75.02899248824365
0.07933059118731145,0.8004094602326169,0.05160276730648209,0.8505427164114132,1742.053989509072,11203.784742415375,125.83358877035704,-926.9139839958208,152.66818360415078
0.3915223385892341,0.516949902828045,0.31309852449136794,0.4385367467406469,3923.09280380976,10364.612674476495,126.9131647479128,5612.843240692771,-65.81795901350074
0.45304842795163874,0.21389140411897242,0.03280496426218016,0.34164165247111,4330.076156245727,9692.780009004657,127.7666161958467,1106.167275970427,-70.3687398278746
0.10938521836258797,0.5826474496568695,0.6655540837552409,0.37095301895324895,1897.3317989677323,9703.015078757406,136.51110411833452,-6178.663398598241,85.62339726140581
0.07443806136735767,0.4342666591474752,0.21638703606361553,0.1442344191734005,1594.724775094344,9050.090976958283,143.29457664833697,-628.3090938645978,-34.453312767293
0.6560918177498127,0.8102794853512876,0.3527201756856163,0.3827647202454071,5832.596566378562,8938.051785108912,158.33363908344205,10457.45565699318,87.30838716547697
0.471944733415221,0.35709273521015994,0.05579843839936249,0.41798078753873946,4484.028614785905,9049.975864996284,154.72385008941347,-3310.749647299386,-105.22780469764908
0.8642562330715982,0.08408749223042489,0.7746194113837221,0.05834848619342603,7261.747653764008,9098.853259537833,136.33184880222643,7053.3028736901815,-63.39051700156645
0.46108209957614715,0.11123573082253327,0.034594866036733604,0.8139665698983721,4449.796407302881,9091.309956187488,128.09348219418146,-7248.600351689405,6.303691684644214
0.07301584835320526,0.8376526409418896,0.032056859100547425,0.7803011317294946,1687.9176597156593,8987.265387203453,144.22506947045167,-6976.978261739464,168.67054635490837
0.45997904906873305,0.5898243286538973,0.25629474376761796,0.8266956474285461,4472.002881396067,9671.626886724214,139.3353830241702,6957.146701052144,-57.54455362136628
0.4486912922467616,0.6868297770282384,0.2945190049405983,0.09511382663113513,4293.131104855857,9774.409992871162,143.27991278344325,-202.94069304535515,22.524203042044547
0.3777277803583439,0.1536002988913405,0.25228135327207024,0.09743385391867174,3757.1939801295,9638.99225962008,141.87998203879482,-1275.8411180098774,-123.8133448670893
0.06363144802906456,0.2276573709132342,0.23710685979030185,0.3325365669896331,1534.5624984242602,9556.732320755616,133.63728150441125,-5647.085454732069,17.195699364054164
0.43838045228459327,0.6326225463333544,0.03639724580053291,0.35899555894804347,4246.584840504307,10211.058261739408,138.2430107211027,6737.549704617966,94.03098474345782
0.823132887157263,0.41305708334840807,0.03373309199692386,0.7756925121946572,7062.087181049719,10511.378608175291,129.0196957573547,6917.399711514121,-50.98205463891839
0.38215215921345064,0.3787232458209987,0.048238382743737096,0.3445610483368672,3828.715817546187,10349.942039986972,129.52194591037858,-7928.318793541437,-7.972153529929912
0.6318536041571547,0.7720169306614663,0.03788947576672029,0.38992170915474755,5648.832840197939,9932.109238294654,145.4953397861797,4489.34053865018,91.320920226206
0.40272898873443636,0.6396482861363034,0.6454549992709313,0.6791307780040287,4052.511757113757,9827.197155740583,157.7648276194024,-4119.393160306889,-30.73536874113984
0.7803065744797881,0.15409024187170814,0.046949751450139285,0.08986053461386881,6645.640898400588,11098.82332920036,141.8928343173887,6788.404298398955,-112.74426499745626
0.07346838148858487,0.40943371728148004,0.05410344193688026,0.07778422093031392,1572.7414655749694,10403.92226085472,137.70425024760397,-12708.125717002004,59.28953870092418
0.3984627588037066,0.5083074289487944,0.2904183474648089,0.10099697701357649,3924.337730346814,10313.617220195589,133.55904636156373,5843.019583819731,22.958004879489124
0.28874788301915905,0.11735537383579922,0.34503556390810647,0.360171236656758,3155.2508798489057,10153.641750153834,132.7174564664846,-1972.5454118360597,-90.77720495747865
0.865216457382918,0.4289090161638025,0.32882248644488127,0.21567548010764356,7294.570572691727,11594.79803920849,137.3904238060885,10364.232136231974,72.34127171088518
0.4561816811802298,0.1999185966233811,0.04401683889279735,0.3665567175510246,4355.786032591001,11626.802571075332,127.34324420566922,-7353.967867260155,-53.17048465677419
0.38056692159460753,0.2260555839612031,0.7423114862717377,0.39671741100466684,3836.738542446342,10831.120619505038,123.0011584651756,-1359.465122857233,6.068883960338141
0.07411682451195034,0.7255538796618235,0.36902300213206385,0.36050385453943823,1640.6774963146893,10277.309040351423,131.05440057554156,-5509.615069374645,115.98112497866568
0.5057829125021172,0.19170224168362623,0.16371429652488106,0.3811187973505795,4717.471445869612,10050.64865121742,117.57976992141924,7760.852438846296,-123.9578074186766
0.1133620811919202,0.1585300298701127,0.02696555451098991,0.4681224450452047,1902.3299117338595,9530.400725192269,106.4084331841721,-7055.268529218373,-7.702429572388041
0.4219584144927608,0.7336971980648628,0.24570605579738578,0.10891374722381245,4103.65803331353,8886.13255848496,119.8666306201516,5548.201891577385,133.5510767348103
0.4443183153220191,0.7350853086975813,0.3235495588062231,0.35093770173758143,4300.831512941295,9552.877455411575,127.42810545372537,402.00491933724334,0.3223126768665452
0.08391886135927706,0.533332370591622,0.323471357669371,0.6828294631146149,1746.478545812616,8987.364240099323,128.0091726784272,-6479.561538568985,-46.84607120922996
0.8501284725966503,0.420125002231573,0.31826600344748246,0.1322126674701294,7173.58573038065,9996.661018085431,135.03933923013878,13775.554521147604,-26.286211687381268
0.7809916151855552,0.4529978233546831,0.02412940729796713,0.8109666862593021,6765.595221928661,9845.234582197854,135.5986698587796,-1243.0000025049194,7.63291248017768
0.8295436723733867,0.16423864702921107,0.2650303822405148,0.7681013847736198,7101.946401186607,10516.495865060067,134.77019842479612,872.9093202377517,-67.04850528301718
0.04477042600659489,0.36964431429689515,0.2690791471597943,0.4364899440363357,1421.0706998828578,9912.772958803036,138.10426034691596,-14109.307014049667,47.69421752137099
0.05667931906389692,0.5044560638577514,0.027341031773927358,0.1174682206415201,1461.2776415586509,9881.422359242615,132.97047438047662,214.10799759147997,31.30264609307423
0.5100413381263549,0.4863727891069085,0.36198137187784535,0.07265112086016515,4723.714064189765,9889.078511488766,139.81258412987913,8150.919956911945,-4.198850260258183
0.8140452467222519,0.8806510818791914,0.03858984983807852,0.07407586138829383,6919.555957697562,11148.825062204254,156.579890986315,5465.635455475065,91.54954149794564
0.38518053389724,0.4045987729012045,0.3213427173249112,0.4525969251410087,3874.479952145589,11082.702725459134,148.93838231496903,-7710.486983028719,-110.5370785430083
0.7347462651784504,0.4888586118718681,0.026688288173714637,0.05365283878483587,6327.8693433962135,11604.858281724131,143.22111570096172,6284.783849438438,19.564733250253283
0.4563303703885884,0.14474248368391543,0.20428950200348145,0.0947984067904408,4320.359566348738,12274.41070859219,134.1982436257583,-5005.592832538414,-79.90212582119106
0.5393867539138255,0.7967957662795848,0.05019164471329696,0.3203618645620735,4975.526941591838,11715.733366918355,142.94435934564976,1493.2568357287146,151.40366626356763
0.42630679974541635,0.2187644624782488,0.04046377850723291,0.7185562083125671,4191.39799209097,11078.05146613558,137.5055722795443,-2033.0455935943648,-134.2161153797918
0.6799636333785855,0.2777101464858682,0.6688056058941607,0.689443299568686,6031.545640864292,10809.124014400715,140.1403264465309,4560.453810716894,13.686907047903574
0.6857946087978779,0.12969990309671606,0.739121546592391,0.12995533776278664,5989.580231553518,11961.610677306817,134.56893151227874,104.8341323599634,-34.36727349101676
0.42037448682132844,0.18411926752256666,0.5776263223181486,0.8020509421545451,4173.732907416036,12615.492139904169,127.13086368886329,-4771.944005496001,12.6359172014414
0.48214429144097376,0.1508868656599964,0.24291410528725105,0.25881683914135667,4530.501807113705,12565.336505994428,119.34104034996632,1110.548991841013,-7.716405415073012
0.47552126427567915,0.1392055651696101,0.2687210742568671,0.6312882654876778,4535.6121182626775,11956.709896706952,102.1250286280952,-119.07429830228648,-2.7123423317961795
0.45429618900154106,0.7819663321221618,0.7088790623997636,0.11318545438098085,4351.840938664219,12080.971777684474,110.88732359999486,-381.6020803787178,149.24598839469937
0.03888395175573514,0.10167838040816102,0.051151881851857,0.7795404135647207,1408.6985689997769,10829.8925563881,101.8971830527335,-7468.627173300559,-157.95962194135672
0.4225386437139426,0.4744536465712865,0.03482178914165346,0.10325107459398733,4089.173629309064,10769.138975860891,109.55291920215592,6897.663575153269,86.5566411456469
0.09952478685124683,0.22508712319054966,0.32907827018228586,0.1105081661533577,1763.77205849506,9978.318497993958,96.27811683421456,-5807.412137668565,-57.901718910070514
0.07610000067928849,0.15950959667942186,0.03184062820516581,0.42896198107452854,1629.0113458778949,9348.687547995674,94.90224707550634,-421.1503149078444,-15.226789287460278
0.09668199433710595,0.1654533062030578,0.19601413905412496,0.3386339010361996,1769.0846101804343,8300.015239275315,92.2956967159523,370.0402234961539,1.3801010394455488
0.4185544655001429,0.10652268160373277,0.307664686956314,0.08794826200574027,4048.803590613236,7819.548652815759,91.75753267299687,5786.891354967971,-13.683410325030778
0.49709956883037915,0.07421102027317886,0.04378996890435785,0.15397930023279846,4614.201317866454,7957.49139522646,89.2055155249629,1412.1492832065703,-7.502613849344186
0.4531076913122241,0.16886461663931449,0.02457228675104936,0.627782372625,4368.569930344012,7905.286977229616,89.62295033927853,-790.9226122344317,21.97811420842315
0.10022752097224669,0.9258559519531843,0.5521280111498117,0.274110142761796,1830.6140952198127,7230.552629539428,107.88859761162578,-6344.373595235715,175.76978224852007
0.11269387706604067,0.1645767629277232,0.3666928996347719,0.7987012447638067,1953.8370492909,6616.391543121041,93.55310589892086,224.13053233927255,-176.7654014558224
0.418889551141223,0.3931708340503157,0.03903537514969635,0.7258511183441776,4147.146054624612,7299.59725809796,100.3214218245615,5505.040840652501,53.07845444209883
0.0615255415128837,0.21802734583829933,0.043513311109552935,0.08999653090391238,1479.3968337334552,6650.53783633111,94.36732526625116,-6424.987792284407,-40.66748369386298
0.47060992146060937,0.8951446314040267,0.23361158059313766,0.08716634140393373,4457.631285242579,7317.705596801161,109.92574143541847,7354.859684700444,157.22340836470633
0.36150557380244225,0.5115735039349282,0.7650759412234418,0.34493095068593005,3706.2364314122897,7830.831505891247,118.10049766168432,-1961.5688287075009,-89.06338871647517
0.4368039794750736,0.552768905373291,0.06263103452594285,0.15840484726641715,4203.9518587333305,8442.331137505435,127.0937813826109,1353.7774487371607,9.565375986052914
0.8087705756787911,0.2233389463889642,0.6376034439719058,0.6473204392812894,6948.533934918335,9143.89415915889,129.8061994072997,6687.525255360659,-76.4920672874089
0.3999509267410715,0.8609861296489726,0.16180022000216027,0.15197182460669414,3955.063627310573,8969.232239479301,148.07474267882858,-7350.100130123872,148.05863861905726
0.08573144757108983,0.20606914877355018,0.2748498543319217,0.1377872696996915,1666.0474681129097,8308.732631903567,148.93861419318102,-5649.299491195881,-152.0686033633416
0.3530291795224046,0.7440581705990318,0.04180119383820328,0.4505619629383951,3651.026040423607,8763.240507988583,144.71735630670415,4805.70124137178,124.91848824022682
0.08791987061892689,0.203060200304806,0.030689840256123046,0.27588515347108555,1694.39984816851,8718.699735918608,145.6109233916087,-4766.355949210631,-125.6171517420077
0.43175937307088746,0.42985545677974757,0.05252572034340429,0.441875215356749,4201.695438608089,8741.838173634529,146.46272285723245,6181.83293851145,52.66077824929016
0.10185615770290568,0.06974526128619465,0.3061035334208477,0.6423234356205779,1847.7504374787527,8814.347914317617,143.01968348581434,-5931.274762612716,-83.61587206428104
0.8296037047104583,0.467145902748206,0.12953170110961787,0.44656267710823727,7067.324263352715,9459.77683629694,133.08175687701308,13084.051497662778,92.27453599087464
0.11499298697946536,0.8029782778108452,0.28075335232883997,0.11168893695736362,1900.6820795336089,9016.575977142353,139.84803692024656,-12847.866640046588,77.97867780387244
0.40438523705282253,0.126150255843312,0.3594239695475895,0.34315796417635713,3985.264941885861,8958.29086205178,129.94215509136797,5202.934889377258,-157.15624273506813
0.3854471072401687,0.10057769878643458,0.04382135722151266,0.3692020491891984,3842.850670331512,8197.204674403978,127.09169739746233,-340.4854702115736,-5.937825937679321
0.8462772389337068,0.19642059634542355,0.04539386483180804,0.8560526041426928,7230.133894397687,8999.647290322511,111.66080226968606,8285.187905539444,22.254264280351062
0.8520804312957504,0.5262892415729851,0.681537700465866,0.2805166562010083,7223.508706003141,10377.453317902418,119.09616029259136,104.33462541789048,76.59392814347378
0.11282039098306626,0.49861314873930174,0.026319702520087366,0.4425646900921184,1910.602436371253,9945.585952307949,113.39704379895537,-13291.032690372009,-6.426256925185726
0.8642607246920269,0.14864223751205982,0.04500381790401587,0.45659265143719074,7300.853626545244,11341.356196563616,112.13348462406424,13510.02014929074,-81.26157855455888
0.7638791905701854,0.08836979174315526,0.7958185852697228,0.32999348624712,6579.006463038343,11938.46886474415,104.20435014333924,-1804.742822239892,-13.99497480904916
0.06053822891623423,0.4413140265393263,0.7146946035706443,0.48215762955182573,1556.534949224529,11864.184051247425,112.83199988147194,-12645.249579385329,81.95197012429645
0.398372050454953,0.02468566539722611,0.032260960646641766,0.438948783045259,3941.801505657057,11088.879868512364,102.5582839292855,6073.857805279473,-96.739120912317
0.33398229438914,0.5569968235365281,0.23549811704189627,0.07395514304601894,3457.5533493923926,11482.5970836878,96.8467117305041,-1157.652660941636,123.60011533792304
0.4090171079362624,0.7118621587293927,0.032222610512841476,0.44892492594887545,4051.674580093045,11490.924646922973,110.44666312069624,1349.038369974589,35.95899315466727
0.4770296687098368,0.7310058463008275,0.044971370645028846,0.07899560285136195,4489.818332595427,11655.579403298889,125.084904411265,1222.786461195907,4.445073066086849
0.10038614122040573,0.17428632367802357,0.2736092284309935,0.6432275232401974,1841.2645454966764,10314.554267005606,124.57095714324706,-6771.611021152558,-129.26762130551614
0.04876806186401353,0.1855108746539337,0.6758001691601032,0.37767952242828384,1444.1909585700123,8870.292386141406,116.6582457879008,-928.0328202912796,2.60628727019062
0.04562670593443546,0.5107909966805816,0.7219790001578528,0.4348106811366954,1446.0431567278576,8749.485982999398,116.94100961636744,-56.4779131500959,75.52849491294353
0.7095917954615094,0.8898469182036487,0.035568052036317896,0.156105143101651,6180.2967353482745,8471.409300575426,134.15142924061928,11937.317356471083,88.01497940329315
0.43320559585216306,0.4513295916099793,0.35242835764212116,0.35621281360865564,4209.2780513473335,7876.896772158345,142.5791829032297,-4969.10128217095,-101.82163442546369
0.03204829840849385,0.11072516842785388,0.04058724096412289,0.4546384791252165,1313.8118774198138,7825.675202335007,134.9030670887802,-7212.339993447921,-79.08672464630264
0.085372613451519,0.13259895502574745,0.05548494267251501,0.34350639287932194,1683.037202008721,7262.93874663248,137.40876227112494,958.7089464875852,5.078989055625328
0.051960955722436336,0.12147755471741459,0.03578800670347025,0.6802789527605747,1489.2280906130588,6755.897296100919,127.29621230202522,-600.702609231967,-2.5823361765214514
0.492522285248889,0.7866911853689355,0.5113220473289763,0.5789981055142525,4687.257979930598,6906.029858522119,129.0337066569438,7920.778499502199,154.45943639485006
0.08224195504177526,0.409740780174208,0.05153247051826377,0.1333801504657474,1643.62700872343,6196.247627373787,121.5740848511382,-7376.361474499421,-87.52608854115465
0.34174771631432366,0.4963286489819513,0.029216602254842905,0.44945091763924006,3557.8866442663057,6630.187568644801,129.0517542448055,4665.610703040913,20.105290689212467
0.8007301517098719,0.16221721282907084,0.25816792193666266,0.48405190886494587,6854.359197934244,7982.12764021075,128.51088651280833,8251.96848265805,-77.57908398645327
0.07703056999133664,0.5108691295785038,0.24230489404673272,0.7466069575242618,1702.659907470701,8038.588122452929,128.5127007214807,-13011.27380638778,80.95531431963823
0.7973390043097615,0.5071405602338521,0.0598343493784948,0.7388291486057008,6876.4760973504335,8196.347362462402,119.62644138568736,12950.304934144022,-0.8657560413636816
0.4658876130234309,0.19884952133262448,0.24500372939808507,0.7940509931900935,4491.419017841063,8255.105814823346,113.76397441883088,-5959.109158656247,-71.58371073609561
0.4031860723055773,0.742234417577856,0.31839407121412866,0.1341448875871015,3974.619349350307,8922.368214588876,128.42731837441238,-1127.3005194020698,126.17138457807796
0.7620340448313196,0.19091189187597016,0.3076836811006731,0.7426253049801168,6615.268602723102,10138.926491021462,129.78131699160733,6451.667713158178,-128.0144643282406
0.641754720868926,0.11993994157347329,0.36501217955732485,0.3770374851709596,5696.962980583639,11199.30684240958,129.7456143468233,-2162.481859676664,-16.479348796311236
0.35221379172182904,0.5426856373916118,0.050135775412521705,0.7055168894982042,3672.024775902028,10947.04854728839,124.07992175106564,-5205.607965590891,98.15953688511374
0.4042685663778914,0.15584282362869215,0.03645239507286984,0.1713799756753661,3952.6484482359633,11526.014808825768,118.18453214045064,935.8840920862403,-89.82305868972787
0.09295370745519965,0.75969753461677,0.04400140576879302,0.16052006507463198,1740.5352987137846,11078.712219128549,124.2998322131884,-5597.077809305003,140.21218752273975
0.3732411576426135,0.1265105096817711,0.662650232786693,0.15060129097420774,3742.497517616301,10310.136902583785,123.47073957444488,5039.241214182553,-147.0230111012657
0.4312717974346511,0.1963564232748615,0.04225750488981642,0.3569342660941329,4175.073701796725,10947.02128392207,116.16790434734648,1043.323172442735,16.217888436089098
0.7442548381015417,0.2234148184526736,0.3219232948948849,0.08410555453186666,6396.368049699626,10851.58214884909,109.5799277715644,5627.0697700313685,6.282830471799855
0.3473308087337859,0.498912593030161,0.6538439271070804,0.4100531153924175,3609.832279577928,10638.43085220749,116.54724936596942,-7136.230774342457,63.96927096577507
0.3480415447569281,0.8628300978610216,0.33710805148108125,0.44411109534549775,3627.9108319745633,10539.287427921468,119.347423618254,12.77820415372662,84.49991115687362
0.11999313438293813,0.4133833452655663,0.6056500175877435,0.29754962626360193,1953.7454782606867,9384.972807356247,124.51310479511817,-4100.0442496338,-104.3593950824449
0.7580976395859118,0.8075967608931421,0.03310481304629449,0.1184174457392557,6519.921313167819,9594.143796133989,140.48016858501109,11472.374233752917,91.53447733397697
0.43383264431177865,0.7618230879679,0.6185447724146851,0.10402139764276055,4199.955258148742,9740.884966868016,145.56843580465102,-5829.906146028008,-10.628428817416848
0.4297140368401326,0.8765815859449736,0.25824011596236385,0.15423539810919448,4172.81078616855,9786.63295286662,162.30364655285248,-74.0477552679622,26.646376595887915
0.4027347864710981,0.41416437440600185,0.043722731856168665,0.4302329477822805,3990.3494008873618,10343.5831765413,154.2805311621449,-485.0554325442772,-107.37107386635064
0.4322686006228568,0.19187255596621386,0.22518007543402077,0.06742410663350973,4146.2200636136295,10449.707629575129,155.798206742668,530.9835077740263,-51.61510138895932
0.09739013586838718,0.14205692044829463,0.8612732415160189,0.4334808158926826,1804.833743609284,9849.427371397507,154.53739815176502,-6020.723939671705,-11.566953278171653
0.8524621033225499,0.16922506185136918,0.33578323761950046,0.7116290160520921,7260.978412941663,10043.971404750086,153.2791378159367,13575.3126853333,6.308313022546585
0.9292859727319025,0.4374148731478775,0.02981096764806425,0.33291278792040546,7764.019857232055,11090.258866163284,151.85119005375955,1381.203506263766,62.27239670228661
0.8305690666346217,0.6343113124797879,0.05603136027723957,0.4362540142406386,7078.546657317639,11957.787031836624,146.5450927086028,-1774.8147532448602,45.71841532707796
0.4780635522547568,0.5940470776126539,0.04703891964790627,0.4001853450978553,4536.282898381067,12601.555850637724,150.74001851732237,-6337.637718356189,-9.349163543681785
0.0976961222405095,0.8043483673055022,0.3209092326232727,0.02303370425841575,1764.9499925470045,11414.231001847516,150.66459236553953,-6838.562442160188,48.83095772895251
0.6866269438913559,0.8115222765392042,0.9139290654906489,0.43265250995537086,6074.775122942598,11868.725647362337,151.818583850724,10588.2887970223,1.6657475522564766
0.7686958037126921,0.12844138609526953,0.20930347396906365,0.161654396474293,6575.563290421023,12478.175299616987,134.44712477524817,1475.502312130344,-158.6081290107149
0.6408002994408175,0.10223571698755224,0.38818000050992163,0.6528816663230655,5728.848821188187,12906.189305891749,127.20428993239211,-2299.4118923432,-6.08483154015282
0.495118046689143,0.16075368401068904,0.284000612844527,0.7477304060960397,4694.399887587415,13019.185274385522,126.48172454857908,-2619.1968700358284,13.587593201470533
0.09556467205785846,0.7329839831480812,0.6967741625625379,0.7249921201645638,1855.75270134024,13015.903303514951,140.2027694654846,-7183.503333315147,132.86914972901417
0.43795911187338415,0.5566178566005108,0.2837200004852269,0.09211634837514757,4209.182319125494,12270.675304003758,149.19784563098253,6155.852398927075,-40.95137449152966
0.5017710307233116,0.17183406456652076,0.27754125007584063,0.9161801287065716,4766.356274040627,11502.053336089017,143.0311857610415,1147.2638222282676,-89.34496365210255
0.25663748004675874,0.4232852404552173,0.25358260184731723,0.41537693575186585,2943.803201239941,10470.191330379916,138.13126088764255,-4407.215131188428,58.38576529249836
0.415615643011688,0.5316509004665453,0.03807994928808415,0.1463267937068132,4048.212411425755,10357.917278228531,136.68245137576562,2858.2418172209564,25.161990071538497
0.6917112617336301,0.14831939167572064,0.2271070242587169,0.4718597171528002,6067.122979647401,11425.887167990131,121.44977105091678,4963.876976969688,-89.00775040076655
0.6984704030514042,0.7303973927372438,0.03408545028143344,0.174283580010236,6095.436974656374,11447.1803252392,119.56608989162125,121.52147189692914,135.15573920778957
0.6732178099633293,0.3288220437283623,0.3272938060781101,0.39632110097469353,5934.612036817809,11275.522036283508,124.21883331362888,-454.0121499172383,-93.24388319768298
0.06878856816870746,0.14525828725474912,0.32336494210829453,0.384536962547557,1577.5429747704975,10247.111706354375,125.21779690209604,-10866.932302077585,-42.62262987555785
0.0930916812361968,0.09302234282258176,0.5801325273222959,0.35396540395084564,1752.6639190505025,9524.315224163012,123.64510742248694,436.94160734182697,-12.128937479292205
0.4469982658658716,0.15856195102079743,0.8567265060876852,0.41311347221305594,4316.818580136441,10156.15180792068,110.30730145355842,6362.827326175185,15.217984835820118
0.023012266057512,0.2002634423543784,0.739941582752679,0.825827922702383,1324.673655540343,9410.125810063037,102.03292169868698,-7622.773417226023,9.68288764904146
0.15166895831010307,0.5129695983293882,0.05791032698552579,0.10406032662321488,2143.745250507952,8780.68314636343,109.95392629801576,2313.097163808624,72.60887988989924
0.3721998416701538,0.14703841333355874,0.03809732958648542,0.4275714711239499,3757.820398329292,8988.450784590363,103.5396065581622,3964.887888076966,-84.96747809932478
0.39223972306075255,0.49532910531848906,0.03473135816079276,0.4620978722784448,3922.892317915797,8946.42360886151,102.69623177615073,360.2936776630959,80.87143964995911
0.07551551251475394,0.07436840279162554,0.03075037665889394,0.13465312385151332,1579.285430881173,7838.575571644147,100.97912503967392,-5694.331637915404,-97.74506994541969
0.43861948074896345,0.11199784089155865,0.04279132666058852,0.1399435858634255,4193.386062226245,7371.393942094111,86.62018201089671,6528.185548570185,8.737376284785363
0.34334198488474404,0.5633031020021532,0.3203219884367374,0.03624954034725583,3522.17551313028,6778.315710376291,92.06472049258196,-1712.9781715950758,104.79093190694184
0.43725429896276896,0.56836198118607,0.6223560202575025,0.09373058602816517,4214.230775052111,7440.77408851266,101.88898672675457,1688.433796464322,1.1746476493154887
0.419171122639071,0.546211449196385,0.029352022814230074,0.8206042848982062,4169.3842644724655,8027.026865480117,112.41182190711984,-325.11440434731594,-5.143248017365352
0.6970398913761053,0.5267863007160062,0.04439227013719088,0.6356698921323958,6141.098101500161,8476.572524299252,120.9618159090583,4995.756144691995,-4.510426948448043
0.8991195703143757,0.15057307867243727,0.6360734510927859,0.13115286506557686,7522.008722245872,10051.711201648355,119.80802933360124,3633.156768073653,-87.35491812491378
0.12349551513056978,0.7252598790013666,0.2929722953860236,0.4312426845792978,2003.6579190370933,10001.058639102012,124.73730852960676,-13944.81523514587,133.4395376045249
0.1206830825401039,0.7666902861100556,0.03501893402905369,0.3712162820709035,1969.7664514478083,9548.860862206082,139.12532985387367,-50.56425541888984,9.619943183289394
0.08214059193491799,0.49618611466631657,0.2799180171775097,0.4224027984218329,1694.006790136827,8991.338817959495,139.14522920270707,-692.9489958434756,-62.8097801043763
0.43609455543255643,0.4006803151343813,0.03987742032934147,0.8252634217469641,4285.279378368919,9639.617851796696,146.72203637366405,6363.67914292247,-22.175991724183618
0.06258078733168426,0.7784701824336654,0.6270250714601078,0.740497613783778,1620.924199840359,8963.54417074938,162.19720668046097,-6715.341600274973,87.72100764318459
0.394109369805647,0.6765258654206183,0.7732156513863184,0.8329874819894392,4017.476568726544,9054.818003473116,164.82618531512233,5960.496966115439,-23.670984814413742
0.29721125403026394,0.1446377053963682,0.3236603971338409,0.7778512337799618,3275.7437819302268,8803.036953942847,154.9875094658027,-1742.1150260757177,-123.50189719049418
0.3901849907492277,0.6321264197713066,0.3246262126397358,0.284922028898672,3897.460895014686,8750.923271949106,156.98241415828252,1671.5592710179726,113.1925574006289
0.741535826669734,0.7173295179205583,0.7967579130954345,0.5191864616782225,6474.260222680073,8830.921770221266,161.40673689945234,6316.877947350966,19.783753538451972
0.3942758780893248,0.21078763627370425,0.23957626854466582,0.43385971143329016,3925.9882898143096,7923.271734916614,162.80489024467883,-6243.328567694436,-117.61661208434688
0.29485892404743436,0.49656712142075576,0.24026533840059627,0.15050552630788747,3184.3258573809044,8231.363143304425,157.49475334792157,-1787.400798221266,66.35663518468685
0.42089137470318533,0.5383422028051027,0.5647348208629779,0.634877321871997,4169.949393868313,8771.10261351474,152.19261962366474,2265.916362806201,9.69997490829448
0.07345028421893285,0.12499983954307184,0.04152739386293392,0.7683406276983212,1656.520222277654,8755.478454539003,143.57385112415474,-6246.585287704027,-95.97612785690848
0.5161423526400319,0.3577460925393694,0.28535006897649157,0.6536711553220859,4841.506784753508,8899.39505106258,142.57693892655266,7959.086697915593,54.04257129489581
0.12425350263762769,0.5504240529555461,0.026118877606505282,0.43016666099577794,1993.4746943964888,9010.275394992515,137.28181642632393,-7045.704126211349,44.73890461691765
0.012570883473382893,0.7634085356779509,0.3228517208954502,0.10317393109595555,1162.2323566393634,8324.313728197665,139.2991906444805,-2007.923141132448,49.45398236943976
0.061141447746952404,0.44530690919082283,0.030912826929346434,0.11498933891584387,1490.369045347584,7899.887769614247,146.28058633745428,873.2420560386008,-73.86168244232229
0.7836237165400182,0.40246493256292115,0.2767240117684984,0.05760758058572074,6682.818475118736,8607.24467800766,140.94795600017946,12989.3879407863,-9.947702901857111
0.07567243585159256,0.4928549334936442,0.6810041278460237,0.4371180696094632,1660.4801365992023,7410.100018201269,135.73576307478933,-12728.137734647076,20.98812765729899
0.09961098878906496,0.12270039296139948,0.38407411835483624,0.4333933299233578,1806.726565025484,6880.32693933472,133.69041924407605,430.3872417039765,-85.94812113757834
0.44109025167377974,0.37880051998445063,0.3305316724862448,0.340309083896117,4259.763799023551,7143.23379887716,130.95593485502758,6139.398585868633,59.465229601334464
0.44474588511018803,0.1201561785217555,0.04986526200647332,0.36967097187721154,4270.441954131708,7186.121424386877,121.2458545676249,65.7240224789748,-60.05598407524708
0.4032797503783258,0.5015910255229461,0.2376710322593861,0.15526511879267887,3964.871309948194,7779.116308178816,129.99012252268,-745.5127048818176,88.56735456766917
0.37639871504229355,0.8859115241585481,0.6088521128458615,0.0890375859973245,3790.2975466977578,7527.873558090845,142.25387226142786,-483.28964088351495,89.23738913182342
0.8054053124030491,0.18825009825242564,0.21094466692053676,0.482196042236277,6887.624754602973,8752.505010761957,133.84436554919344,7713.037901379492,-161.9936598929052
0.4145767696169011,0.07873609150012531,0.25886812839440737,0.7237141510091065,4107.292688701911,9475.264673545233,117.94659752853306,-7026.641040010805,-25.42863071481988
0.370385452273071,0.4751742649611005,0.5195604941855847,0.10768523441195718,3728.1468324724297,10031.249299972453,118.64010330266508,-794.5083075219627,92.05105550560177
0.07936467641271103,0.49838030400157707,0.27908719469862636,0.22283070562443183,1645.9551777883623,8765.073744093235,120.86721253966422,-5232.213882278067,5.388331726814272
0.3436405092331603,0.1456475680154776,0.3128798264350931,0.8440456449876383,3618.733382644927,9246.849063882466,112.80522290012952,4751.371022037389,-81.90286110803974
0.04403088360222243,0.5865855416707415,0.5211686632771029,0.07166471838426194,1381.291429425888,9146.922521841834,123.57641508863136,-5386.631376594629,102.38369714278734
0.09864610629574147,0.15556403996667242,0.2982119338788845,0.4091919188800077,1795.5287834353742,8531.247917149161,118.39297035786949,981.9179593482132,-100.08113959130311
0.4156518354851583,0.16061896398416822,0.35138488673777407,0.7462781068657616,4124.564085669972,8478.94021166328,119.33249696248348,5699.393014546879,1.1737292785123543
0.0596557647486127,0.04876634322060336,0.38471517646394815,0.4089731079834549,1512.5248524723636,7861.144391904282,108.81812353546977,-6400.393847612962,-25.971645748608708
0.052483073362124405,0.22898849415780861,0.3903853789418438,0.7757286268685122,1521.2316784207137,7278.78187428829,93.56468369399629,-128.9566194534782,41.846724987226
0.42235315773296195,0.18782191750857105,0.2927614631138145,0.7871711951822156,4178.174188291519,6590.098808491284,93.55474154108124,6649.83241956938,-9.55868300732044
0.35177684087834676,0.09758998599895746,0.046110008156239744,0.17641703948875456,3573.424667839049,6477.19186637331,93.99251999058257,-1268.8798032205068,-20.95142469065665
0.43133452428942026,0.41132429869299536,0.037646052400399754,0.7753143475704594,4244.43039858875,6586.771184129279,92.50995418778288,1430.3542912174653,72.84761298259178
0.8093078106260077,0.15215695056478415,0.7027390289123532,0.331197209548474,6906.2716697816495,7899.123743431415,84.47081283912989,6795.518533183629,-60.17742373171842
0.05034238324689669,0.4926400930632059,0.6007775451931083,0.8249368365938055,1530.8310963948093,7371.807945480339,92.52781398620576,-13645.312550494751,79.05856384924846
0.39297882364273146,0.7694444477927396,0.3180972149888595,0.4279456234650939,3943.935873122647,7999.1756138795,96.77371068434162,6160.203286907733,64.27265265338735
0.42024326656412253,0.10381604416946608,0.336084229266374,0.3587880637253934,4099.833321462146,8577.36977252088,95.5721468712894,490.1828617704232,-154.555744703184
0.31365102288646857,0.1635127688482795,0.03113866517683451,0.43403424734775264,3338.249824839198,8393.98421659116,95.6393396418148,-1916.4041311641413,13.86129511428853
0.7889487203164081,0.14733090584912503,0.4452118660432372,0.34759502697474964,6754.84295853124,9705.167830574912,97.9279618363413,8545.297851521762,-3.757351508597452
0.40652050492709263,0.3814933446282397,0.20893644471109832,0.6501308815321355,4051.652294566235,10341.685810710162,101.4690518209336,-6875.612957938489,54.37140288788359
0.4056575166648713,0.39009835517354763,0.8157027485229764,0.4133225185598619,4029.165085940717,10311.668996717504,106.16581435225604,-15.515521709707173,1.998042459981221
0.45556526928684143,0.20555332003617013,0.027333288603590043,0.754021669225276,4405.841000809188,10498.268477229958,108.67267154193269,897.2831418306305,-42.85047810711447
0.09019384817287762,0.17000550013693652,0.2988453130058378,0.6998146602393692,1776.450547022371,9884.93735813379,103.0693639879452,-6568.95170486878,-8.254034454049872
0.38569467795083984,0.450030009728585,0.04701255991208764,0.3730407526155425,3861.4891624766674,9123.33038799712,109.98583453449552,5312.760022778634,65.02035727365988
0.7270621233395922,0.17478324444432772,0.0505665772414042,0.45095619909114415,6314.757268581324,10339.993496689936,102.60534991576787,6137.388237800091,-63.91098780353106
0.3930168974528658,0.08343357658658393,0.3085672629474829,0.1340698300217704,3870.6115650575657,10340.061948956736,86.67650425704872,-6005.7432773524215,-21.210957746527956
0.09225305666319653,0.44957191894715576,0.057675183480581003,0.1280872867814096,1716.8943608114243,9750.373833246962,94.70479097391356,-5407.38281799532,85.01557905265584
0.46669353010147513,0.16253382200610475,0.32134659275293864,0.3989494018812201,4441.870424724914,10025.526398716454,94.68206029454448,6732.002680628513,-66.64887884805056
0.10220938212546524,0.3869305741590342,0.3685623805343181,0.3236566216115968,1821.7674035585053,8790.849222089997,100.24545046309753,-6552.999569437727,52.103856970624
0.10639738371934404,0.4801251037199843,0.038066728803976546,0.7698867234027605,1910.0747846143693,8251.262879316557,102.53563292749207,75.29538059169226,21.639325846298533
0.3108878272756768,0.12262421152679806,0.22693818918746894,0.08126523503616304,3272.09242340228,8080.878038930025,96.3250107191936,3676.49950215936,-83.01000426694932
0.4276509856270721,0.18192906430155928,0.32775089444078503,0.13367422460678532,4124.731289380486,8030.6914149521635,95.77646675408543,2099.265305917348,13.770304324788924
0.3729308927208947,0.7382507380129518,0.042259879149441446,0.3781422108707323,3783.6715512374094,8539.019621124025,108.97085050272008,-983.8034033715358,129.1752426833783
0.3940790719242904,0.5446695775624816,0.4100644091979813,0.6901747946666504,3980.958529237742,8554.093782895703,111.1683361877261,380.21957877675777,-44.94862336262671
0.7330807509111377,0.13829050993973083,0.5027700478928204,0.0613415438717132,6313.833311602671,8564.91457279945,110.32099227528006,6094.854519120798,-94.35928377805142
0.7852328085142026,0.5525239374264682,0.34519958883264856,0.13401115179499698,6714.031902818217,9270.0730030313,121.21304701003064,937.633125928618,96.18302872543846
0.08023486451475126,0.6270473516250646,0.3063150371079731,0.37282585447142325,1680.109865091436,9248.465696263223,125.33394201912922,-12675.040187994577,17.303981796135588
0.8753930010286219,0.6055879439721411,0.04709278040239196,0.4340985821281389,7399.014723808833,9983.259643239291,135.62144768918952,14296.015218069955,-4.9827722384334265
0.7837624716657408,0.5141274192369323,0.3917079364206279,0.29037733629215245,6725.027562514915,11208.61255010984,138.57489784364486,-1647.4099704929613,-21.23669818542569
0.09392174619540622,0.6186221671879939,0.16794089202034623,0.37830989137646787,1775.104151751196,11186.182809947804,141.79073368643398,-12402.531089734111,24.263182729636668
0.43160669106616695,0.5482482062394786,0.40081028473877134,0.43467518563324736,4214.689412492908,11403.221237225076,151.67352010424338,6071.18117655242,-16.340498516746692
0.7310144952114261,0.5099199330295727,0.26752729830219407,0.3581678758710751,6351.634775729248,11948.633420094611,159.2893118427211,5383.002861840008,-8.899642468527873
0.8137511036861829,0.18229445489224635,0.26232538656575133,0.4415971112613045,6943.05484296262,12741.176708656263,146.38027176985082,1487.5076535495991,-76.07307543010133
0.11419191608546225,0.5788216239253797,0.06061388384241577,0.7818478620129352,1973.0231228840644,12237.972269756025,147.1732660185973,-12577.25769584212,92.07171985354024
0.3208801336993922,0.7062356253956715,0.34543574349941064,0.3322122943845349,3409.7429956059973,11496.883670399897,160.36068106759652,3716.012914561876,29.58492422447611
0.11134262230462968,0.02901342882350219,0.5772243045837309,0.4973152479110169,1901.095725448516,10285.30776933484,148.20501642398438,-3767.239891160667,-157.24776820067478
0.4979763029528373,0.3531877050863551,0.03196450250282931,0.758738249595306,4718.490838758451,11036.35811855366,141.8461258801703,6951.222314844235,75.2717227941159
0.7303405558495968,0.17816780590952827,0.03520493244476858,0.7160057878651188,6375.476482240189,10775.570752057109,131.92163386934064,4177.638060916179,-40.63878690858925
0.05901992816920465,0.17289049543452203,0.031109969640904744,0.3911064455618357,1501.437764289797,9472.568247871768,123.99827504158924,-12069.561347380804,-1.2253663546427165
0.4542245953382061,0.534397649321482,0.5375579484771311,0.8002373685990798,4432.072112627528,10120.350717537734,122.04262185577768,7105.318648778943,83.94023914903451
0.6992967426156986,0.1290229251603657,0.04736599246469017,0.333536226796021,6096.295644082255,10601.62618652255,112.30841052061126,4406.111169740887,-94.12608001029494
0.4234536556081537,0.9344705726305101,0.03114683762047865,0.3718658000936491,4154.927447544639,10048.667694174395,122.16627414400212,-4959.336751489644,187.02110711704483
0.4016098883381532,0.17934890560100833,0.04057300595156166,0.6602772796391089,4003.736472444932,9307.685892436084,122.09787989252652,-392.7254403520237,-175.33565417876605
0.3569516282702584,0.8624070151072379,0.30395609096926735,0.4677270948161808,3694.386738318784,9744.139521011584,128.68259759424618,-802.9033927039673,158.60283938549327
0.4803778821632361,0.08065133631064822,0.3442971588493624,0.09576640773804326,4494.321541494039,10030.897856816808,114.1568283891102,2219.0599868591,-181.5199448440806
0.6902532916069677,0.44789028053960567,0.055312178089388236,0.37640514866078867,6052.337016378015,11071.711672108117,123.88294936043648,3773.3149037001785,85.2711335639479
0.083386081915371,0.41247518825544716,0.26502817503365517,0.47283094654245117,1705.7828652335631,10326.326843978246,125.25957647894548,-10910.764119367566,-8.223215734056936
0.714955798597745,0.17056750447181593,0.3206469529079111,0.27108421243149705,6209.563704212312,10298.666846086122,125.08310109984804,11354.886363293665,-56.16981188465349
0.5023542644331018,0.5674875007779089,0.30940860389067587,0.7745686258119125,4769.816727909412,11095.730238496126,134.24545560372985,-3822.327444359542,92.1629324751494
0.37699057556433985,0.5242736688830942,0.0383776427726153,0.11755113275573006,3766.043200656308,10956.872485385447,134.01038160035228,-2253.892806427877,-10.034045923559148
0.04812008970428569,0.11935538839019874,0.033454605290902925,0.12248236573736451,1382.7163359138235,9786.132866158645,133.7859060015309,-5912.707491420334,-94.020095964733
0.42124404727049286,0.16184943713305536,0.7099086435115349,0.1749647168823433,4094.095628463041,9782.160248264088,115.84601126143006,6708.333261832803,9.86691570425041
0.4335090515201215,0.5316545968692113,0.280253792842853,0.5294651107076604,4237.65181353257,9839.511220523824,124.02638159730064,220.51046119091552,85.86699658094801
0.47552009532437217,0.12153953814782256,0.2253390666731705,0.11711635050995126,4461.016345541989,10052.683485454709,106.82379168308805,755.3095340075106,-95.22676311533834
0.1012059566734547,0.5544374409204814,0.7640594206408895,0.7841506239919244,1898.2368439113145,9370.976618839222,117.8248793514318,-6729.73132860462,100.51683098148284
0.12695693365450322,0.5726080407806211,0.3920477103265971,0.39695074087114357,2019.355643165788,8358.235512915653,120.72076633684853,462.97251061936095,4.219126734677218
0.12999310896465316,0.7272815090361442,0.03259999970884564,0.5057202158263541,2053.806774794779,8442.029507766378,128.03041915224543,54.58688837534737,35.914442565745105
0.10199572129818565,0.8794954178996349,0.6763921776366502,0.07409061297827832,1816.375379980876,7339.998831005393,144.49138761517233,-503.3603528234062,35.34334459064661
0.8255116738427595,0.46898591798564215,0.29048076189370764,0.16549352077038817,7002.752828942055,7920.998135496814,142.20422778244418,13007.972368164505,-95.3183504814012
0.3905320300671908,0.247318795996561,0.7959619000123481,0.36118371046244047,3905.8555528390007,7945.3440901890835,135.7734675571969,-7820.42630441939,-51.47004984875031
0.08836307791939055,0.6095552961742318,0.1751630051034152,0.5497710600132277,1759.1069611333237,8017.696286000854,147.15567591678388,-5432.64508022531,84.10958988360909
0.08661833712044775,0.15007268690856698,0.7129689730035647,0.7330354735015846,1765.927086863359,7416.078315311943,146.8822253862444,-31.36840317402539,-106.68967319701363
0.0866787868614205,0.5958451833528058,0.03127383760675896,0.40185786521844125,1721.51094688,6792.517980082759,148.37270022819857,1.086815788194599,103.50625030588436
0.4069318548469291,0.5058379008815196,0.47913041699427167,0.1686257957567244,3999.8810250352935,6669.204329046622,157.29592515628278,5757.7763759379695,-20.899262254038035
0.05508117163560833,0.1558811379498398,0.7765457466421453,0.1285294407305542,1455.83086927943,6586.277349047121,148.04163764744644,-6325.864618238248,-81.2582933877226
0.4757266574421069,0.7230989911125488,0.31205214036043644,0.08199530134129926,4487.873384475378,7213.324605424239,151.5359658301129,7562.714874385537,131.70528364970534
0.3581078622664949,0.04434155137223858,0.5510562354031703,0.384916466864614,3659.841996045652,7623.448307228618,135.67842532106255,-2114.648657352036,-157.6042443514233
0.08545597866094304,0.16234314012882003,0.23525164401950388,0.7835419783201019,1752.0846676091603,7593.711780418789,119.02649103564023,-4901.962638965482,27.39940682692741
0.45604290273381415,0.43383667814617544,0.31433081274835395,0.4876636215010526,4390.202622187763,6929.450052867071,118.21034242936555,6662.720360745609,63.03950631007508
0.8843973549862711,0.14204007861924764,0.039228851698126635,0.33763175544681356,7428.410849670841,7817.362265106261,115.7658207597561,7701.313093489702,-67.7537804820987
0.09046147874972224,0.8679569331144813,0.02258628535224918,0.2332671545186545,1737.3163972831685,7821.134944882333,121.76578368387815,-14274.04040485652,168.55443582092482
0.7814986761163998,0.22871218489318992,0.23962883729824738,0.2790675350091242,6689.700439894027,9070.448690771476,123.59175536837029,12424.042257956706,-148.4295855933131
0.8004555696499032,0.44301310457406706,0.04404295822950878,0.17442312923238487,6815.815278711607,10353.736037083016,120.04306729832923,340.82282001218846,49.759652760552825
0.8161924648792085,0.6249785296636583,0.04220982076119492,0.42392371874746526,6972.601777500515,11089.538846676229,122.8094559478513,282.9310087546328,42.25150494159272
0.8069097163905941,0.15846085097050963,0.26264913536229667,0.09406284862637052,6843.70610847149,12441.238819755628,122.8693556553848,-166.89298337631044,-108.32318280760826
0.0698078154186042,0.6284425437801725,0.1413077788751074,0.26934184908341174,1586.029496312976,11711.44411900454,120.67147803646438,-13252.231863919367,109.1275103851664
0.7222985575606875,0.22105302573191535,0.2746018329227448,0.42159202466510914,6284.685973096196,12366.216482277016,124.77463429731336,11731.021982883609,-94.5939055537294
0.6072876713803339,0.8796704639756875,0.2787592282273793,0.3245862887304508,5474.590318638639,13304.408959699713,141.43063306924108,-2067.761497463298,152.92783193771504
0.5282085999348485,0.4803171528654192,0.17915277591123308,0.46157955015668195,4903.931699165427,13434.154460378571,142.50988755196536,-1421.749406692741,-92.72793658195953
0.737622520937631,0.22947684113085628,0.03884611039641804,0.10637946028463799,6344.285864575552,13170.27043972472,144.54012752833296,3765.0178801625807,-58.2439255456656
0.38176943279993053,0.12012208268605232,0.6312852333923136,0.06420163480560986,3790.472369890499,13694.008140819597,127.17575852097066,-6397.82318736924,-25.391654016373963
0.43654860339762364,0.2039228110061326,0.36284233250468584,0.33473127752917364,4219.085524458871,13073.82817124999,126.60016106734876,984.8655513118938,19.45812994409056
0.5286681577133612,0.2228088733405785,0.06202503149014534,0.5041625485049063,4898.056441125311,12585.186126516684,121.48712370899317,1656.2020683751562,4.385253713216059
0.07376911732991581,0.49285083302143895,0.49322142633155275,0.3874897964782157,1634.6062065426477,11250.395600276495,118.41918152994931,-8178.553806314117,62.70245673471027
0.07484061547689921,0.7804721503598636,0.21425542407772372,0.08779152653173791,1605.6720735510826,9934.220800981288,132.86198761629035,19.264286073417225,66.78429984624043
0.4378448959132654,0.17906086790934136,0.5985606269946664,0.1280111494985746,4204.581057601719,10595.908515909668,122.42755915859333,6526.393278316535,-139.64483505521395
0.08859462380563485,0.5966925632422424,0.24031834072295555,0.7151632144395844,1785.3159749805147,9456.58280638082,131.1497302894886,-6279.112261688673,96.97209033219342
0.4418536683715604,0.17527563267193827,0.34439762722623335,0.3839122962319881,4262.339167785464,9159.151777759456,114.7940178342189,6351.185311611573,-97.85100392393474
0.6312459006416555,0.4260383401025515,0.29028095065565773,0.6765206499427288,5675.810213225594,9344.400818332868,113.5336896567396,3405.0512852549928,58.22590619594462
0.7426956716190996,0.45300278447861153,0.6726702464834526,0.16079546658310914,6416.319168148526,9353.521751140495,118.72385558814216,2003.7368025047672,6.26101554315315
0.27446130542285824,0.17630735614323048,0.16948927569937453,0.4772803729294338,3066.931059384722,9160.594262687584,120.02845087483024,-8418.307399974698,-64.24736046351919
0.3860722070706794,0.49069493609478343,0.04128982339825644,0.4508393078092757,3876.915154866808,9069.843593492771,126.68716301991417,2006.6337438929384,72.99929852804905
0.10729105840030259,0.4604389737642697,0.043882694389719513,0.16012271742545306,1829.68619363868,8312.256750360397,132.2048207603225,-5012.159671000497,-7.025290333539687
0.07349731238941734,0.1398157564413989,0.5789484956072757,0.5616194530405096,1643.198915055032,8311.768076801356,124.00751444494249,-607.5721105807729,-74.4471838231731
0.4926789889461152,0.7148876819727626,0.269993603995799,0.096473272638841,4610.288212113846,9062.992703892283,122.48467432914305,7536.397292573132,133.5289618420457
0.4168065728786073,0.7772266727959536,0.19580275576812733,0.3612055538588338,4102.861214769961,9025.16825458403,136.37379939156355,-1364.097485675302,14.474816726986148
0.05631320902745804,0.3921915179229696,0.03854719417195538,0.09655720727240516,1450.7891312553384,8967.13003856917,131.6253825301659,-6481.24992875472,-89.40332890598887
0.7666926763516912,0.4461150113332394,0.026241707823967543,0.6751455318852961,6643.332859696246,9551.152661020911,137.9141438925245,12771.793696277564,12.520778313628568
0.4198874738474853,0.19623262597863747,0.04667134738240522,0.7354245761543992,4146.738916636316,9171.154878546598,132.57816467497136,-6235.1527640055465,-58.02149960317308
0.09683119152446568,0.14416256200900437,0.2891985832777709,0.2982124413936058,1766.0350038791926,8009.965926029018,125.40704182049916,-5808.1748979279055,-12.090420826037729
0.7017926774718668,0.6367446720201225,0.2799928558246161,0.13399248803342448,6116.078694378345,8778.257856581977,136.09817697295347,10876.501430730688,114.37521960574604
0.535864968125161,0.14073779205625028,0.21681082156304163,0.49144506153592193,4948.47727619717,9047.567757752086,127.9723387850616,-2983.186549935552,-115.1704348754126
0.7509755639034748,0.4924276208478843,0.32407414635305254,0.31719506636200046,6490.15054359255,10204.837370392044,128.71509993304494,3867.4374436980015,81.66070302521227
0.38264175167814135,0.6691202210836933,0.2605582580137755,0.11917858935222045,3819.77064489371,10760.64299014328,141.00529747602874,-6622.212039467995,41.02718012683167
0.38922983942372275,0.39840339131151015,0.2823994956301481,0.10075053497360201,3852.579000447005,10574.653493468775,133.6566829992804,118.44612831572158,-62.85915835527591
0.07872163337616331,0.16789238083814548,0.2988760801691543,0.043777627105051176,1601.2577464876576,9966.816232151525,119.50823098700307,-5582.575132102767,-53.52355862830348
0.3942736736402949,0.822905474998631,0.31589068834352746,0.09517276551625001,3908.70224685126,10574.42970214547,129.50920390635594,5673.257384357228,152.0909204103125
0.293613058970626,0.40047731708676815,0.04316554017008813,0.8036656494801081,3257.6519790586854,9723.887766035828,128.44951838476393,-1809.7603647582876,-98.08580609581936
0.8041113065944827,0.12745362762467918,0.37488590133021943,0.10812110048429849,6827.222408589768,10414.677372261584,126.85250280479907,9178.162659348443,-63.39480018690204
0.5196872986101178,0.7972727556628001,0.03523703695903639,0.33258172785961515,4835.191871915433,11174.923298745272,142.01741040248226,-5113.611695348607,155.5288109504428
0.4474833406182959,0.8607989468054204,0.03977093762467636,0.21558798138278742,4302.497481442681,10717.70479304084,147.21984393820208,-1298.14289115051,14.7504789861122
0.40656344623896085,0.7795356577904364,0.7165487596123279,0.3716144897811172,4045.1426194457113,10485.23574824066,162.05242609904838,-735.6919408930498,-18.86894862414761
0.49065392983434203,0.09386698808177277,0.04658486928121583,0.8009943822307953,4660.156567217588,10017.207833873685,152.79803805442364,1511.8487480300864,-159.20899902949793
0.31328591271172157,0.15440444640824294,0.8382754229933833,0.6361069234864014,3385.992746589962,9892.514130345362,140.84658294337274,-3188.8699310814936,14.056509462569494
0.11010914570183902,0.4377446111025526,0.6207019616527052,0.09930012653368034,1856.2302605466623,9390.68770087303,141.76006732733805,-3652.8811311243703,65.7902365948866
0.5548307373753278,0.5078499754266114,0.23735290004634188,0.4768026527859873,5100.418766643864,10246.676300332576,149.65372074013035,7995.575157216023,16.278131659966448
0.04978725688340274,0.5369772849811594,0.025613341513472967,0.696920934045688,1494.9593673870531,9627.329930066388,143.01460436540376,-9080.09231290012,6.763222535123703
0.444731758969974,0.61942720215954,0.04330985787989673,0.1010954329266269,4255.438550553276,9899.02371470113,148.09851640339596,7100.6411842510215,19.14447803136821
0.40363135517180576,0.09952717334621988,0.014082280375972762,0.10268651929106368,3935.138066449833,9179.007504444991,147.4500774373855,-738.9372895603701,-120.71831022692852
0.09483221475340525,0.17586490513925992,0.7175755488525879,0.6378478460448135,1812.8876052072887,8415.167651039428,133.02128314626512,-5551.84812684284,17.725257699343622
0.07738913914038897,0.958912471238598,0.7083937441067762,0.41691195224355915,1692.3730097210555,7749.781472682023,135.29943244874082,-313.60614066894595,181.8199149220731
0.41420031818788033,0.5744898338395219,0.5852202207549033,0.0865197549387379,4046.679465868364,7763.511677101342,130.53836608701332,6055.471886874201,-89.2611052661799
0.3609143566093218,0.8354227536862621,0.2828526575481707,0.6781407889989398,3750.747076704962,7530.255067121545,147.75693773570885,-958.0193959610896,60.58738107473246
0.0887244533751829,0.1556306417439897,0.021818393844063116,0.6363899222634741,1748.6201044132354,7126.519773140664,147.78540940732563,-4893.656771092301,-157.84449030821753
0.11301523172040057,0.8067771241096805,0.03628956747993599,0.13467448219184672,1883.134123820132,7131.74457661542,156.35416857641076,436.7198434319721,151.19311156956948
0.1165809866381301,0.8031021699761763,0.2716906659425346,0.44075514230190194,1958.302142967662,6343.822675530144,163.20978389502693,64.10811161570746,-0.8533068447229937
0.0459984675866732,0.5704340107789397,0.01773948721505454,0.4608801913833729,1435.7339398792324,6337.010874586803,163.98663313145656,-1268.991311480769,-54.0244382867416
0.37697970964960054,0.16457052363768318,0.03349336956346462,0.7601547063753527,3839.822730122018,6215.200597654223,153.4250777201357,5950.656424358635,-94.2395684461365
0.7402948770067448,0.13939697470798137,0.7948356645379604,0.6804536915284454,6461.205383035444,6820.482315907427,154.35083551639144,6531.982662297469,-5.845178151162756
0.45927211659915473,0.8427911132255428,0.03488372599695827,0.4748786705351704,4422.901880956422,7475.70272347322,169.83654438815182,-5052.46123371694,163.3247684543898
0.5094441624450587,0.4702237765690336,0.03973426729177429,0.3255640874672485,4745.473801115557,8252.48722765837,158.4894256772398,902.0348255245916,-86.50836090465071
0.6694760597436142,0.1773552833255109,0.04350255238229867,0.18896925112206256,5863.573017234947,8711.443216222437,149.2681505832166,2877.186730663416,-68.0026690972918
0.8558679426255222,0.8719290389740825,0.5826194409895487,0.3377625928103233,7272.148128362767,9601.311994896814,150.11580913839435,3351.1085051419686,161.27671756674246
0.7451595647500371,0.21407565829803762,0.04617947792755988,0.7722886840602422,6491.96195786558,10781.505708694856,151.472874583398,-1990.407419855621,-152.75042140995902
0.05900623213836459,0.6309225301104426,0.28787603925512634,0.1650730919666297,1497.7925171390382,10684.40383115857,147.38961467635667,-12336.236069911329,96.78985804911991
0.8533744291727465,0.8104597965104869,0.26368752979121185,0.5130423284534107,7267.300025156757,12009.07244528213,147.56045525979158,14281.813028214194,41.687698060039
0.5079459646980997,0.2778593467708216,0.24790082047407577,0.3646759926333484,4737.030376501768,12839.600128443062,140.76701092494747,-6210.400621107076,-123.66728746953152
0.12488841968431369,0.7385110803238123,0.29862666195759585,0.08443862364703111,1965.4986973022824,12386.369412162294,154.09363726347578,-6886.927570058359,106.96113828758766
0.49223090996723734,0.5110127356742203,0.3158922329940382,0.7329436048015597,4688.695623610242,11940.379352449218,162.72237821968116,6604.389227974385,-52.824031974392
0.7640671693159429,0.8419055122585196,0.6274783244779953,0.31612494646397105,6608.74941882032,12488.36528278694,162.70181498706924,4887.298666791063,76.83172656621667
0.47839217258381345,0.20221612857609736,0.2104211524766016,0.3677192731089477,4520.37585941737,12432.537429279217,156.47880506197882,-5136.103012929891,-148.53282782943535
0.8175513112694976,0.7982088363537169,0.32819203037874656,0.44655292185955864,7001.50354566235,12698.759448777677,170.89472882928862,6097.685460725284,138.38666782670987
0.373095391577881,0.14377327994472974,0.028143997893525237,0.4810722012422417,3771.385568561822,11830.790749255586,153.9872989503815,-7990.798685063561,-151.9568188954265
0.4844518151031327,0.14312139116832387,0.21248819183999695,0.12091892095313053,4526.433445808102,11362.068644145633,152.33977466559926,2002.0585242657216,-0.1513654687098977
0.07677640177686174,0.1693276168321771,0.026478947020602144,0.5030954375273555,1644.6468575796034,11394.017335093244,141.62176065288872,-7329.528109335601,6.084960769836513
0.6704360680945889,0.500723425845467,0.2996553986086404,0.08092599330338882,5877.312671092809,11065.11551370108,134.4298296641854,10673.307904816384,76.94852830011101
0.8125091085127953,0.8715269022396647,0.025853943431430205,0.7740144317478777,7006.522575237854,11612.684498900311,148.214507517797,2554.307444806884,86.098800953618
0.38677047442293705,0.15188654935817772,0.4118272430188464,0.3444951487501411,3861.417645289223,12083.517867505034,134.5933653383139,-7654.283736003452,-167.0970620433593
0.10841161774766117,0.5740636595091663,0.24095123976570912,0.11092029193836503,1841.5146291635097,11393.455577931243,136.05737775642717,-5004.567353810736,98.0275140015716
0.7587537300185958,0.821065709103908,0.22849774554619912,0.09770720275939085,6527.733504121742,11383.90263423778,135.57348745389558,11692.392125594328,57.35269935976825
0.8121020028938277,0.5631562849345892,0.2554693297529496,0.42273911348983517,6946.031355164628,11983.87395987211,143.95434595626853,959.1396803480492,-59.88533978039016
0.05761325017992058,0.17909913379581419,0.0469116659035281,0.38985691843137504,1491.869571959497,10617.594022933092,129.57891356622295,-13564.827165008182,-89.17624109747535
0.3897977448446836,0.04946173342416099,0.04537251962480046,0.11533789950663112,3835.977202829277,10647.622904675616,127.38904437986452,5972.289501751822,-30.10118685855479
0.6674710220783369,0.7584250605878227,0.6101280999061316,0.3800473515268201,5918.741503894434,10976.670077554663,141.6761024933815,4992.2414356309855,164.61790753004396
0.7993171080775026,0.5397755084859289,0.7394796246978492,0.816369622715542,6921.914581624098,12275.713935451324,150.27772608044745,2370.43874084052,-50.76938449467369
0.3812749771370159,0.42361663868056865,0.022683097829302203,0.4277089528471476,3835.5226470234657,11755.83604362382,148.48734321110618,-7515.909592425256,-26.9715362639611
0.31914541914998745,0.4706670253111307,0.061430726374905,0.3947067631469239,3387.3120926280567,10868.825713565931,139.17956781223947,-1117.016937496967,10.924875658363504
0.4754337385316532,0.13275622412921942,0.737861158645577,0.10453869901097543,4473.282927072414,11028.231914015449,138.73537077285815,2809.881569070628,-78.46127844850547
0.41982147844825574,0.7075676852869899,0.031049695293799664,0.15057247492091572,4087.033472803459,11588.110497054397,141.8352706588376,-999.8435279164696,133.4684832551792
0.044215988002725665,0.1676636161681724,0.7307203608217969,0.12441786886769671,1376.3959516045654,10303.455034868097,126.66358529886948,-6752.948326658116,-125.36315309970726
0.46173662629266704,0.611452931302286,0.04226339055483819,0.08536421795531127,4375.110129840831,9673.538980970356,127.78501042216551,7506.533763233603,103.04576505225128
0.48057595349520504,0.44897855961976985,0.2890132896448244,0.4088067576103148,4555.507648040693,10433.97655503344,134.0514821368997,338.709114600104,-37.72577518309373
0.4027790618498364,0.6407455871355231,0.03744732006877903,0.3130580672841099,3984.478870023736,10457.315447881832,147.78081157114212,-1398.6973103950968,44.52739033652759
0.40982220320674073,0.5216192925614841,0.05545895640852122,0.3498708011290844,4035.29046365424,9994.09294327984,142.2822944363423,126.6274611271183,-27.660558160378542
0.09025022583273037,0.42359516763759486,0.29143353541184625,0.49958719209013913,1760.1679450269742,8719.273448425327,139.58464226255575,-5745.531161684676,-22.76073488454108
0.3831713150021249,0.5617079388269528,0.324587875053572,0.1447540185689322,3823.967352715124,8722.682842573899,142.79105647429583,5266.379297605596,32.069127591305374
0.37933552569817314,0.14060206265065847,0.03250011555175164,0.11271533323131563,3764.24494373372,8830.897629001494,135.12710526266906,-68.96301470675826,-97.77877857530524
0.30442045605865203,0.7811492780598447,0.5303649067763601,0.3056474348593824,3296.204964592765,8523.435707094406,150.18248312291692,-1346.8855142761695,148.73201227024094
0.7345512986979952,0.7803692388142971,0.38990236815400575,0.10586131068349838,6357.395487001196,9089.28318991045,151.87290051792488,7733.250519314832,-0.1811213972196412
0.3659260124777522,0.5280257723111141,0.04168848389874996,0.06381298085604933,3679.1530549843046,9667.680265222323,160.24033813061425,-6627.452401699798,-58.59295092289349
0.9078158274589259,0.20815535534863475,0.02716034479245889,0.5566744552572133,7630.478462742384,10469.678604357232,150.87596052154458,9742.546401463927,-74.27238716533853
0.5637225132823425,0.46553072862090106,0.2585508750736343,0.3287984541132699,5142.094683072159,10619.166414323994,151.2602940013807,-6186.3961770813785,59.7613357059636
0.0420924308189537,0.5839503036594331,0.34364013152850637,0.33652964819494924,1399.7129814829448,9970.693949616723,149.94153457262234,-9378.30005713538,27.496461250583224
0.04550223622511643,0.18426107288438107,0.22738769781237406,0.22280647677540408,1386.4149647056815,9315.689170938314,142.10823740709978,61.30432141570554,-92.80593552802084
0.06849777039181809,0.09306009646816421,0.5064352747869976,0.36257595015838595,1574.9795202283135,9276.580794914264,134.43337049982392,413.4328648589262,-21.17643230207412
0.5165183242966058,0.5616453456062867,0.2845164708663709,0.38115704573178566,4815.193991847113,9516.32315390159,134.43191711505534,8054.886647719351,108.80326281637856
0.6939230711863078,0.37260701002152474,0.04276782940797389,0.3528826596185991,6071.566189363879,10081.914843302004,139.8189614810319,3189.5302894241177,-43.89380106785416
0.08926732416823041,0.43081095002383374,0.21318415152570913,0.8528331487953689,1801.1322877211808,9695.094623967278,131.68427238228972,-10871.004601627572,13.514677623053558
0.34381382565068597,0.15142110113810783,0.238981286648419,0.7723966530555747,3608.096342428709,8992.594252727336,117.0803962151842,4576.449000262697,-64.87299208085295
0.07478956006666995,0.16195083550070002,0.028944486616690027,0.23253950435766638,1591.8977647443662,8469.164891562632,108.58031055659104,-4836.742300947453,2.4449541622298625
0.08274362618041303,0.15646320684540035,0.33802599201345923,0.4261505170931884,1684.6994365415796,6985.781372757583,107.38004349110284,143.0048250605082,-1.2742012342886682
0.36238003051281836,0.3184377041413392,0.19434732754536105,0.7782915892687319,3748.972343086592,6623.791088619066,103.96461352817876,5027.5361695839165,37.60970673160497
0.14685158065377918,0.6433688986129197,0.8146149917846099,0.3666003749173926,2173.090912149875,6812.135812957381,105.34428499986834,-3874.9499723670415,75.4474755967194
0.7215867592031036,0.45952852093186747,0.030341911925586315,0.2702662357750423,6262.543767919036,8027.656875417926,111.7358640241317,10333.067702638004,-42.68686000228274
0.8403042914708982,0.14801643882805884,0.04514853317259345,0.3596098642275313,7114.856977668998,9415.274918179372,113.0119241161232,2134.4026678679365,-72.3316216247929
0.1025603445460608,0.2085455076762844,0.25418218225225964,0.3778436762654953,1820.4991876983609,8671.026786090737,104.81311407304516,-13263.77510078147,14.05456146568308
0.8802001957838532,0.14448343743184652,0.024677331997075516,0.3744412279557354,7403.134058647959,9005.931314603773,99.5161933806548,13981.056895440835,-14.874907560976864
0.3557957894646361,0.11319593820812171,0.24577930012710383,0.1036557887218382,3598.2917513247235,9485.118387081118,92.14132409730148,-9428.17916198446,-7.264808286576546
0.7041831141800863,0.1945762385375873,0.7462218507939593,0.7289313976183993,6209.569641018817,10133.020307009658,93.14336583143394,6263.597474774599,18.896118094004883
0.45642532870263514,0.13623814334100906,0.32433718799216393,0.36775888667085066,4362.485474675514,10819.156876032164,92.54632936732988,-4454.395810007747,-13.5458278201353
0.8448895647411798,0.5811694016788568,0.29164885225458054,1.0,7265.133283134166,12189.406318969845,102.40780490912348,6984.133564212205,103.3109188246882
0.4093030237162743,0.502211550887639,0.06609138730545355,0.15165790834872986,4002.973210390176,12273.768384087478,106.67494609273778,-7831.337608616519,-18.333636850188128
0.1398122737852069,0.14178046951482468,0.2808067671310781,0.4079752226227258,2090.28456367058,12261.112531937242,95.02830169298464,-4845.129145045754,-83.69038023695518
0.8042254416013499,0.4377530356802959,0.029164763608802196,0.12346602238350532,6835.079575850658,12409.687237636172,94.52268529785938,11945.373281129672,68.7234200439961
0.11546615143160699,0.4047246545055181,0.6796653620924538,0.03598981300489634,1885.9133131658828,11106.5128620246,100.48332778689452,-12383.088145237069,-7.669032783188626
0.3854495206055693,0.18596502629303227,0.24444567564149597,0.2803786611065857,3839.8326389362046,11615.114582897952,99.95901976503912,4853.985864067728,-50.79494364322261
0.7507351167890788,0.11947114425056307,0.03510156900023499,0.33020737403387057,6464.964598340222,11382.351481506275,99.37824623158944,6567.408672790605,-15.43956267691965
0.40992891084871347,0.5612155401665938,0.04990865357673767,0.3636415948388191,4039.6871209433175,11479.67651555564,109.78104798184437,-6127.297807574101,102.57094455046946
0.1162122678493146,0.14682229171632152,0.04394628371206451,0.8265722114586369,1973.3433760519576,10422.573559434462,108.6722240835099,-5280.682426930785,-96.2201383918888
0.12891387148256883,0.15682382589761015,0.2350401378685593,0.44187229820411145,2016.128325723752,9833.746185166796,109.15021382680212,228.3600085273447,2.322308596131194
0.3615275986610041,0.7653405755916578,0.2892499505386238,0.2740115945150384,3695.040625171832,8964.717786210349,113.42658075796191,4182.123317324409,141.29469070336427
0.1020896325952391,0.7323351547195368,0.6369147811691356,0.15221592289421862,1820.1540342565088,8412.383965680478,118.76994122311255,-4664.391824350772,-7.663701510279594
0.7354974733373001,0.20464311257732024,0.25752720261436646,0.3595723526471353,6369.619792993626,9483.35642850545,120.22958185137418,11387.9336885027,-122.5275786058457
0.45105598110149986,0.8620623040617347,0.2906094807486898,0.10873115495839056,4320.088542147763,8848.398959039207,130.0818409500217,-5113.926041782499,152.64960474785562
0.41920092979116047,0.5278206370927583,0.03436752052427261,0.319410046274362,4098.144684841715,9394.478639833562,132.94007103082652,-572.7166426310814,-77.60932296161639
0.12377649370108795,0.8544496711002162,0.02961016186544506,0.43582590700409174,2005.0580061356625,8924.021078877744,148.4619660609089,-5311.386553434005,75.84170584955365
0.32876907691058255,0.9085878151990546,0.04160644488883469,0.4123103768412407,3478.795127098816,8165.375389347473,166.78487927678916,3685.527387046094,12.57061918105876
0.09310787454889147,0.11271496015257701,0.04102883522986833,0.613447465375731,1775.442644193388,7595.768144151669,156.370909445191,-4236.913364229445,-184.79788592431493
0.35894925661226335,0.2930620613955338,0.3305952774620955,0.42530619587855123,3677.06069945791,8032.180918666874,159.76652723808567,4779.517770179315,41.87573785304003
0.6240450808622735,0.12362840387306465,0.3160538723011862,0.10837518108472402,5530.505058991668,8922.36904341735,158.99574535080254,4766.113510880028,-39.34168820564712
0.32214470330354295,0.1490443802301268,0.04295823508291985,0.3279340685720251,3384.011725316329,8851.563194177059,144.68564125768597,-5427.816422583248,5.901468645030199
0.10239838074452481,0.15108275167985788,0.6419758182799096,0.38952521771282156,1829.0149503480643,8852.118287313639,131.1892373297134,-3950.782400582066,0.4733001411598394
0.09109940132082109,0.08518069857347044,0.17940021227269598,0.7793006411197854,1786.9464598919783,7693.565765367353,128.4153769806206,-203.14246232593268,-15.302142817047232
0.7371465715836558,0.6443997222362522,0.7143017876230215,0.3577237133945542,6414.243998691391,8207.923255716469,123.36135551084348,11615.174081171475,129.84799354101173
0.417902910649169,0.5471113034141188,0.04904242970559243,0.041002039781700195,4050.816346829954,8205.589568798716,123.80927559401437,-5739.628415299727,-22.589907432135877
0.4129041943250948,0.7112621472513037,0.6629108892123619,0.4285753325016364,4094.131164478286,8725.407428703653,120.48452949540906,-89.87108520712718,38.11504403179151
0.7351689382695625,0.14922779066772765,0.05093153894354313,0.11653504733727624,6324.680979079248,9456.066946077295,102.85255143521624,5793.943961733154,-130.50170043481637
0.4045279393738929,0.5048830781877832,0.3127164326452973,0.450058195976453,4017.678228973069,10015.96387494094,111.95850833276504,-5944.539249329418,82.58146365310132
0.13119154307781783,0.185383934576741,0.04446327692691691,0.4004810609122209,2022.7340912573177,9606.482088966102,109.45827351884604,-4914.269378205534,-74.1861792616381
0.4726591026601565,0.49306422095881897,0.036333956807731674,0.09483088115051322,4449.334131472385,9334.307769318411,118.03639721652917,6139.18817415153,71.4418969103744
0.42268638389486207,0.49530815161206654,0.22996290560314447,0.1740628419818712,4106.583398606507,9515.069976202873,126.076477050616,-898.451157261743,0.521030009066834
0.46378741634303117,0.2336968018891651,0.8171531228471469,0.6427697577350362,4472.369123373415,10164.805282340903,127.99473594454868,738.9485919536492,-60.74490926038119
0.4996218449443231,0.08144570878384377,0.2852328326387322,0.12414874013492874,4635.128142837397,10899.280954886934,127.90801126073828,644.2612017540177,-35.351978594478325
0.7943014371615178,0.6425268970938861,0.030366453947671717,0.4088630875827107,6813.534214676164,11002.038732310946,127.86452515302383,5297.995129951332,130.28037930197175
0.5946366451696641,0.1486760290118668,0.2813761193874529,0.11504225413314703,5320.160637095421,11319.785359331376,118.61304786989544,-3589.739919335554,-114.6698191862761
0.46424042602598653,0.44483866183865284,0.38675888953495713,0.4151137259738843,4441.425146828798,11412.081912172034,112.42682144532787,-2344.3718270048576,68.76755261740021
0.3831459825027091,0.16061256660877085,0.02905225961592772,0.8186296144306016,3892.1144554739785,10779.185724400317,112.69117051971666,-1457.9834443905802,-65.99594544525316
0.4222377583412619,0.5287481971925768,0.04593751946621557,0.6535095822558046,4167.501086316684,10811.025911885132,113.24530721522694,702.8245032358809,85.47933986431671
0.021877984453154697,0.14917561944881483,0.7239740835585238,0.3905943741554254,1252.274750407733,10614.49289211488,112.40456738522845,-7198.001450756188,-88.13494451672636
0.40885177966748515,0.5863135687378465,0.03030491796699128,0.08581894315712615,3993.3537665692006,10499.774772706993,114.56977282277025,6957.337177775145,101.50134958577765
0.3648686122751486,0.7048575020524733,0.2750513924442223,0.7170203688152142,3778.393095022892,10395.825167591443,119.43540892439846,-790.7660143383237,27.525336649930978
0.41651619392978995,0.7784663053925707,0.7010885571139305,0.4096388745868669,4121.608624688303,10310.83702699852,132.08469730320476,928.5632371799092,17.091613511399743
0.015079974842309107,0.8204745805105444,0.044113930869979716,0.156579072932404,1182.7730737278623,9439.68729832444,149.2445956797049,-7217.354679057583,9.754121382460228
0.08589423861204207,0.09990536167742545,0.28422277374494453,0.3152320065559372,1687.5911178122096,8166.053837758455,136.64518209672605,1273.1578110323003,-167.31274029281872
0.11622702899062853,0.20287333721387432,0.038679966250951055,0.38510984542899507,1913.5994207949225,7305.929185905987,137.9036177771256,545.3481677996183,23.90867344750829
0.05819002977481047,0.16784355389130154,0.6153648887459182,0.09146063432903931,1469.064543484143,6575.89796600802,131.4719233129315,-1043.437507459846,-8.133748828536483
0.05853404210884103,0.5487783799598338,0.04177631914408216,0.1049146337796242,1475.300733884146,5992.28358457397,140.48494860215052,6.18494024857273,88.45125208887842
0.4094589421652091,0.7281216565799882,0.7495326457109981,0.12502583479965065,4029.68478864768,5969.308764581219,145.1143053606568,6309.2201176488925,41.642654557188905
0.7724273748886228,0.6208841834070958,0.19787147855808374,0.13725512209110638,6621.508441419934,7318.708967491852,156.06715352467592,6525.74877827765,-24.900030461597595
0.4635654131298484,0.1671510211429875,0.3647640415533988,0.33602503381744386,4411.905785413297,7417.077694502948,146.33439883113175,-5552.977581220232,-105.35467898985544
0.7845673676875005,0.7747771743411691,0.3282403230971267,0.7396768105470594,6804.582955042272,8171.647071191372,147.95790031651885,5771.240482434961,141.08789843924313
0.41286903368631606,0.12005889173340753,0.304132129233692,0.7794549440431122,4106.0466268913215,8165.089902755413,132.66999379355997,-6682.70221406392,-152.02246657205927
0.730710352954496,0.09196624846764576,0.05433550716694472,0.38875100645104266,6328.472079139919,9451.70979711482,115.75437733722104,5714.415948896061,-6.522977951340671
0.3264574201033101,0.5043863785237178,0.6395384769687811,0.3329887623256228,3448.7032629201112,9884.214319873548,125.146233880104,-7267.995904974501,95.76198969940036
0.4532223630713192,0.4792630318260208,0.049909512240519545,0.8755156068645131,4419.473260478475,10490.092597816829,131.56387093503395,2279.0857196451707,-5.833521432021826
0.14041786114360938,0.4762334488388499,0.3030449403390873,0.07426075205742896,2063.684680372643,10637.92864131768,138.72453739895053,-5623.859851884099,-0.7034547386702457
0.10550238691172342,0.8297053315611158,0.7218529153332358,0.7642502046721196,1937.9446122152567,10722.37224331783,145.2475273999159,-627.7394747585076,82.07448745936625
0.0594202096251121,0.09995781672778697,0.03585228641057575,0.8050865602828459,1559.4892567100903,10093.043457317302,130.66186225469522,-828.5037623578428,-169.44389690467142
0.7844970409663974,0.15007915506184297,0.02994224550808119,0.7303871252336832,6765.524790968058,10114.743308202484,119.72999375722534,13036.035147134711,11.63793601591044
0.08765422550695456,0.06654256079081572,0.030088500683165164,0.15716893649423716,1669.377569313497,9438.898867691512,117.3939132311348,-12528.42049518176,-19.396799276062204
0.03426798053869917,0.21540980933019696,0.37364098281555663,0.09216518323516507,1292.666860710534,8089.948141510933,104.40566946158874,-959.822374261118,34.566266004688224
0.5064759142406234,0.5493519578403717,0.5974357079839645,0.13175449268917325,4715.836559230462,8258.242387330687,114.37364996946788,8489.747505939431,77.53977620219256
0.12794929314846243,0.6020238997403738,0.5452064240875534,0.7578426700128451,2083.0204426748114,7174.548353634948,126.21694567393278,-6805.466846258874,12.23017401451682
0.4604571629502748,0.8650675945264067,0.5986443579661853,0.4717502945031947,4447.572888030434,7415.464251365216,134.59179170458623,5978.103409285573,61.07749296128577
0.4834215241156297,0.8324956596898904,0.02410552194660363,0.5157422300784371,4601.565093509303,7469.758818198827,142.79368506667626,412.8724106785794,-7.563048117656024
0.35878310150752174,0.7347712909897567,0.23366242488236458,0.744392610153022,3738.7393752736457,7862.354033664566,148.79681061091054,-2240.8533655627925,-22.69113291722752
0.09300221681574189,0.7060981175538468,0.34755204531412914,0.09240072793652063,1737.156541985799,7839.880186801342,145.92670998004988,-4778.4300980481785,-6.657774291583252
0.6932000506048643,0.17945101310241804,0.33936931297544154,0.34635580474314476,6064.659457074369,8979.342368660615,147.77250413451196,10790.856524867166,-122.28494905144414
0.06761589921289868,0.12441358786454029,0.31677869208209225,0.3596885724121157,1564.452857831238,7690.473747258208,147.17656188958728,-11247.272885482089,-12.77942797795685
0.7559515509549204,0.14143439251842574,0.8036402869262818,0.8366800732011532,6596.188138068786,8891.994337450007,148.91551454873454,12375.471620760292,3.95214976465693
0.10601610631442815,0.5855740542077122,0.2669846093263246,0.36246627243529084,1861.04315624649,9020.98909344342,157.51055199276703,-11685.080716245004,103.12711385354072
0.7380825920410858,0.9166381431614928,0.3523518314080771,0.4623430694537316,6438.39661200066,9437.390867932998,166.0387622648193,11363.817690901124,76.87150448239021
0.48041382980606856,0.20343686608496334,0.22148560574586545,0.684536387916869,4579.992056696117,10071.08096660675,156.7837612041207,-4632.583604417156,-165.6019393129917
0.43947204513800303,0.12400572264147883,0.31616853429718444,0.6685516289405847,4282.225637907586,10033.352174078447,139.57665753233476,-736.0855027349626,-18.443533149588
0.36515871925280435,0.5015876785600951,0.34669492973636845,0.4312881718433732,3732.6885144001217,9820.729454091845,131.89313183340911,-1336.066863904447,87.67273161094727
0.34207025099397453,0.09579126775263361,0.03399086309639769,0.4926290435056019,3547.831460912105,9790.681699524872,117.05632006211252,-415.10371136647336,-94.22399364093704
0.6242809265078353,0.43533398832606973,0.8959460962651149,0.10654077309275259,5562.418415610311,10745.858810846834,110.76930595575644,5073.818560841171,78.84020235782145
0.730961085050768,0.3400756714524349,0.16551023508835036,0.40277631762856647,6346.844341509721,10813.748743465198,114.49893401156756,1917.9847378311752,-22.118527429771675
0.07422903960476429,0.4386611941465274,0.025995443970225605,0.5001490243605456,1638.40581651028,10825.638398030746,121.79561374243944,-11807.275666010248,22.89108877265066
0.42934163604211856,0.32857067034041487,0.035331653045106076,0.1978849100717646,4144.693543603916,10238.431891607164,126.14082897398912,6384.510010869008,-25.562495228565083
0.4907340322186465,0.7472714074695685,0.2194599845673369,0.3676633663109349,4634.686116050323,10930.10981966105,129.89536449469148,1103.7636285296485,97.22031674506772
0.12725629340499522,0.45237907013583734,0.02884157982684505,0.35613351105078883,2000.142377144207,9831.915427890955,119.11548996167792,-6534.90550733863,-68.47259605476935
0.43774263978809475,0.10910358925888516,0.03668725927131235,0.3332847712235457,4214.065465051433,9755.19760864753,116.92511620797649,5582.182120849495,-79.70693151987044
0.4704196106590491,0.11396893529571658,0.24236851824584146,0.21246794262194588,4437.912231242151,9810.837719379564,116.69206678667656,587.4937970196352,1.1297101744275224
0.804309064934779,0.48090454370966973,0.2812415909987228,0.08615628519642357,6839.374505536761,10600.378785061746,116.21181424754168,6002.942685597038,85.20070043259722
0.09568008040942069,0.1580689334811418,0.02858884100686966,0.14410368972046364,1729.460766773616,10157.398016015915,117.657871980753,-12740.322058646592,-74.96089091747463
0.4128255684111379,0.8357127398597735,0.5834748198429853,0.10716968213049502,4051.790209004161,9777.22596237309,126.95447587712844,5701.905714871198,157.34566398946214
0.3726219897630561,0.12491592344883226,0.5951222517860155,0.08700756307165172,3727.131829083191,9132.974092937156,121.95856901650907,-722.8134200998938,-165.0436349997193
0.44622459755113025,0.1389871344291775,0.03538963279736462,0.38130986240881526,4283.193938467002,9801.778688306204,115.00028009498416,1323.2889820395976,3.2672681635949985
0.7734370241125581,0.5122557678817347,0.04860679923824867,0.773407152314418,6709.392280732962,10420.42203463344,119.26536056433316,5882.897520450853,86.671198680174
0.7451396899999316,0.18941874354439367,0.3300734413169926,0.47429346323366317,6456.448538082706,10877.813714123711,106.31228743249484,-508.7530398399704,-74.96121926680513
0.13080207966473734,0.5141547566146593,0.23327238819745835,0.24119950598352038,2017.929920914892,10884.188623968885,107.74668944663853,-11045.073203789656,75.40215540505056
0.09413673261973296,0.1700624851474621,0.7016049743288564,0.15338247496908183,1738.7987148152215,10266.425307173353,109.16212597234232,-659.2001455575319,-79.89658640426944
0.4798300217385371,0.7284722017736485,0.04999862536189078,0.6967658162085543,4597.169967816991,10283.344127949113,123.4305991108157,6934.315172732559,129.66007630212331
0.4013454019299531,0.46966552426774266,0.036334798066695116,0.37125380120822127,3974.406878268208,9558.862494157049,123.16963443290756,-1411.061860081185,-60.09367773121792
0.04399493642395824,0.07575266564080915,0.34357693636429587,0.6863694654662268,1439.169154735203,9465.938637752366,121.25828990373842,-6424.744284772808,-91.46468943008466
0.3366303628485112,0.5534621388064638,0.7050277759972847,0.44307430592468655,3541.485796729875,9328.948551347296,114.70456539299694,5261.243414867357,110.92186417373898
0.39107195387199306,0.1607435313871657,0.32933120334661925,0.7186945729638696,3943.301189263555,9362.1194334099,115.53646538339711,978.796264576813,-91.18738998830298
0.8431019204906165,0.09981275494384012,0.3143828606048613,0.40719388648080557,7146.882603341374,10075.658538137504,114.62685495185846,8126.971208689592,-14.147836055793178
0.4810270098129346,0.6677275713113481,0.020115548786440035,0.43060209707534447,4564.566465429773,9549.939461342196,118.23683617090072,-6509.684294778221,131.86711518598298
0.3852535105002454,0.1186233096860135,0.3555111710239521,0.0852191200206566,3810.8156407349975,8902.906115062553,116.5929999190211,-1721.8957346833777,-127.49939397602384
0.1065118831559472,0.7286044565869504,0.044884028539558474,0.3520786470830961,1863.656262377814,8859.235176793341,121.57241980257382,-5011.449123685299,141.63471675937393
0.548055330768682,0.5071664183076032,0.6608782006877822,0.11914599485780572,5012.868255555508,9675.327836720386,129.399812556298,7938.435836405,-51.41685770255495
0.45831675316517667,0.9071775731484474,0.2554982688423886,0.6902801386118903,4455.510420925567,9636.64949076727,133.54926615607604,-1613.3948860690343,92.88068476266218
0.37546977308264723,0.49215735898482216,0.3055551896684866,0.3442192251074456,3792.978840016368,9590.128130198664,134.0715158445684,-1489.492006236071,-96.365716844075
0.5023990315728921,0.49334684984023014,0.2700835990242888,0.3615088820303649,4707.311538653424,10414.285190202592,143.7678538871362,2282.039920952535,0.2761941106696781
0.4397593904940547,0.8610887006833862,0.22594583069649865,0.3026330275049235,4264.386474247924,10599.699145105857,150.91079612075475,-1126.1876361393188,85.3879060842468
0.4248826560214572,0.10699105030371828,0.25993953165715594,0.4471615904339934,4143.717032663444,10660.486841322048,149.66268911416162,-267.46632229390525,-175.09788239041984
0.33195247808886796,0.0668884978849287,0.026520625078738945,0.7079937317379494,3503.917273202244,9741.499803181376,148.89820354821524,-1670.7761348790136,-9.31162164932558
0.8871692304100642,0.7857350378979501,0.7404740309830529,0.3916222649074619,7505.206987114234,10471.696112536,151.63828071132124,9982.149180174729,166.91274247650668
0.37672723445750805,0.08013597396021191,0.3071680673131662,0.15323892534275094,3755.977684123304,10456.366863363648,150.74462310861637,-9177.151319953138,-163.83674163413303
0.45548885452738114,0.16813315695723194,0.27502928143726085,0.1363660556849852,4323.212762797628,11083.786726707393,137.73074650306523,1416.042001475651,20.43252673091196
0.4192796857156283,0.17633325200566355,0.044204600623800355,0.5111726332883747,4109.725020022262,10852.263147074988,130.0489579688055,-650.9985933564712,1.9040230103589977
0.7126039801916586,0.8303083700686916,0.18734431592921358,0.32563722495072533,6227.309647951898,11309.441901890885,128.26409168875176,5273.628458413963,151.84990730472174
0.3296093647166213,0.1506383880815134,0.7683584879107741,0.7479937544617699,3517.070940685311,11226.99024029034,120.33418386166632,-6885.796170400472,-157.81613231439192
0.17153424565241654,0.45305023441718184,0.3168012865761926,0.42051289042351325,2335.6319966662218,10632.133972406316,119.39851564621377,-2842.0061418822834,70.21859022699891
0.39867714480705013,0.19452004302922346,0.168929593060066,0.10212695280631048,3908.1147739490257,10558.272889614807,103.92110892517364,4083.7642147858814,-60.02947897162947
0.07311919018740867,0.5720932613477285,0.2487310252499481,0.07596110395961705,1582.897009186779,9925.84323445566,114.7205607213576,-5853.152045970337,87.67070278182165
0.8790304395217763,0.47759769813902053,0.8879926314288307,0.05648408534172242,7389.136234439145,10909.42555638278,124.25703271627069,14489.343635983676,-21.941419662035003
0.5127905244959807,0.12186864717702653,0.251681539073372,0.08908805115023963,4725.834119810871,10236.336339119172,108.84237134623716,-6584.566211732512,-82.59859117295863
0.728017160834892,0.3730145122444696,0.029012400917157535,0.8176997316700901,6381.99836320914,10867.914625604852,115.64287149702744,3869.523717539687,58.31487357410423
0.37930895566288486,0.4989360055661374,0.22362268374319783,0.398875024239704,3826.3565831292567,10730.952058856486,123.32395606889624,-6269.366530864787,29.238370941697767
0.07003888769327032,0.8074550364825783,0.7162235415361191,0.48072846475961273,1641.7029675043211,10103.057865987164,137.97830327933153,-5560.314854566057,71.63664939602339
0.08927284204027885,0.570410808978551,0.23950882768145898,0.37667273592981276,1741.1762078797058,8982.381232282925,131.94360570900935,345.80405006482715,-55.04054050285262
0.37921674025838586,0.14291781596347122,0.783200363990626,0.34983587087715073,3817.679234587005,9071.569503534578,131.76433770200376,5212.852879158433,-99.26183668122624
0.4269430504417841,0.7906605021509299,0.31133402902734847,0.4380741474795451,4190.418907870073,9530.764724262115,139.6034873033424,858.0633528765829,150.40276631044162
0.1688283830263564,0.13319974635378354,0.04512271111343916,0.27457484157177015,2273.225150125436,9117.523477599225,138.17965922351536,-4640.600459118426,-152.65925578328677
0.8748124284870968,0.7269304794192233,0.6217129286648178,0.5219735814984211,7428.73256822893,10558.874349666445,141.77490567281706,12692.76914133077,137.86144807310905
0.08772629499210544,0.44323483439012545,0.30247383637634,0.010423083843054765,1674.193340493082,9136.20185562467,140.97701634478736,-14150.89002510629,-65.87277743534872
0.537666319337553,0.6504775061206971,0.043444179930983005,0.3818541293320903,4964.852301505344,9180.925631347547,153.25106225479016,8089.396485914072,48.12076120736634
0.39277474855106714,0.8469771545860758,0.02378931834657628,0.6816726366747589,3973.758911388904,8578.198902201084,164.25624904517468,-2604.981331153782,45.62628237792134
0.057208283393158005,0.16906668245215437,0.0382177682007062,0.1376384572689124,1452.6534786179477,7999.09948774917,156.59684049062747,-6033.093383919274,-157.40758250761922
0.3894427940195761,0.828859597141852,0.3705966300460092,0.6305902512655271,3951.3153398746767,8573.350431790437,157.09384419340375,5973.188730365769,153.2007719692583
0.09641728870885621,0.10414526221711087,0.03722027151290259,0.381817485018661,1766.0472203636523,8586.195313029591,146.26738029599807,-5268.256577956322,-168.27521650467278
0.4856829936478932,0.8298358777091364,0.27144315630214183,0.8493706543297224,4671.617883655131,8777.609210312996,162.21729048691844,6998.543039600939,168.50190420203447
0.5464296862984908,0.19704131719760917,0.7448596091783855,0.16828993425538466,4996.028897652611,8992.432235585988,148.4337357736367,1092.1546327724864,-146.93188273157926
0.4544379906318275,0.7954284637955765,0.22179496231687543,0.12073569814702331,4341.1114916769375,9505.924974861202,163.81037115020916,-1653.9033190962473,138.94264511525495
0.4005472719226408,0.14029458000957326,0.35932666294347954,0.35111959796534764,3959.4419530587006,8653.251577671166,150.1889650008712,-968.8922233216964,-152.11896718599496
0.8471180199612052,0.19139383451296624,0.2921978554057457,0.46783265069937097,7187.963828764844,10018.549266031709,144.3413369442959,8028.820830399485,11.865003492277792
0.3856476349075931,0.16903748021145756,0.03299634384896967,0.12810537558019772,3813.145034409736,9745.237414433272,133.16252886920716,-8296.698913675722,-5.191038977768002
0.07673384498649011,0.18747817786510865,0.25302738140711967,0.11573597893308754,1596.7631134045478,9177.032756841498,117.84927677190248,-5553.909391087163,4.28184215576141
0.3723357797599089,0.5734114047278348,0.27300630312913315,0.3981684178061947,3780.930227426066,9743.59521490078,127.23796861977762,5314.577772591278,89.61185694417972
0.08419145563521307,0.4286516162859362,0.5097257734025663,0.3797463049591332,1705.939936709356,9194.788936188575,117.94532993719648,-5180.49863734907,-33.61253333530482
0.4947538781229243,0.8617277924660317,0.05012154084433382,0.38117588929874435,4666.144841396531,9910.951631717788,135.5360354268338,7381.433164457849,100.55822521751182
0.7180072717227006,0.825395913806879,0.7924592167949658,0.3981020308476363,6292.863937601704,10328.643567745235,135.43294157993165,4013.8354445832792,-8.436089163360236
0.08613465321308253,0.8103769696931646,0.02133872712228299,0.372036469197057,1723.077330378418,9501.086822034162,149.67430327790913,-11360.332184612736,-3.487327282782843
0.6468342429293819,0.8038975324631543,0.252633972225624,0.41494595561479364,5767.504419711044,9846.992827951954,149.87095101826017,10080.724197192403,-1.5044944610094433
0.426720359457794,0.8155259793477253,0.28131896539283907,0.06793647396433364,4136.902919805622,9894.048984523131,165.54950247483927,-3957.390716787826,2.700069976285846
0.10374138509225578,0.578761936038394,0.6625194204200027,0.7546161205123466,1910.629809277297,8557.54455894605,174.54400527544482,-5806.784991083114,-54.97548306745836
0.7311844841807076,0.07273673621683738,0.25745592619659774,0.7109697170608038,6382.071245781462,9178.779484274166,172.30794787126243,11280.694595376266,-117.49664102564692
0.815505426778883,0.1589797476867789,0.2594301283240762,0.8562820150968447,7013.036913323006,10507.00456190279,171.64622789730885,1515.9921319178902,20.02521645804959
0.3561968064283412,0.4545569613162096,0.29076247618681306,0.4239517165342961,3663.475762269499,10477.988571528387,168.88648433577015,-8257.832907438937,68.63162106832826
0.4944374516617373,0.5679222618310754,0.6187807486876102,0.3865518067097006,4666.674866288411,11215.562990128978,172.12028238590636,2485.4054524008097,26.32288278144432
0.10573771092075845,0.07135721159652378,0.03061442153465008,0.3978779042928391,1833.6371844063235,10516.157325894745,153.76825397894072,-6988.367663890399,-115.30003935350643
0.46825404412557575,0.38590795676286227,0.25380443204551084,0.7962781615699307,4517.681278585648,10067.130172862737,143.5635529596821,6517.620556605579,73.03718471370993
0.1294049586423051,0.562435774206774,0.051242887333181476,0.6900734319781909,2068.455714574363,10144.925131689257,137.80647650344886,-6092.111066027461,40.98891834747053
0.4366208711094082,0.8842584808622859,0.25796450255980685,0.5088359497007856,4272.87854288657,9766.98602441236,139.67241944657957,5523.383536158208,74.72569953263007
0.07708468579443453,0.12024598154407565,0.3767042106358046,0.8813139285088938,1707.6298400220612,9138.381891228804,123.52834908347197,-6464.0409758543965,-177.40006308609713
0.3291285326443278,0.14977107239804113,0.04180667920832733,0.1441781873686023,3408.302933831016,9543.60167625022,113.567385572918,4531.454190966596,6.855585458078629
0.09799265073380822,0.17159748914086467,0.022082611953875276,0.4797244159268299,1793.909745292293,8405.19666330515,115.86288516502051,-4155.553384288571,5.067990000917064
0.4299181838092661,0.8703169209346965,0.03379386275850681,0.13336440575802513,4164.849165349467,7711.955804630855,132.3797954933564,5967.633674625618,162.23932382038356
0.38581232671409255,0.08435454066281178,0.3195843984437013,0.33610523962095296,3847.661584780148,7765.201053500767,123.78387162599232,-792.9718319968688,-182.49672088867104
0.41545143393469236,0.07863448894818681,0.27815126296487735,0.7656052174965714,4120.022705905254,7623.193412556395,112.4228426043286,532.8765542579731,-1.3281687615526463
0.772013484683379,0.14116823469765752,0.022456392144846828,0.1378623580937585,6591.499892687205,8821.079488765288,114.0438213073338,6410.569507642258,14.520037893183256
0.328109675529385,0.8434153183188003,0.2950427921644748,0.4524574379414079,3483.68582915729,8569.116271113802,124.66692431609408,-7980.872381998222,163.05842777126037
0.7824419642060378,0.4494079703366042,0.31490705490224363,0.0,6669.422729659061,9743.20058727663,122.0424725492782,8168.364272115677,-91.48662940829124
0.3697850213720116,0.16167122872264225,0.20405109016645082,0.7784617636639759,3795.2372669478295,9623.03753025913,105.2643407478778,-7419.090195645072,-66.81110081321445
0.8594776862679758,0.1046345739561467,0.853210391072929,0.35878478030782746,7272.908722757295,11029.688827360716,104.90185129993908,8804.10256533647,-13.243639551480676
0.46143418455750346,0.5641393648336562,0.037537685838114426,0.0998969586094616,4372.658660616619,11267.55894731948,114.52328567235504,-7156.357580461612,106.69482366162532
0.4601659572373599,0.5677747297520163,0.05024419955634016,0.43341065196449746,4411.129532166043,11918.704281007853,123.72233248643366,-22.80124699249245,0.8441144175436364
0.4669660059222505,0.31548796075581687,0.21471593237580452,0.8322132627813945,4509.141370085568,11985.31194109489,110.83946831528974,122.25693861225592,-58.57978603184175
0.4604114210111429,0.13206447484483327,0.04794749847206302,0.33521336333071594,4378.737940207274,12119.432405736108,111.94727026110569,-117.84378645503784,-42.5900597190724
0.42487481340013783,0.2054890685023608,0.288230987955322,0.0626886237995235,4094.7511247153966,12136.374542156202,114.892773173133,-638.9067279532865,17.048840900561387
0.4311249126044617,0.12790237846580046,0.047107747085694034,0.047957270307326355,4127.363422965342,11523.49667669512,114.58474631041511,112.36948883048171,-18.015259854269253
0.4795392835418805,0.533515733090439,0.26848254987998726,0.12528166402125004,4511.395151023425,11795.749437649574,107.38902555729572,870.4338821571619,94.18148886724543
0.40169971888527384,0.9321416218381352,0.2688790987309375,0.6693581541899601,4046.92274694698,11111.219319259366,118.5978710024389,-1399.464521330945,92.5590325743344
0.1051780094906721,0.7927670068867485,0.24461098039178325,0.3850086548431495,1867.202066418402,10635.486795758028,133.2516143586784,-5331.114246756371,-32.362121702250505
0.6902240808263969,0.1880677591766555,0.5954307391276781,0.37254040443277747,6054.418962106573,10331.188567771049,135.18889317738893,10518.445520480022,-140.4082849267714
0.38727657876093186,0.7966778185622958,0.2855249456001741,0.15101229239294386,3864.207703371653,10197.861847924934,140.58832530686544,-5446.642499052916,141.3163567692858
0.8531653803974673,0.5903024472828778,0.3234155335287827,0.4799426456259399,7252.549139464043,10904.428941462009,141.1114081772016,8376.136886839367,-47.91937817386025
0.39910870431823836,0.578130426873523,0.27613002855470514,0.09462099206464439,3930.931424408992,10782.429433208064,147.2098411347707,-8163.409079297882,-2.8262851595121106
0.08628564281468157,0.5096393621290317,0.7621564474455012,0.48346123942265573,1746.3648898354315,10109.794950460044,155.97695016554127,-5624.193531395842,-15.903298987057696
0.035601347598987476,0.4377054231731251,0.031365450827676916,0.2720237484158523,1328.51980226537,9409.926693375686,161.36890330832088,-911.2444713166478,-16.702717979348563
0.09373095707855353,0.16843480258307506,0.22796764870332306,0.11117647112097859,1716.779056912148,8803.33174059939,162.3100468893295,1045.1025319110768,-62.523355471978775
0.7647285574162541,0.042933092993279326,0.6479753339332068,0.15258378103669248,6553.885755580472,9316.068768885743,150.91895166774037,12063.753692783674,-29.14089915873205
0.34248260122150487,0.4444467094274098,0.34877247261763755,0.5667876899850179,3586.140540606516,9209.603302909,139.59490810750577,-7591.489463961911,93.2295491878794
0.0867205657981509,0.33778664936435,0.036727005707542504,0.15319135715598545,1674.8812233656129,9176.4189734281,129.03048092870495,-4598.302881797946,-24.76595788791269
0.11025831823158364,0.4198211401476101,0.02623985434771625,0.42267441740077705,1885.7086741009207,8133.708223543146,134.41168404270533,423.1813164394971,19.048018001240703
0.7933474913364618,0.1470567906767604,0.19401619723707927,0.20253177694780114,6759.058792364986,8863.776329397719,119.3277932121509,12281.146058342336,-63.334582676262286
0.4338973252113721,0.18956721406614233,0.6363843184379834,0.35498001820436775,4209.75780018081,8109.9813014465135,110.02291198090003,-6462.494451218403,9.870717819175482
0.6802385422571553,0.8545755388208848,0.29177470466833777,0.3192529942355945,5997.659934897086,8615.419937721877,116.4418357999565,4428.927562967794,154.41176534356106
0.7361550999854505,0.2358795688282592,0.04010503160950783,0.6419651464293713,6409.657200572739,9783.809371577609,110.08526380076376,1005.3144444078172,-143.65825716954967
0.4092838286199128,0.07644725265318039,0.04379593112014448,0.4695109790182861,4027.309492569996,10455.646857743868,101.697021161043,-5876.76394821131,-37.01942438462856
0.49470023938676727,0.08354453283933966,0.03808731183710365,0.08940474658093459,4588.108530787397,11176.542827819478,99.72590953376292,1535.6873710045547,1.647954652427707
0.36798287444338523,0.18536436341018184,0.5077831231313588,0.09898588846854814,3695.857326889565,10463.24039638737,103.0330957879066,-2278.230322293526,23.642079655505704
0.435715723182392,0.7186356406588289,0.406022458724504,0.455675892089469,4255.260129962746,10630.862667879746,109.39963216543572,1217.7575652829655,123.82305042173375
0.3940001561919965,0.12247597892308273,0.04951480072634817,0.36416307978415186,3904.823041348255,11183.31550697562,104.40022095770335,-749.9972057629911,-138.42543374052747
0.4412528400958285,0.5527607323909143,0.2966213507439651,0.5121354824113863,4292.327407391335,11778.405024944288,107.48701496587049,849.5481051674396,99.91007016023524
0.08595241236712903,0.08349707909126561,0.032566675721105,0.7396428910644939,1740.20470825147,10506.591237252893,106.01118873854266,-6387.8869982583,-108.96078503121146
0.8804727257964204,0.5831128279224086,0.6799069373723392,0.2792551896303963,7430.108625883049,11309.481685028391,115.1491304329076,14284.547903450555,116.00839703610316
0.08046336247431063,0.5730471954951842,0.6955033421013832,0.09456758899815806,1650.7109845294426,10231.155915114496,108.61217640256493,-14383.234613926175,-2.337191903515361
0.09720857690243581,0.060350095881829074,0.05216461232224176,0.34322259007953115,1764.6690841263328,9082.404641867815,104.5364656515034,301.05941107998297,-119.0458243767379
0.426668017480147,0.5196040419970365,0.035182610079756,0.5058407714353212,4177.798142985729,9113.65938442623,114.82635520917265,5923.296209839656,106.63657870267906
0.4181110427081119,0.4227270506525449,0.00969212361578087,0.0476242544997415,4046.385719048794,8975.960947979594,122.70201170843924,-153.84441904597224,-22.49437593159868
0.6833679121769447,0.08120457997300068,0.28959581761320713,0.1181541637769469,5955.807192043015,9542.986435357208,120.28347115193272,4769.008915948985,-79.29989090222575
0.4202838178930533,0.1766846206843571,0.038808280188254274,0.29662512827710974,4086.532570734184,9515.241670796611,107.69962661812716,-4729.944954099146,22.17001064874337
0.8129000637909138,0.5447473740006078,0.04375652378006907,0.10588118426109502,6900.352837361202,10268.37481235477,117.5045672693673,7058.781855424555,85.46241810992998
0.3796351689789152,0.45019244055284346,0.8191136599705808,0.1232680551124258,3803.9712118645375,10157.593431452176,115.12298038970964,-7789.59711944011,-21.95520514874292
0.7005727619437099,0.455154197989152,0.5192555571738182,0.40147437873912695,6143.22692215362,11262.60908398697,123.75268165738768,5770.083336115635,1.1520964421453073
0.5022114568649303,0.436505096318783,0.3709744436169551,0.47419432113405935,4722.011135749682,10582.539471575135,120.34851996388107,-3566.304746015743,-4.3302325757429685
0.4291554016737725,0.8452600495728179,0.5483149214594412,0.3143831956456208,4197.945954363084,11209.447060129804,126.66917277117317,-1313.4626042611471,94.9109531044712
0.49517347418770014,0.18914039384802614,0.036697426648160225,0.17187239736211332,4608.016673667044,11924.941496593834,129.6596221426781,1186.9278901735688,-152.3478587346092
0.669774546673378,0.5758108026263513,0.37041694839539924,0.11846095089128719,5883.292478058695,12362.018661671424,130.96471635126812,3139.123495975251,89.78302707352957
0.47407246999547165,0.18214899084364936,0.7017859550735199,0.11129869683402063,4465.74575808593,12462.630776342408,125.37860839815023,-3518.494923111988,-91.406397548677
0.4246646556736083,0.060827052154262096,0.034759249755727736,0.06714598520166754,4080.156911708238,11997.512515948243,124.90545190871993,-888.2948347024958,-28.17037626535061
0.118758286554212,0.4024761571516715,0.7432768875765026,0.5892497822140861,1989.326422501597,11455.404803442749,130.14822383317838,-5499.839475212525,79.32929478763104
0.4736994433848432,0.5264877399810042,0.301829768679891,0.36024157591591544,4503.15363003074,10845.56167807854,129.72424382893797,6381.427726837509,28.794898822941303
0.5110540811598363,0.13959195653689369,0.2913860125144144,0.438653795159742,4764.60255851434,11081.837543495392,122.51224853983308,671.5927883704371,-89.83535799738749
0.09740562000788866,0.1829073771368858,0.02965314765225277,0.7833924493265272,1833.2817461431152,9997.41342152656,116.19080704021356,-7436.916537741178,10.057634336999229
0.06474037674479854,0.16829998352282863,0.032689239831851916,0.7194224064608908,1588.7452911145836,9210.89147932748,109.9632120764564,-587.2829483182272,-3.391767217119707
0.5574573318687202,0.9046849613236966,0.034775940984063,0.1684632811662017,5088.628128074766,9441.563374935096,111.34303022117253,8858.475773805783,170.98508418920386
0.3932461244682866,0.11311070018043787,0.314012192892864,0.3000207219287796,3897.210694500028,9258.309896688022,109.57765694978193,-2952.325848373292,-183.799772895676
0.05202612342301602,0.5264084826261365,0.041612116968545616,0.16705401315883614,1436.2257712526498,8147.670332783887,108.4305586114094,-6134.737360595369,95.96577640370998
0.03732393534596795,0.42939517583355735,0.2946018862021958,0.7355584063291685,1413.2083909648372,7362.447443008408,114.17149725497184,-264.3281818254268,-22.52602772932701
0.042883118841909845,0.6347536362459651,0.03273701969260052,0.0723527994360493,1361.894030473353,6676.048799783447,127.49779915651322,99.94763080267148,47.68325631443841
0.10048383607885766,0.8227339792357083,0.6379138623793359,0.3275105027278121,1837.57247856903,6643.193470748784,137.255985601979,1035.5936666904572,43.6481402268752
0.07714242350054784,0.09609605429451837,0.27844115290591154,0.7012037812815148,1678.7915612240026,5930.230233529936,127.26249567077384,-419.6513550043337,-168.72186494376817
0.6696446415175019,0.6500853993887707,0.27175592998961623,0.10700621821732939,5881.468451954753,6215.357551003582,139.11591024812398,10652.498335295371,128.63368708816563
0.09568905648353948,0.17061719274204148,0.30321117233750894,0.07189877484009258,1727.494690383486,6212.27137013716,138.83053802071532,-10319.051521141844,-111.33023371058908
0.364615676001702,0.5117256194004822,0.558432446294556,0.12266600588583368,3691.5376699187054,6751.412157967758,146.80471770029462,4834.986738651949,79.20375185276032
0.0678404155993376,0.8503382381455249,0.056969403914522966,0.35395823434829077,1591.801076363012,5871.138088623631,145.54281267532005,-5335.672797941454,78.62423714366497
0.04493804775997742,0.42587852191842457,0.0471773928574632,0.07623940168411111,1367.9191620776585,5244.920819813503,152.80513251395277,-411.7578430332992,-98.5575242596031
0.06774895394406052,0.18708485823652274,0.29540124216024877,0.8516805711953854,1637.1697349255112,5273.188633985089,144.92619958719587,410.1134692217661,-55.446751250185926
0.46606443212634835,0.8470894091840085,0.057829182882434,0.6910212225821607,4503.088022476718,6044.014006337708,154.62486072339374,7161.247399984906,153.24991290022012
0.0617118388505867,0.18870357583063932,0.8538326389290136,0.4127677682092631,1547.2895792555112,6077.865847301185,144.26779078960996,-7269.787683088753,-152.87405438537758
0.3964217593582922,0.8064267582229807,0.2288249596721331,0.077226731164068,3918.449738178748,6609.927692678908,143.8891448853874,6017.69371083292,143.43238052248722
0.4422098189476957,0.14149597527221022,0.025608177854724145,0.6893277593259716,4297.641611613724,7266.276260501499,144.94330942493792,823.2158694443388,-154.39376050603718
0.4218624652826009,0.7611956276795584,0.0190379393665352,0.6284633010673462,4171.319537476026,6820.79282776562,147.5232360002081,-365.8216702893187,143.89130744536203
0.42772786246748645,0.4756330661234063,0.6829851259229469,0.15697708751290693,4152.014353225096,7417.759846696889,154.60555929052097,105.45299552963296,-66.30626656016207
0.12886464395326797,0.46826853613441377,0.3468219559201784,0.3614095333973697,2021.9654052557348,6993.907006981739,153.5965065171936,-5373.211847812243,-1.7100087836423938
0.7817968231782286,0.11600175843807656,0.22292072889209047,0.06705317545359185,6656.225795821874,8277.517297701355,136.545563248232,11738.958506406218,-81.79466781267735
0.10796493715699612,0.5133813365211336,0.2333659463192848,0.11977130491310636,1836.524209082349,8390.83228859332,138.57733692269204,-12114.710841309845,92.2696451746136
0.8681892877987405,0.8287345283189925,0.340667594411436,0.771105491771294,7413.237222759084,9829.93058470236,153.4761366220925,13667.946521392536,73.22350899921835
0.5262517365909063,0.18593971780513438,0.031706093699803914,0.10241383489271863,4821.427323020165,9938.140333310635,138.12455571672362,-6147.638075022705,-149.25389314747346
0.7502331852559918,0.8383193338208347,0.8017450193074005,0.3989487488477298,6525.593540722938,11176.021352717897,153.20832418281847,4026.925024901084,151.47943932925992
0.7240110444607004,0.1398362818405047,0.4113084019246332,0.36558046998405747,6289.09643096235,11764.98865243426,137.7304108412999,-471.44348607607935,-162.18443755364723
0.06099467116479945,0.3728671966296552,0.18309080523223353,0.5301237207839614,1548.740322945445,11079.608310612402,143.10274039111042,-11920.260545937848,54.10866840725373
0.7624718518030937,0.8049389234837964,0.276774138935949,0.8559095073141565,6662.067924914803,11691.984233024848,144.1184388832412,12611.740972053714,100.32499686856455
0.43716698497774414,0.171374997469231,0.20397057244565248,0.647969325760998,4261.847672278034,11708.954673602051,137.0537114577251,-5848.601822822817,-147.11052573663096
0.841560079751609,0.45644441952341597,0.2863034376146691,0.4718837320813457,7160.7115380258,12990.297884235772,136.7791611022531,7270.515852752937,66.19176191679918
0.8931730170650125,0.19155492452541803,0.26985452208256083,0.10826444328251203,7467.811573138408,13190.53928146486,138.5334696302169,927.9403723599208,-61.50607897831968
0.03912743688552453,0.7957717586385846,0.2684262674351256,0.33879405975254107,1386.4711511176408,13066.777490411656,145.0904407194661,-15354.74272413279,140.29627078746773
0.8096082884565721,0.1916037045821434,0.039848339201299494,0.3287373874804974,6891.626234285074,12961.455690931987,130.29656647972826,13852.346437127926,-140.2849442906524
0.09463912811366904,0.08640893477167327,0.019594324027966868,0.7987139262471072,1810.7900457828705,12185.466596969696,127.98550910764322,-12854.311019849,-24.425724470945283
0.4631614178503339,0.2002192981108701,0.4052922196876764,0.07787167882684018,4375.218763696855,11669.345065031132,113.16913022755878,6625.600645138397,26.42622424926593
0.07961018623933477,0.7937041017769746,0.7600907709837164,0.3208670026295538,1688.5443597327965,10510.787533813656,128.3516295466421,-6895.8034788652,137.80434443803014
0.05138823191802838,0.130111376843097,0.2125386404940659,0.4192316002591725,1453.5432438061753,10493.516277272738,122.71495504418527,-507.3977991722823,-154.08306980814746
0.03624417935002264,0.46864894949822034,0.04395709328786798,0.08757837264781723,1308.8946562043554,9187.8436845618,114.9064620347776,-272.27238964646494,78.60681179905616
0.3711187930983995,0.1800224575479029,0.2534620001687279,0.508682187661425,3768.96818973637,9069.096744440834,115.10725193872028,6020.654703076894,-67.01769660312783
0.07385871518367737,0.64470185229808,0.024626901063301555,0.461091995205256,1639.7606985078994,7688.85929394915,119.4784998542262,-5344.389250954233,107.89634203243202
0.4628492718179064,0.4479156616976261,0.034743267571420954,0.14995749131539374,4384.426399612175,6915.187425643722,125.43107405788544,6993.596194222477,-45.69281609678657
0.385540698425987,0.772458834607961,0.4763851682939498,0.14489854214195078,3855.0028363189695,7537.998037937233,124.88975906664582,-1389.9179181434174,75.35737883847901
0.5509584672025343,0.7543428224525931,0.35957961092610885,0.7716541161479059,5129.00585309078,7072.975847884563,137.95629333150652,2974.018413666132,-4.206451729649274
0.0970174310921495,0.8109833466799533,0.04592524561358135,0.3345583248685856,1796.758114418993,7077.251759053957,154.7805660361817,-8161.330007628368,13.151659927200086
0.5658076068977786,0.7035615649250214,0.8522530974406117,0.17217255496057335,5162.419453654284,7261.797626512807,166.4679337122882,8428.300208032972,-24.942826036421707
0.37916708211079625,0.8017150847616205,0.2973190077639842,0.13262319710831663,3803.851919996857,7800.365962219136,166.6539449212836,-3355.5787963904204,22.790779766919627
0.09049763156501173,0.19588870753779095,0.047775059692192805,0.4498387436903306,1737.6280073991434,7870.680098093302,168.18126320799837,-5189.939797493904,-140.66999903095356
0.42114156801502295,0.44836930587807144,0.03106322325680939,0.5046906476501261,4134.4704319130615,8562.680679244904,167.7103795430337,5944.592063127886,58.62479228226121
0.0893657096160271,0.18099094570943366,0.4268189056587604,0.4447339826663582,1738.5343208052543,8056.12152022511,167.73286737682005,-5964.942698637065,-62.08398161561723
0.49819558978810036,0.12375454367694169,0.6316256365879758,0.4535350800381913,4682.883324438932,8819.029693878347,155.63671901584524,7350.284075776068,-13.29001991517979
0.4671218642735497,0.4292885089159949,0.02709546942349252,0.5103829204822261,4464.947084767124,8826.711316433864,155.20420540101242,-558.6693167547,70.94353136463346
0.42818359172954484,0.1767694218343808,0.273808552555973,0.1467882150113263,4128.684414981205,8903.378261487447,141.37258098386533,-700.0646931627525,-58.63372918466369
0.7109707423217391,0.5760015055475718,0.05277075202905506,0.4832475706440146,6222.286168389152,9191.06165616554,137.23158055546378,5084.182909911191,92.69978815780614
0.6736347280638959,0.19594402732947777,0.17757765389278077,0.12464170825321588,5888.963818018536,10227.752255679596,122.95066052463046,-671.2579592686998,-88.2475360971177
0.47107735661335887,0.12692696487907365,0.7763223722912072,0.11916042888918818,4444.808113152761,10057.438322200276,109.56147978255312,-3641.745121900811,-16.0254331488618
0.04629967880992514,0.13313061841125765,0.32616599852396405,0.7851811651817644,1471.8741754171178,9458.981582003707,94.03726694378656,-7637.006863562889,1.4404588000272511
0.3618251270256638,0.1592849088476391,0.029717085882527423,0.14180486186034527,3643.214833437484,9946.79675059296,93.18734417385564,5672.779290364288,6.072901657403023
0.4152998506107411,0.1517526017731575,0.030963230573776552,0.07634523957326836,4018.225736506341,9936.294024521714,86.30004559332733,961.41311652291,-1.7489658237127372
0.0661620000703255,0.7873563558080333,0.5052411219002141,0.6129457659505445,1625.7283152150928,9894.57646300177,100.37956158301486,-6277.091053124059,147.58416408654114
0.0773325840686398,0.1562339367928587,0.04435443247070095,0.8102378742136152,1691.8817522675208,9137.913900147756,101.13371762010895,200.8340624353841,-146.54361944111406
0.3957476819212166,0.15256367312992428,0.20871193706129323,0.13308672437914296,3890.56638284737,9009.591450784445,94.70829874675982,5724.731818152335,-0.8522177397990305
0.7672386634216997,0.16449496091269514,0.31880199270144505,0.3097422042433349,6590.680915918527,9619.172896548887,94.42329161090824,6678.974258114769,2.770388190312005
0.07796497712112757,0.7943246234475357,0.3028695541035606,0.3903312525946879,1673.9297234815988,8481.102412593511,99.4926504136987,-12392.336387286994,146.24344754422643
