pressure,temperature,vibration,flow_rate,y
15533.8557302332,206.62493139699447,3.546256091962988,1261.6418372179353,6386.350846232417
10089.798277585918,78.4836326148213,0.45047190367990114,724.7116881229235,4124.7629142251435
10970.67771160217,77.4982437259038,4.4338669420324575,1022.1132856443278,4512.63286236353
8661.604538691401,77.8074042849487,4.60819077575558,388.09524782740743,3525.9251072799248
8687.594921034171,93.75084039390387,4.961772204335515,823.2471133728751,3583.5555061362406
4151.268055741853,179.9797089814241,0.42919446945234,391.6077659722705,1736.3077323944315
9629.436092708624,74.03632230338742,16.015867348029523,388.5741145327648,3929.462914019448
17379.356454048673,71.65255975822355,0.7529093103923619,662.7755075525517,7033.480008291958
4808.051860267625,73.4379234738881,13.97776643205685,760.2081027484679,2034.8957887247595
9679.614580992957,112.92086502085624,3.570359669207539,801.6901231993576,3979.954557225101
10101.766859612506,135.94578675686168,0.4110489578565901,694.3298676652919,4137.945461399689
17102.596735252086,145.44147334812817,4.222024264695484,586.9503578706331,6935.1550609545675
10995.077746388451,42.64366909483144,0.7363500719829186,1452.9205981933642,4552.956417301658
14829.724891174297,63.651120443981895,0.6954156939159937,665.9226090068552,6012.255565000076
9530.956702108397,73.95870271682936,11.576943588289335,817.4985877343953,3926.289695542598
3891.4409751407484,170.92720316236387,5.170203597939411,1220.183034719539,1720.5354395576353
3438.1534862888293,81.4254799728778,6.354543442742509,463.16897486074924,1447.395203160296
10740.53664817245,66.1030771816848,11.400477741156147,804.1363577698812,4406.94962709404
10591.085192110511,131.9305335009153,0.35355854054726765,922.9430499875684,4355.644826353965
9072.453399470873,61.93005376849983,3.2785633156330443,398.62376290770317,3686.1475918062692
3745.1592766763106,79.3684422835424,5.369513649561115,820.9313093664829,1604.084800538223
11897.582165674161,239.6328174036385,0.2396787756326209,750.9173006954621,4882.410677983388
10779.550079762712,53.40303701489971,0.4649285543580257,793.9695394217373,4402.594986081776
8520.44093676727,70.83462900595057,4.460445621078563,425.41302405489563,3471.575271345206
10877.949594891343,202.10803635834202,5.84267898872979,353.37228910562465,4435.702692621862
8600.917593846125,73.27986255597412,4.067033905632876,733.391985038534,3534.4627594119474
9805.195926675773,222.61526205069976,3.9966609627943432,833.3727748052481,4055.9336920051655
4701.29976853273,71.2388526518717,0.28867228926769817,657.6776816919482,1960.9684545465627
10245.843655877732,69.94283219451788,4.254410655837732,791.3745234526563,4197.84509711902
10500.846736855874,215.63998655752107,13.34341582708134,353.6383039603088,4298.845646190506
2791.9569170589493,235.5657954298395,12.771104415139058,738.7441102201778,1256.926993554274
15199.942388337256,140.0893488693721,0.4197568107107357,779.7124127235908,6186.5957015972035
13947.711986346183,223.0450073480349,0.20577227627432781,467.0430586199591,5670.706760284488
9090.272949280847,196.30734885017557,0.7139291399848107,481.85359250466814,3724.626902442818
3769.9715671205,156.49908548631046,0.6041793705375094,697.834469054436,1609.9781599067119
9740.650243855143,60.7158515408415,4.751407184208862,698.7820026101037,3985.4085788875495
11004.480417959168,59.29308343296145,0.41762647731883135,1300.5496167755741,4544.3321852637955
8995.875894019033,77.12200061301546,6.6166920828768605,907.8862579844815,3714.48842165298
10320.494302767167,223.19492634124714,4.081680653697637,390.30956103246524,4217.990183458909
4999.5384084894695,249.3665389003982,0.3224754133096198,868.7211645747648,2137.044500753308
13192.894098599441,73.35470530146344,3.8282282754970685,1428.4720332001282,5440.418126233329
8761.618425511268,132.07103532725344,3.9302001735761793,1017.5615956189431,3638.713037092217
10041.669925815095,204.0212486517851,8.598886100531802,334.05281399435097,4103.775830606628
10313.939086532615,76.98351926159404,4.1438349839808115,1257.2489132883934,4272.912982270176
10108.260371068995,148.02371948649875,0.6197110480299819,302.77963539428237,4104.116422436371
2881.3240581378377,213.57172137427975,6.049313405359287,909.3864189814235,1295.2565795361725
12979.523617624473,207.665565114846,10.55824452659785,786.4581553912559,5327.82574240178
3803.110976975497,217.31551731640684,5.7579544699516,1387.691324279926,1712.1135583864002
4150.229459191526,150.0400465794361,0.7618250836635599,806.4528794237817,1771.8878185603712
3597.8606516993927,184.20447520742331,3.6227134029878902,810.9192703175601,1562.5111528574798
4241.430347066999,79.14006409039868,4.320975371370482,737.5503297870742,1792.6366476806427
10737.604133095132,141.2226201977905,3.7278113183849584,436.99871591134195,4372.577765846323
13450.135683763401,148.8097575106542,0.5782077314754934,841.3634896227649,5494.819885566981
4264.883551847878,74.74708703869345,16.582521601291912,1303.7176248263154,1876.1483830314596
18303.810352012428,177.40615877209342,12.641003233486655,1337.746125159344,7509.741489925555
10141.168525771696,66.75373941631537,10.609359779447612,423.9439823165149,4128.126596092765
13887.28130213479,68.82368808952361,6.2786579422424165,963.960554289683,5674.491300814153
4086.6825406284743,117.53475840311252,10.773433950826039,1244.0200115277007,1798.7421200110214
17713.64751183062,167.51946828818706,13.32369309018599,420.90540728106987,7181.038978753271
3672.990015185706,57.64599117561204,10.702532199560986,630.0660115350045,1559.7856037622469
10406.688294726302,227.9683712300391,13.90825716217942,724.1743676028863,4301.548814640087
9767.38189036334,159.83969896910966,0.31652395818837453,417.758177714515,3981.171299647892
4136.984746776713,63.79175978889749,2.8318055664422017,383.3875913497479,1710.138718153103
3688.942522322515,143.92939654246365,3.6135820514424326,952.6617262304665,1605.0494339377092
3901.2611474782125,196.31007888303716,4.443182937861653,380.6456211695081,1644.4958112916358
3825.173572884927,133.02308809708134,4.765434954854778,1302.162987582871,1694.0384979639566
3676.74583262011,266.16209706192836,12.129623814166685,1352.6160886974067,1677.3867970514207
3103.904754339066,160.6280154203731,4.116177142382187,373.61751860015613,1317.22352239329
11399.757426606606,155.96219256265584,4.751617502557161,331.28819271099746,4631.351654680109
15690.477885585,243.66900708464186,3.8600916629328186,1295.177914820553,6460.232884627383
5350.812540194151,76.05721608923972,4.197616255911905,453.4440816055575,2207.1772918399315
3678.20563334986,133.71543796933892,0.762825943034589,435.00473962242,1542.6700538106056
15238.36250033262,216.56700515293255,0.4357267796868681,1056.135760186774,6244.925567351843
8933.798176839036,68.30632397534886,0.5828794724628987,1174.1709217407545,3705.4719469134543
3748.826006960183,129.68864390974736,12.888290822404592,1220.420238957098,1666.8425916953393
11383.00510808736,171.93923015926433,0.4940839783076161,510.1769896673121,4639.348714200991
11339.415516936817,246.6752204212476,0.3562549726292133,720.4968928486472,4657.685322602785
10561.984315340454,87.3386434442412,5.70305766600106,671.4034399934742,4317.956385323379
3143.7104319943164,62.150634464040316,5.348429419171462,848.3089499732719,1362.7678388166194
4054.1809802291173,120.01247423075642,5.930863008124412,787.3559714444634,1733.306778594431
16112.049596978593,147.6729002304731,0.6017048627326453,777.9508363294835,6553.05205976458
3451.829721745472,204.27049215539546,0.6301563620528827,837.3361757827906,1506.2648392506264
16814.048023320658,198.46799029194403,0.43840577855156626,352.7933761799371,6801.249753672472
15698.09857989475,130.58316172837212,3.336874524305893,614.8903637275417,6371.850412462788
16565.671549516075,198.31769286011277,5.88190568457918,329.036867949833,6707.6587037003055
18326.854951797734,147.41355029215057,6.296042227679115,780.9789170347696,7447.766645822519
17022.89497129933,225.4736366165336,5.18770394752484,666.1614819211591,6928.650419956443
8914.522449091262,66.01611527342153,4.444731368673391,773.4819750599064,3663.02749725019
10962.373540005468,220.36209802030527,0.5966214523536788,1191.5024293584147,4549.067010720621
3868.065627925521,81.85732932598256,14.230476710644057,388.4250813745138,1623.7859402388224
3424.498820402963,144.00633095027112,0.25915018901545805,329.879443409685,1431.977463975731
8354.20802715268,73.51420174199703,4.921740895555439,699.5996635960722,3433.728628912412
10288.056577828496,189.10037031575362,5.438915394846584,426.5519558474179,4203.856273871562
10178.408463148884,75.59856688680941,4.413838945779584,358.55787620685214,4128.959644676271
10209.61499966842,70.05163444283724,0.652393399799066,369.5253881551585,4135.78745567115
10238.501082287543,80.76694777547539,12.66964436871865,324.7151927752045,4163.02980830071
10649.450528660625,151.26299039970937,4.820445299320836,745.1824376925866,4371.781721262431
15524.855257370042,79.10323724587153,0.6571984190461382,821.2420585483245,6308.872753880593
4151.674150302733,223.0026471713389,0.43871124994761,952.9494849021901,1801.2232049205015
3957.6161427696984,157.8044746696156,11.606319102281939,802.0150775625372,1712.218338451479
3706.51443721417,80.17231336931656,0.49708702214951644,898.2975415061268,1589.2156222433684
15788.376100024552,156.91597762239388,5.414056530480958,399.5984707986604,6394.814567409888
14679.951060461779,229.83121836708457,2.7946632158479114,1418.1673666622253,6063.955399348124
15654.304939150023,151.28808070798365,0.3813849562811764,1204.9974314302754,6413.051412379055
10927.572663571897,210.11965205451196,4.465971082071031,1273.6774050328625,4547.119692966055
9759.21253092618,221.935365366851,12.281767309558829,1445.5886092650746,4111.053597334688
16439.70678113033,134.1855087492416,4.339630842102871,703.720628521471,6679.601323317283
11838.33879152381,145.9855628127155,0.5382537872720172,446.3999193627052,4809.980001789246
4215.755331700867,133.35537849334236,4.940704605925601,377.5185412190446,1758.1361194098083
3549.22754060344,137.66336158479174,11.342412053867523,320.0992997466637,1496.247236613802
8522.633773684182,237.30482632541947,0.45012402916795025,758.4272606681002,3533.0323868493188
8524.478971075456,84.3500669573868,0.20526704093479037,346.8061308744758,3461.6501154705093
15126.41857746607,92.39964007983308,4.884295385170556,312.00444181800475,6107.574246261952
3002.002076837999,167.14564121210384,6.549462626651465,823.1089362033086,1326.3650465379287
9785.712904828268,86.67716866511091,5.8127050577642185,1217.9306274351757,4062.132715994493
10560.40333593913,63.817574972315924,0.526699819924498,906.659553687101,4328.380854468714
3962.2497234609214,202.31053249398002,0.5608260773969088,401.35625599084767,1666.3388605983446
3445.5613571544127,80.3493695995374,4.939981616384511,1230.9359661655528,1524.7979858228048
3904.668197404864,141.82557129091379,0.531399416526602,401.1241086171618,1631.1419032066344
3664.6077014596626,165.61799097189416,13.22498658142407,810.5646387383438,1599.8606225242147
9722.496455159771,164.95047018773462,11.433307282888492,863.0549884141541,4025.444135867204
9840.856730345004,111.95917083480316,4.417575669747745,743.4591404238408,4039.706803851968
10595.621074041024,209.43311622829196,0.36690758743498353,757.1724680124441,4356.402661044465
4532.8594437632855,177.84474939950002,11.284541369710338,429.41873767835926,1908.5814132076157
16243.104556624572,184.33367226972427,0.5951110071527085,418.8197999388022,6576.883203608383
11048.444674874807,69.79268619438027,0.6377475853384171,451.91120596683163,4479.48414916349
8032.572418958916,65.82041229881803,0.5981586530996521,409.2820404438753,3268.0184920673673
9767.46991756417,63.17202410383168,0.24141111429207568,1332.917288565407,4053.2762173744136
11582.149318260968,58.03325312258601,0.252529413429484,414.337611738895,4686.278933222939
16829.564294892352,73.95336904327581,0.4865496954076137,842.0932794348391,6831.555544252191
9273.79785432674,65.02085510848214,5.212391642430537,308.1452637900715,3761.156426595045
4502.227623875786,144.9204741890236,4.17281391375289,718.0912909520164,1907.9434943539502
12321.178061617535,208.87368266486183,4.4658436801271275,395.69117293253095,5016.513843993431
10158.670117190626,219.49268485618086,0.17994346349390977,682.2084354942936,4175.857342592158
10399.456731428325,145.17982137023907,4.6742927224125115,364.61354920313755,4232.29145084931
16376.933103285997,63.48484876808878,9.542836371277808,373.975501793131,6615.182015804247
15884.76219231244,143.506129990016,13.854422797482165,882.5947030963387,6491.647207428837
16803.979521362096,216.65478288673432,14.144757053101142,772.4633255197327,6863.386233253811
12026.790791128014,79.94851974030043,5.793683157053186,800.1997405484916,4915.4165191896955
10361.145867842479,180.91889940832849,11.914096078706727,1350.0291936780588,4333.516190504523
3464.0057056858254,61.125907923849766,5.741310111408402,1420.0411582670786,1548.4435448529207
4718.778862107446,242.74543161720916,0.7208819466284058,813.0142470971185,2018.4433787960747
10403.930431331899,132.15234304984222,6.625755306589507,922.9633710939395,4290.237611212006
16860.015872955624,93.28702005740982,0.08343961151773721,335.9539132639315,6796.3843039374015
14414.15588203219,149.36825421472207,5.731133253958626,625.4522176528819,5866.677925302048
17946.781076788207,85.97600169449986,0.8330683488693822,356.29963464940204,7232.787197042428
4197.263662813529,69.60050129350222,6.07389740625937,664.243647501273,1768.3607762436284
16492.650811409163,78.34805102652552,5.705159993308663,906.7399549950771,6711.961670258441
9012.815042008944,208.95240852675974,11.746963627809372,770.4776168162341,3741.584705632267
10023.92773686059,181.05988072441122,0.5467723406101493,368.79528034946964,4083.4827574349806
10192.746247099421,242.55170055922918,12.929077656921178,917.9633340378579,4236.798788840782
10104.695880391211,138.629664867369,5.106956310542845,403.4790750136005,4117.612627097133
4282.324905196457,49.259843862150205,3.99645862333516,793.8463192505402,1808.1612507110697
11167.625731894786,85.5525468287698,6.564208103187657,593.2315431186444,4553.3302685903145
8674.49536011171,160.0995459084628,5.079294409592151,1186.8736248637567,3628.124357327141
10585.133917192477,158.96144112092563,6.2996555168652355,892.5237264456276,4364.547711021037
3807.621441900707,216.41659002755642,4.543993949538352,741.8125283096241,1647.3291385210641
3573.474680828245,123.11177345302477,0.36644981623078804,1457.1068937872387,1600.272591124973
10073.679936582193,128.5554955922866,4.676093390424796,712.0023606296604,4133.397449899938
15995.636782592937,58.80200302753255,9.484420697522438,932.9234544701142,6517.534090135976
3871.118298094394,158.13318378427488,0.7714746298624378,774.5380520902145,1658.684973148428
9825.248218704382,59.605429410595605,12.765395899923165,656.8267844306264,4026.85114565682
9526.08390561798,147.20200641302375,4.368558816060342,385.58802697650515,3884.9856044515377
15032.84353771973,70.26422152017659,0.5062109940444619,320.0777191596068,6059.957347798955
4879.033912376786,36.81580826734421,10.016744885807968,858.811065162321,2059.8829504491273
9451.926909448965,60.1153917527723,4.72618900985516,660.0123797537694,3865.8843636203005
13260.564120982155,171.165876291747,11.813787617417324,1415.2316923109447,5497.7026743084325
9934.327574400819,143.1689552616799,4.865024129083058,382.8563635380008,4047.9479933600883
10059.872152019228,75.49936528973106,12.24156568720206,386.1350470136086,4096.024587097802
4372.071198542516,167.71695738928776,0.23719234378002296,447.3300324985348,1827.4606626603875
10854.751071893472,51.979785148928194,16.363425185218265,455.0359614062478,4422.3451197056265
11038.925838133538,71.17450594766278,3.6661505804372108,931.7534935365228,4528.479811667256
10240.06592363993,73.27681558337027,3.484017142260968,893.4945200298688,4205.257210289024
14394.339885404224,205.4311738849966,5.91592760804804,378.32376504486683,5845.528456855248
4614.051528743562,217.7356715362848,5.59253113463928,735.1083769374691,1971.0673802003876
8545.68795452316,79.51724196053397,0.48420010380693734,723.3414571980736,3507.239076076889
15187.100083521302,62.79168328731324,0.3547349657831167,1252.2423405668515,6213.154706571344
16420.945025805107,128.14149614610955,4.574283024715076,629.2834271997981,6663.796076808318
9370.214590769932,84.42760886814347,2.902505897378528,313.3170222984891,3800.6568191575184
7692.914454035368,73.39527319055476,0.23183935069775857,736.6524996246487,3165.8578452407696
4895.027991340117,187.62623907039736,0.45122088708633906,376.14997352632275,2033.8282730333883
3831.867592915123,92.796220117074,4.47392142391648,1224.4856612608564,1680.4657294514243
3768.8384800655977,77.61080687125065,3.4290255267291005,927.6489706891718,1620.9659887595
4361.965478606131,162.5471064842172,0.14003251270547135,657.8700318891437,1843.2926646972685
4651.647308542163,73.7313319552165,0.683001604312466,959.7195180501919,1972.4016440193964
15093.912787322359,66.46864976091436,6.4694029039385885,333.30865356001607,6093.893814593036
4289.369275155685,207.81083136674042,13.241080441351324,352.6424194168564,1812.4357389393347
10122.33214998673,218.95890888354026,5.358718585893268,1183.1072501628375,4219.073444666525
10147.685722596376,131.52500364987347,5.21998431373165,732.6181340163741,4166.47107964076
9238.754998053417,154.00473666735132,4.832905463963548,691.9948323877255,3802.751787989555
3694.834860816456,158.8724158064008,0.255033356825769,393.7586284576169,1549.4668403688631
4826.0222480137345,66.45583128270393,5.115676400166123,752.394081797805,2026.6129882420644
17629.889976420556,231.3437087912049,4.510661821051638,823.3753307446617,7187.3282581325075
9978.18031344393,156.0955258751263,0.7125238100286598,975.5463153719921,4121.1146478048395
12254.716472104963,122.02213287735114,0.3936218617539481,717.3806583503226,4998.619514045118
4968.348578510166,162.65277770146787,0.5897762195007714,857.4801091918587,2106.502662192797
10479.452361596006,69.42135559814125,2.7590324233614822,1367.9512106649552,4346.598885459568
2926.1438950773454,56.03295824606286,6.454304746004862,719.4291421034775,1263.2885210095058
15531.184409498412,133.05953896657746,5.580150280514642,446.9192475631221,6292.147821769764
3998.762992404347,75.10505296784378,4.591142360456292,353.0082705367247,1656.7137481496645
4151.732051501183,234.44092057344716,3.233942921705609,804.2873152501896,1792.8606506227402
9570.164510404999,82.63983035459545,11.129888174241204,843.6461430902076,3945.653216803301
10159.414754624757,144.43424498674034,0.4437863930288643,662.9087256469043,4159.6093030014845
17012.097247355556,136.31702898584345,12.564384983543341,287.77388860271947,6879.726271074979
15374.903326383886,128.64123480205305,6.208324696533547,394.1346355777739,6224.415528116543
9828.400113494046,72.53467896964338,11.03557901263536,342.93571335667855,3996.7139210461683
16512.354392413312,72.10927494803431,0.7034561027673307,396.074184830037,6660.026214592087
16868.89149742358,52.89515331294248,0.5288375575782028,1294.8780746092905,6888.416693429318
8407.409490482945,49.715793286313335,14.040150505182243,368.12521076401805,3430.7797016846166
10199.371793766943,78.77134961592476,9.041181705177179,1288.2699548816686,4237.891755475895
8759.796609097402,181.1847697015004,4.776532710619337,340.8462401362534,3581.4050206588154
9223.578222470333,62.12548536072069,4.085256149745342,1267.8636842315864,3834.770638708054
3589.322784151848,210.8536596532843,7.062330904408741,683.5980603770707,1556.853147985716
12567.403022929722,65.01840748202221,0.23310233016869136,937.2919704792243,5134.043741211469
3748.210371598518,123.39431638647646,0.9139887729431466,773.5418515462891,1602.6881802307462
3593.413055894593,218.4341954059386,9.619078377725351,734.1736990379438,1568.8980489094076
17567.215895185727,212.473380882797,6.267774408246735,389.68795140333015,7117.751491003553
9749.180033311462,66.83288774658229,5.731003069808501,695.6929811802728,3991.2043935966417
3901.1388663881785,75.61422614379745,11.481278533550398,345.9507022140639,1627.3953798057628
10055.008307725257,150.31675005197096,0.814434181838523,818.5300911804112,4135.141333491296
8276.027396193738,149.4835378590156,0.5864455430875716,399.7823034484893,3381.165564708779
8973.906018524693,80.07703996752011,3.0949826129691207,687.3431991853587,3678.9546092413707
9455.104670635921,235.95601929146437,0.6912306214008719,382.1666092148929,3868.4865789662517
9525.60933386562,81.82685574644674,5.891060374519536,415.759584772147,3877.021653734531
9758.534929551442,150.08578877698173,0.26865942949527666,1352.6251730686217,4069.0966360270786
10592.374559953438,82.13449438758556,0.3859754301397233,888.429102225108,4342.798596226614
17747.63712509176,68.45910285489201,0.5996866760720445,772.9444639679608,7190.940647018586
9703.911317417822,50.62442576615847,5.0036667120016265,346.98440242147706,3933.8933524305107
18278.136578099373,207.03085127513086,0.6258801489213975,411.5927485375938,7394.758896571918
4239.677130238168,127.43597124285867,10.299539497931438,1339.1750833603858,1870.7248639267746
10395.160173193824,153.0195664959494,11.047468773902567,1375.9606397610705,4342.83524971368
5212.5478968406605,225.06284987236822,0.21216370092867248,361.7007439302971,2166.5200486551603
10071.50367751377,69.1305637374878,10.185725739914727,1262.8596023596974,4183.992132598848
4244.265148024767,223.45379213264602,5.6557243193209334,452.4475886402476,1796.1251629794422
4268.956362962303,112.70681944099567,5.358927002580939,413.1389590697963,1779.4761954839714
4116.99110977237,144.05814866663803,6.5079899490614395,333.45785939946353,1718.7158445058142
15510.565261861704,59.47136188402574,0.6852456037555997,672.4056233820766,6284.388807865328
8429.881393957685,72.44702581139585,4.633550973922714,695.8146583953154,3462.973755045769
9093.50464567886,68.40455913900946,6.3435353366436225,1424.9508047152744,3803.093153575839
14553.075652093632,229.84288260063977,4.606445239232642,433.06662185250286,5917.41516740168
3942.578931212864,129.63811666446827,0.5626445029391309,657.593585356881,1669.5625211081363
12221.663306774019,239.73373696472405,0.28642660048783575,1142.2679688310227,5051.268506886386
9783.78768149076,93.50837047563463,5.8604940357151865,333.80098650674915,3974.3875863956787
10706.151205911865,59.08592410079283,0.4998282237673415,776.724077941434,4372.6998173146985
3692.5907201109976,133.5835441421902,5.359928387313659,1233.0958100281318,1635.1024704566207
11274.220997703816,163.64979585173623,8.13050256821662,1417.5932166049274,4696.373433764692
9556.891730401077,224.94307762035012,0.6544041428699842,406.7784930339185,3909.404763202198
4611.043511402577,83.61132861794835,0.15758153981556733,1296.6199549704027,1991.038038091384
9510.866676940763,158.12602768603455,4.690018012079746,412.1798409120612,3884.2248874228385
4219.726343151674,168.909802023434,5.5671397881190785,384.1265039668359,1768.4358577442185
9330.166109592876,71.02170511335746,5.899471179139905,711.342208365905,3826.2542124651222
9095.813364878126,140.31597292178685,5.768900302258393,430.23720561104074,3718.0656115501
10160.69078244422,147.2655123103017,3.210295467407917,409.8660184506789,4139.531460485929
9768.17479423588,61.29175351907476,5.053894599944284,553.2706546331996,3982.436175761403
10707.895203183105,62.905976740087596,4.096445895688612,409.02077710750245,4342.786023175542
3588.8913825147474,172.97574698299158,0.20413520684501535,441.16351841931646,1514.5742570546965
16431.49855581557,70.53781231847357,4.3627247100988935,640.4813513790116,6657.299206992973
16683.2586162136,153.3734417493039,12.373974073457036,340.138259677104,6756.552921913197
10163.367832953376,218.60273134347332,0.5759974275839105,357.15966986897473,4145.6476425783185
9934.696165740193,65.08557687320527,5.763630563840795,405.9758809436231,4036.138615610842
17052.561790669017,137.24220725540795,0.9552260402165875,841.0236903017478,6934.008365809188
9893.490520711857,227.4107551279748,0.6266279846940336,746.0482277779626,4078.4231240651757
10045.918972109403,59.28726366483157,0.3502654326392166,542.3533808024217,4084.9857778059286
10022.096246971609,63.340249685188674,4.489488751790556,868.5563048281286,4115.09641233618
16740.23214557846,67.13156377543501,3.929521235125052,798.9796475234018,6795.311417591498
9909.494806920411,81.85699756108012,12.43528400556288,652.2609747717512,4064.0483457659
10476.00252509369,91.9699399640197,0.57705911568564,376.6409412314492,4247.324680826954
8995.65902745218,70.54554675683087,5.5662849719136345,828.2227308814262,3703.5444208782515
9335.696014536876,165.60965837587796,7.006704220524927,444.48418247514377,3822.358812068228
8734.952560091726,136.01782739952094,0.2507636270521656,818.7017616008568,3603.4309111172583
4008.06803418151,74.47337869520229,5.4363374004311655,959.1162461211236,1722.1880201244037
3947.153172956646,168.40949563804088,5.371144668694098,842.446195820536,1704.8445048953613
10492.352064359377,155.28477635988682,0.5927297935626314,681.3046270393572,4297.017338410007
10136.631866872227,157.8041157388513,0.574697588073229,1412.069785343331,4228.282594813104
7954.2378285146415,242.3714464467777,0.17138539324136182,759.911724728154,3306.41767125789
15462.276003921004,82.52221092115983,4.247892468506747,687.5445038146476,6276.54113283686
4877.211540851398,165.30088697175253,5.231636706661956,914.7728452398543,2083.2695333188885
11243.355792789614,68.27084298111232,2.51213522618975,351.03055357974324,4549.867743909327
11785.45159243387,225.95954749356636,3.4779528460012887,294.35662207535484,4794.0251379488
14454.054978172333,53.857772974956504,0.6560005794007178,433.7893810806878,5836.756484841095
9963.298833018222,235.84471829406007,6.2272925247709345,728.0083287694669,4114.630248530204
3739.979404499682,152.932226218,13.378088633014169,850.0486869668101,1631.6502086896753
8167.11873399045,159.48956926706146,10.549403719996368,823.710089502801,3396.9405219798673
3548.4525771578537,73.35832502947909,0.4234422490747842,726.1654079145462,1507.3044000341042
11296.122727511241,131.57283795417462,0.4693382744634813,391.16670959863546,4584.58433696689
4367.263617833909,74.68428731731258,4.300899769863564,684.4811914989166,1836.7417734017133
9705.044985659855,59.540042099825214,11.9273095056045,755.8525544147094,3987.402222383785
7943.809876693162,234.15755434479559,12.916271674243003,723.4261618819523,3316.072485245784
11575.680317156399,160.24133146650053,15.77231116228502,403.9898957795905,4726.377849477246
8418.87465328954,150.04834555446695,4.74613973496455,765.982418621747,3481.276981891331
9395.041479086723,59.65279583986362,0.6174001048744495,785.4063916827072,3849.413890128245
4269.396060400465,217.31230881579205,8.295959848267803,979.5313773485817,1861.6179634306047
9286.830815478015,60.693624210302055,10.132279486262304,692.2829944976552,3811.2977697124256
3511.231678745337,70.09237724715153,4.603869201033514,478.9584175856402,1473.3127925076794
9272.912307225206,55.84073505931127,0.35568366362425985,1050.3114887536453,3825.897744272746
9766.24098005922,75.95162823053695,0.48825206465760584,379.4322882246692,3960.3623245892486
11785.263315473696,137.9502973361726,0.15586214001163057,329.6369173025107,4774.892870596982
4142.01336371344,221.8439512917983,0.6257237704739389,698.3562886940191,1771.9483502688488
14271.79526630076,151.19087735431813,3.821360341700671,778.27073204429,5822.515395708148
3918.7204020337363,78.30965575271651,0.24972760656931292,1461.5245189575905,1729.677135269651
4154.507001226952,81.36126979092873,0.7774328219275325,564.639436488233,1735.705147330681
10496.68246851753,142.57927346389405,4.0196124372693625,792.8685101125474,4312.50511176695
8894.845797868162,64.73530696406266,5.967595018144938,357.8896249833056,3615.625735565625
11711.776685297216,133.28156951499838,0.11782919396349378,420.70759277525286,4753.614491090357
10860.991343763277,89.87091734588103,0.6500278706424261,789.1932354986599,4442.265086330317
8254.725034003317,208.1389954164944,6.21240430889762,1023.9462812468823,3455.2310472726604
8984.71862318641,63.480784222423594,4.365469114436148,760.4211380786303,3689.173923598567
9948.817517279193,72.54992111017638,7.174386558060548,1389.4192531999793,4143.740496290801
9683.80103302866,128.40009103073803,0.4208760936992231,668.0574135265613,3966.6374869108167
10299.37912273981,74.72986685390781,14.056013100971654,1350.9984667866634,4290.881488796829
4902.4836433941155,167.43977636315037,14.29633865119611,708.7203909695576,2086.797959704026
11239.69065899856,120.59982259274508,0.12248710505794369,777.1929128959445,4597.899250065154
3877.9366848107165,218.02608599153507,5.261954672880741,372.4590542940804,1639.918728561323
3806.54599721779,159.85100875046368,0.19133883489180448,898.2926491269488,1644.7048738022415
9231.79806870149,76.96499950311967,4.025606526652085,1408.8253375291542,3855.033170924114
12407.983682682414,75.57941997111213,0.5857062724695506,383.8387712839281,5017.571793604286
15816.154197944785,82.62867480247321,4.895823698822651,1321.9125203002454,6482.522401716667
9851.198958092158,61.58551162161187,4.934424456228294,390.0940189923838,3999.207724144767
16109.88829079328,71.56612746104639,0.47455411262939945,340.44100599288413,6493.024473577754
16760.18025713847,161.74877353148375,5.108981373867921,1013.4488167553216,6845.430211298019
9468.637254741167,68.61786304798508,0.5624406264511344,855.4106657446267,3887.563202020203
3786.0956458962937,160.5152574094327,2.895926848687205,921.3395914647547,1643.0191592599103
10839.345429022196,145.37540031226166,4.031302338969101,816.1428800414263,4452.474493183927
4799.977315668628,75.40308492534477,13.251393809331523,695.26050138337,2024.4746841048543
3648.660615931441,203.31012545834818,14.173317450265325,1295.323507485517,1650.9185983881957
9574.805384540967,82.70055603996832,10.327043965121257,760.294599522383,3937.9822909243003
4335.464075944752,73.13852663169187,0.4817208826146428,405.30652007556694,1790.066569035718
15197.47521944656,140.8802463999694,6.641275129489254,1427.4957139201747,6259.8776211448685
11313.173739368976,230.9931945596056,5.412404192552415,430.41756785650796,4622.628497733991
4815.605949923013,133.48111515563386,5.483539773755003,691.9712054423143,2030.361033205196
10024.638670436196,122.29051164514345,0.5433065507653362,709.8855981684745,4106.117090146503
3486.8142941941096,178.7130212670162,4.742705506222844,1355.5691302695707,1573.1392932173385
17778.102512484,171.13233584781477,5.3954806230671695,378.1981610777221,7191.380509205537
9799.129433123462,70.3539837521442,0.4634325522586712,746.8224676800456,4009.0999655962064
18032.444047971712,241.69159837672976,0.360720351077711,958.7890526108467,7357.735924651732
3232.861936198903,149.0528095986776,0.6473077329270941,874.6916203608528,1411.395460034773
3792.271996798825,74.81598991678577,3.0376381939285055,394.70880591882604,1575.8993345856625
3641.7966870295286,146.1814428881897,11.913990534239838,912.2811205047069,1595.0540612412797
18438.310050708074,77.20971871703827,-0.19709484029449742,1371.358389358431,7527.606160702039
4957.199864387545,80.89325214590308,11.51755747082125,381.56706704558115,2054.491639094989
10352.690956857417,130.9609375433375,3.6206152998922105,1432.2458768936647,4315.92408089084
15880.344141062511,78.21673064981236,0.44838416835067996,781.655419175707,6446.619120725063
10061.161217628061,71.39659803816313,3.5831760482506203,1386.7481902686645,4182.7933897581
10479.184885342616,154.82091382221046,0.15391835531413878,630.1093425627109,4285.879948690731
8926.611779084567,121.64418398980312,5.773534860968666,834.7123274960649,3687.105083472847
12364.852272880356,71.53779408348898,0.39635327808416115,875.8062198599876,5048.4236198719655
3710.5049080725416,138.12428834462568,6.585727560510054,1277.1213884809133,1649.4175510867983
4435.248850491114,67.04657350068474,0.7320367251777772,885.2937187282441,1877.1362818571738
3620.604136140987,68.62286887367077,0.43365809947910483,1078.9104333756895,1570.5077587179167
11147.034327279864,131.72019643001545,5.842855277839524,391.0607682099448,4533.028129935702
10619.366152226848,115.52667676336867,4.736043937285229,691.258772173986,4347.08173936674
10041.134128589261,236.31513918432265,0.2031717833628484,783.2897091176015,4142.350407859373
9277.11321839587,77.88775317506223,5.471966827864497,620.0507056868886,3796.6358588038465
4290.890072084316,72.39828237600503,0.8714925981391425,1322.5353966198852,1864.3964638681246
9511.064903739974,72.45585792988648,-0.018840844719863026,989.3152379267594,3917.820395607563
3985.169173923986,128.49323043366425,0.45575375181672845,426.95363513632964,1663.1453097976855
16333.005332628887,175.88075239272698,9.460649322386212,351.08366504930177,6617.67762401861
3657.3504061921167,58.72744269005507,0.13477367711459515,830.1665757440405,1557.9044691049337
9728.875721200962,83.14048265794852,3.4049109006348006,825.3345502715368,3995.8192063900806
3715.2332346139424,146.71782623579026,0.36800367985616056,794.6062749522139,1595.4494921077408
3222.67342773182,173.65327158009094,5.240799146825095,1570.8971743486957,1488.7509415638533
9845.839143736514,73.54217894802845,10.117816061490455,340.6943777369932,4002.2902551501465
4926.850985545569,100.7811033392579,12.256589821820345,983.9635958343288,2107.6778592022424
14602.494145157312,195.0412749210506,11.408561805231775,767.2974303770674,5973.8484987926895
4646.168786099694,162.8774975668714,0.38972958066125907,1274.9260285639098,2019.1202111806351
9964.3819784601,81.78682318317944,-0.019296712617799527,930.5918321721881,4095.1403941689687
17364.840516618282,72.45938221932774,0.4737832337228056,915.6250575935696,7052.701263701119
9179.76417225963,154.14251520875789,0.20279115188604963,743.3804695327084,3777.3764056267037
9426.655985487889,66.4197318638016,0.4828551122184574,768.9226769183832,3861.562890928082
10223.494463245857,171.8243990519909,10.637700864323204,919.8931779831166,4231.708534203537
14946.806930161616,151.98951289891818,0.19426556706045361,858.9551544488837,6095.3075884399095
16406.93218269981,150.9766562077645,4.645363318483264,432.0902457916986,6643.145273878372
8417.475021275432,208.03443537584735,12.198691638537912,335.3289000173635,3460.4278230448854
18408.737242870175,230.12112675039756,3.9568526980842114,845.1516889280599,7499.969570438082
18042.047020005208,87.72115131884495,5.042806463671842,865.9879662492262,7328.526044586283
15430.882152372964,202.71986425444902,0.4920456459576511,404.03082335690783,6254.037984604703
9505.259691487981,155.60689936865694,8.864685467681154,761.1026556549965,3922.632550235945
3779.2770806855087,76.87335890027005,0.6909022889806931,804.119721081652,1608.5338295958938
4759.698706864955,65.6108001404159,5.564778504094185,676.9193423512799,1993.0407447653347
10937.757626587561,63.423305052580034,4.869768498363966,876.4667724959719,4482.739041642683
9045.40097767219,234.0134467413819,15.064986091206384,721.0125280275075,3759.661812356713
16367.066171180364,70.49866722156263,3.954664217320002,302.5254451165579,6597.110742754096
9372.6452076071,57.06170247664214,0.3121442886669026,389.2410242632482,3799.8627423974935
4293.73972079441,215.26100637045954,4.968282712377898,408.990432506694,1808.899556911092
13442.35615941142,66.73396991215436,8.617902489799516,913.6388695729554,5494.579998438992
3452.9596462101545,210.54498308071538,5.467783268541256,891.3506096946987,1520.6295909724865
9094.678549422524,81.22157195749706,2.4912280772572055,457.56140186898426,3703.608716463293
8959.037505705395,166.60112797331942,0.7805787673908146,1251.1132966796627,3743.217425695875
11010.216688657407,74.27041804456157,3.353138600325036,420.35794606428476,4466.006261578792
3960.301080325317,76.15597558678608,5.748965464782223,767.0043617518085,1684.675511619838
10698.024612288182,69.33137691687617,6.62680653886393,689.1583743666474,4371.932167543608
10517.25421665361,151.05091192753787,4.4361077550969235,1322.0848606785903,4375.974516747456
8156.121958672225,142.5744921600063,3.9445903452211937,382.5705999801883,3335.1376274167424
8690.989168634966,215.47736093031378,4.322402853134901,837.3669791644693,3609.711441836198
3107.8591132183014,134.54890404706248,14.927720747159615,786.558211643157,1371.1008283817882
5018.180806436917,167.34582463820095,6.300555514875153,1293.8201032688532,2179.574331101605
15631.49597305829,143.41176868158385,3.169502278781522,783.2673335800677,6364.361729735812
9673.094396978451,141.68534408235365,-0.033231373035455536,463.73069214659307,3943.8980497629577
9876.29443948777,159.87355607270067,0.19613506088296956,969.4990256870208,4079.7365921696746
11161.691048711724,65.51256987673209,5.242921609495682,369.4433529620163,4522.587651170482
10439.967983779317,62.38080867527331,0.48438721858284145,1265.5810157064054,4315.748037645297
15963.688632493733,55.0064084750306,0.5355461653774692,795.2940736185359,6476.809461302419
10129.51948253901,223.19270222961396,0.7412232834916751,753.0288334190135,4172.861051728665
9953.11568237197,211.53140384688982,5.346730993103115,694.3589477461489,4101.008544982436
3572.6865040148514,45.93985967239462,12.263121131389857,349.42426490488145,1491.5996817279922
11310.45292346631,68.78034944037256,3.401568699698791,434.2608368006482,4586.465676004212
11251.13414523276,127.38205254147064,3.0222352415580445,920.5914103919652,4622.522562502932
9902.260599497755,149.37658347630042,0.5290444661722266,838.8222834202749,4075.4553515356483
7316.6304213981475,72.22490932921342,4.003230522801369,899.0700078594251,3037.008996995247
16059.2188128031,133.7986204864814,0.5458197736942891,1318.5106548497715,6583.117044364055
2889.4309406348284,165.86225877732454,14.07631439069722,426.3722243720961,1252.6965220326517
11104.058202361724,234.12472726302266,9.475880914871986,1264.5090380753763,4629.112951577141
3562.920324410855,254.8132376684521,12.706519941588484,410.8922500519506,1536.27978221561
3964.443924922531,74.08182675625795,6.1634500002768,350.4166339681915,1644.8807737174984
10263.622876639854,213.95844985345173,0.4455264658417547,459.43356036733866,4194.852486362129
3961.079175174901,57.26351165258144,15.219119346907092,1338.569350429035,1752.5699864637409
9419.49014069218,63.632100427440534,0.8406702519280009,412.766544624458,3823.0601362026982
9413.088330515777,229.2768968383101,0.538013617341868,1324.8790482406603,3944.3856368240517
9342.112621679149,85.56785092283708,13.184774067324271,682.0991794806432,3841.945697905278
8365.17464914142,156.10757923130726,5.060584726949106,683.8453351864016,3453.2667861118935
8854.963412752555,62.86531082140987,0.6545846939814032,756.4931279799408,3631.1896171042704
8040.889181950209,70.9983503167997,0.5533947144519844,1167.03315794144,3348.0887507092657
3781.974216485594,143.9104424128431,0.30732339177286694,913.2967460546561,1633.3624347699313
9238.187966090043,228.4068089719287,10.786482615323482,635.1869677533205,3820.654968928721
7617.968430495622,160.5928753208812,11.094782884145038,1203.6252709879188,3216.3106486874344
9300.421990510516,62.291244076734934,4.242948433951764,760.351238776308,3815.0265915481123
17951.626778015547,78.34319014084784,6.091005215973336,1331.0290663934595,7338.558763697694
3607.279247285874,162.86027504637366,0.10992930441756882,1132.5047687099332,1588.899124751244
11131.706153835397,174.29120917666967,15.606430725345831,403.8006869026063,4551.330418147772
9773.595748407084,67.68023635730034,5.436886265843544,807.4390912124211,4011.8735851543015
9521.490914408008,162.69278187705658,5.099236087289177,454.2342675573303,3894.2072030252816
3451.514002536223,77.0201489643934,0.4924429311375161,771.1349858485922,1473.8617937889335
3129.1062158425743,91.68618671987008,6.249343420842919,804.6515077161774,1359.818889583886
15057.397544503063,85.41149065334365,9.766712843342129,592.1339422515593,6113.904779422063
9852.36671724485,137.52208021209918,5.748717325759733,1308.1281610152998,4107.88699503053
10090.149604784945,146.11372211770748,4.8720800379175495,700.2628444562275,4142.616990840019
10588.83622755458,149.9110188903911,5.292742991349921,661.302123191201,4339.586021606056
3839.3138970967175,167.97169603240638,8.553387217863015,1363.5251534489116,1718.5024942168538
8437.106899644632,71.00968330377295,0.46621441865855257,1444.6009480708576,3534.204112953681
10323.678585334232,62.93092993758911,4.883193111389687,761.2994424299875,4225.512354031294
10370.40168336717,163.46000131493724,4.366823888705402,577.9170906012077,4245.194618503034
9544.396262374747,77.28000300234812,4.550547591239762,851.0711201354809,3925.147438950776
9250.226589359736,72.26673393102601,6.484617455197282,743.4930757948441,3798.62021629238
4134.241405688553,76.8987489384869,5.2159626559614125,441.8955945607854,1721.0898155031393
10124.935240805062,114.86049082830817,5.153774304701825,766.5202907977543,4157.328885024514
16122.422367601797,196.11839282269824,4.224852559715137,879.9115372224977,6582.521058167082
4918.31303923235,78.95198039728858,4.708782648722957,819.6329937572515,2072.1420851212074
11351.970706511165,81.08595942776357,5.096443602926115,663.679192986935,4631.018059193102
9255.360619811054,165.56932184237994,0.4575400680650653,1455.3287599261537,3881.4772983876105
11946.906670871718,145.96681193992083,0.6144250890921318,448.08323340949596,4853.68599171126
8368.798550345027,69.81778676400911,5.583398884472659,821.8937812439948,3452.047453941921
3894.4646461028974,73.99222265599121,6.936009458060965,322.74282325127115,1615.262599484576
3406.901692273259,129.35107516133382,2.8108553212542287,706.2627577024937,1463.473450693701
9725.33852871582,234.13367111371272,0.3954653719719617,681.4887852427169,4005.7042222913005
15894.029631066871,171.7195169848627,11.3559286664009,368.0829330408222,6445.797942127405
10259.524546854564,191.66678823717922,11.86253458621691,1219.6163025302499,4281.898608521612
10823.615358370793,212.87873399476632,0.09118394749720993,459.0903519796843,4418.0677012664855
10638.217814363517,76.04107254340035,0.5195979972309314,645.4730289300417,4335.822040142938
3904.7062008799394,154.76814026574067,12.926787147914832,418.183906167063,1654.0446797437023
15277.96904223123,148.1762509689485,0.32583964743570115,831.2470932575508,6224.4363358831915
9037.712946785115,60.929108075788356,10.30143656627658,1213.0002592671833,3764.0231811053372
11272.577081830079,219.58658713483928,11.632364255057345,406.6091214230004,4611.0576086838855
4371.328916946682,156.34704464858106,5.921811797370548,394.63821408226175,1828.147514812671
9895.943531647408,217.46803427798915,18.198118529667074,913.874584422922,4120.555655751354
17900.027942622535,177.0220199732383,14.764283266838994,730.7118324028705,7290.633189184207
9582.211783096876,164.56037274030982,0.33599428775880147,299.64047986642436,3896.2648272050933
4918.598743559151,162.83285878553227,6.589844973062609,351.5705064736697,2045.047887287728
3444.976465623303,73.72290405057586,0.30826212311748796,758.7203244338809,1469.069592687501
4106.1907362866,113.10391700032062,0.572173779623091,686.5141177870362,1734.6067503628428
8741.245730864071,51.187663288733845,3.954990745084,1252.0329362069613,3637.8716047416974
5045.887957438024,151.35041809035812,9.730575336969075,401.6684663628997,2103.3879762350252
7943.335674200556,174.86178504942063,14.795270882768074,422.91789563752025,3276.791322578011
10337.219462545827,83.8579159702501,0.4547189099089564,1269.381727897036,4279.279619366948
4116.167051028564,145.399426589279,0.5323444857632404,803.3354424799425,1756.6787667059207
10006.51869276552,155.3143758363016,2.793482072057519,378.62473910216323,4075.723049291771
3569.185286539213,68.65613140455689,5.319069141561746,794.6439270735698,1528.8483373162962
3461.2526726280207,70.47351450609347,8.376882766603485,1192.746229345874,1530.4357190369196
8680.615400310375,227.52763592733214,4.911699712171076,851.1021531461254,3610.2294521924855
15003.729573437908,64.06518690370314,3.871451877769059,831.1870976732829,6103.230754339886
10441.162839045408,64.28509588392008,4.337516207759202,378.7753940199881,4233.705968508584
10915.480088338136,226.67456547378825,0.3143302964582927,547.7687611854467,4466.775319993243
10768.740887913395,65.77702107892539,14.479778979375565,446.0294911085706,4386.974376961064
9914.070456541078,217.7203448138779,0.5196386855078147,719.1173039320694,4081.863440000676
4768.195920069946,64.63544415089078,13.657220905534588,1272.5160976204068,2067.9428979784993
8541.865925994378,52.94576767784553,0.9148772611983684,403.0073601183702,3469.008575836955
11069.498092799065,130.31438891911662,13.097423437087865,813.64289063219,4554.872539122301
8616.689587992798,49.226561976988705,4.092640161151249,1247.4396859378587,3587.40407642803
3951.4074605052597,61.28383564118471,0.8649609478403659,304.1079593784298,1624.5279886899446
9893.893821825468,209.90186838909833,3.3784575890374784,801.5259661722239,4084.7581854087853
3515.3714382019616,148.34601582970615,14.909523005167571,1146.2564673462527,1572.8077096891027
4518.455431322068,55.95435187771851,0.6978337121851556,356.35917855601105,1855.2557113282496
17532.284698390813,60.45885040799124,7.353436134341879,768.837420341763,7112.919545673612
11080.977383282412,237.77549171811978,4.757956949782053,351.3895624562169,4522.221943326884
2723.4520097204354,235.38773395867676,11.118350893940553,765.3383802630228,1229.6697150471225
4485.607934677007,229.59719248386506,15.509558042993492,414.3771692563772,1904.8646663577038
11895.807320665715,72.19612031640764,0.7280140643332224,603.0142770441805,4834.155601130485
18460.28599168445,228.99696208561033,0.620239654947094,995.0417145759594,7530.348320030919
11063.14432273398,213.97662871741693,0.15866166840090695,1177.7650740449094,4586.067554744169
15908.153099942807,143.53179973566654,3.2539662765498623,795.0835647531936,6476.3569058144
3824.797290505913,70.3275715595991,0.38914557208705514,1275.5682906449392,1672.1249779369098
10676.045459074969,141.7353039327282,13.437360628665646,839.4148295135672,4402.862768310889
8773.386003134625,66.56855627051813,6.6185885466180405,817.1202154440792,3614.3080168722886
15076.27433482965,214.30531713658135,4.935167429427391,428.0077385795809,6123.574322361275
9814.725545959487,159.68391859232958,0.24312573832464224,662.7072824704086,4024.462418956789
11888.696189223212,157.41091685942317,13.525908493094855,750.9467770110264,4882.344199501914
10330.16391207052,83.34197972171185,5.335120127462644,901.2878784252881,4246.8654288062735
3605.4795638245037,75.06709744313959,0.5677203367795971,445.1360613789317,1502.570431661492
11474.548749027075,228.14882947101367,0.22297547398615208,829.2131083288532,4718.705039548898
3382.6232348078784,60.05661233282284,5.198021484442163,513.7831415029283,1424.2359627666722
4811.099759120792,68.32590841212732,0.23501074524818577,871.3452301508898,2025.5921244637038
10042.595135709893,150.9692319081242,4.7674552360500355,1362.3549980824337,4190.618583327901
10533.844934568888,147.2748106212645,0.6167842406449713,463.0056215542999,4290.218674468206
16070.178985293709,223.21667002264994,5.655194310137848,338.9165934342228,6515.089378930643
9413.281793322645,152.69310904570068,4.750004415976483,860.3495255466746,3889.0112983168306
4026.5274267552613,76.58946609758016,4.121476305822892,821.8141300642465,1714.2924913867796
3291.3379145145627,73.86890349780498,6.638928144108845,678.4638543945829,1409.113724161008
9347.73928012359,159.20802878122464,0.6896456888349116,1351.787926519995,3907.150578990933
10994.647445707582,72.58497337515794,0.3245323411525626,742.7957814099157,4487.1423496107855
11192.574596782611,148.9612634310091,6.345989409258822,767.5953227393184,4593.100607787067
10714.87915474987,249.17712434340748,4.271980711227174,891.5302262542933,4431.3480804609
9871.899709115041,64.26149563758888,3.0849924512272766,807.3825869727981,4046.977930147655
3750.884072251312,132.229919856198,3.5531480608249364,841.0417960371558,1616.2335145667175
11286.968630509855,65.8513723823518,6.273435762652111,756.315825371433,4612.999462861534
14364.125117589901,126.7767537759265,12.814630909432092,406.08655877824015,5830.836000033118
4463.704724453566,140.62503158183796,5.670006599596684,1511.778333661077,1973.2897393632968
16776.827039493997,124.3367610891477,0.7545862439477948,428.4094050266604,6779.570987884017
4056.1845946837716,62.54309179526273,3.598673157715097,805.7975429602245,1720.9602202651563
3863.3630644620266,219.77863637059644,0.49336111001806987,875.6260481150116,1677.6035995354582
4454.2573411714575,80.3925124551327,0.5093991086863255,763.7990196776834,1874.9254395904074
9076.631671767525,164.30300842630993,6.150489575999533,1253.3039528170148,3798.069400037973
4660.135495594368,149.00624076607195,9.980517899646461,1356.1050534150947,2044.4367285819408
17889.875690451197,67.02359673915369,0.3917975080740016,1371.0237859778997,7307.045070388212
10224.046483703847,135.22042171274387,6.081190576072897,822.4865830337687,4208.033121991574
3840.494983061578,209.31193694231257,11.761300108288726,1187.4437939297125,1714.4467101684984
8300.021878292046,242.1986240568484,3.9151191370601315,754.7237032126476,3449.793525155043
9599.49927433211,182.39473496825576,0.36791705428157173,387.9645462986057,3915.6269869377784
4553.456606535898,62.68465859493325,10.435353211941575,903.9629140034308,1939.968895551601
8959.24798643485,225.08839469557256,11.729326946924969,1304.4116118965014,3776.752025123092
10033.492524558194,75.13446893870614,0.7742106960118442,958.5452341602717,4125.439743071064
10935.980700653503,49.16379485304972,0.2942950584670835,446.5307273876994,4429.319554558481
9365.641275483618,145.99018505582717,11.009730325449635,903.5372165212309,3882.3228643449106
4331.163227173397,138.87045675658402,17.58660449853612,336.332911592333,1820.2525801277131
10884.400421215123,75.98646434705492,5.726651505688049,645.5422871220704,4442.101667326199
15024.46910851105,93.50758396600469,0.9069477437848621,636.1081602593997,6093.460397839239
15730.199813141608,123.01447064209604,0.33499261285957815,348.3208232831147,6352.017390632663
3920.9421638383037,151.1425351173276,0.627781377550858,365.31259154416443,1636.0783037795295
3985.3526693344447,77.77247271338388,5.057021949581666,356.202643682479,1652.9013595690753
16803.2440996199,226.4915218491946,12.532443280472254,306.62841672464134,6816.057450810972
16780.747570806634,144.88955513056152,5.661908331453495,765.4361349617079,6826.313415342117
17403.70092009176,153.7139656240811,5.963975173027632,328.86034983516583,7034.055158904579
12125.669420257598,129.79870510138014,5.710613200774864,1327.051029069629,5017.49853183144
9304.254773454184,73.64091030322494,4.910050723602007,453.49017959327574,3789.1441854870495
4550.469278003558,258.4171705894376,11.797052139591681,960.7347190784999,1985.6401954365488
4538.184028638281,67.12319684471277,0.8335018737455087,956.2080248922804,1925.5693061241016
10949.280603763673,231.7915121811206,14.913810463354245,855.8420395947401,4534.025463596198
10822.71991810842,60.694114363355354,0.3899021475065603,806.0914193956484,4422.420785276864
9207.63033476118,76.24737989875801,13.378749329078888,719.7082541061291,3790.3405592884546
4292.972764524826,232.5888885500081,15.122679138523202,985.971607557917,1884.9880629835086
4332.120155786218,59.546954794615644,13.657194536547847,691.5853327327162,1834.4017783515035
16911.02356201992,81.41249210891672,10.90369217966158,875.1972148556226,6884.567182984806
9553.323716245637,68.96570765909671,0.2467155093020808,388.2196602658069,3874.3146673206084
6639.846254603359,76.95251354556916,4.177283798545167,412.8931355124068,2718.884243799516
9779.31505833278,130.3524274653779,11.197653676438062,695.2251460426274,4024.115503945108
9032.807600008082,166.78196569124128,14.851433363627125,759.3709618669408,3744.6936793736154
16939.10816663003,221.52384602171375,0.4252086013976003,1363.9537022175423,6956.981218980206
3408.224997243186,62.20373127025015,0.5655315654531369,1490.7072046233452,1525.6497629618389
16438.31972489147,222.75382373479422,0.9141330903043607,1015.5444310797401,6722.804297446978
14535.620764140636,82.98542708758937,0.1876226269628769,952.8244212642256,5926.409267140639
10872.878935196824,165.8998549914677,6.660339342095366,340.48058830038207,4426.3701129202045
9461.80370975806,197.43470833290456,3.982197225962116,778.3891025957236,3908.0206316683207
4317.534952326567,82.51694615685858,0.5287670816431361,391.19673387205825,1783.4301941716692
12179.343241759809,72.67276780636153,4.303800055890068,860.7581863800028,4978.803368987031
3903.3417041888692,135.63586080770992,5.94744732699102,934.3351614081448,1690.8185409683906
14903.028720146813,243.860336252269,0.35648893489805394,778.8781300143635,6088.4061017129625
4008.8695380663994,134.60409255334693,12.055868929850785,452.99192997532316,1693.8516301295376
4018.4778401940425,73.5477210629462,4.626505445124616,1428.3811988911477,1771.878558347008
16981.86344574534,78.85516169571717,4.5726143277592515,1313.6754097633998,6946.74287310526
4138.190373002095,72.9130011133424,4.23710276087897,1370.1429272641985,1813.228696291245
3642.599129675321,146.8846935571309,12.723814795561346,489.88899742082754,1554.4912125169794
10424.135794697175,152.49571286949617,10.895075347794355,898.1681696306819,4306.312890437528
11218.30200751548,117.89017380071917,6.025398507227733,405.92634099493137,4560.529569626671
9740.250213033853,53.093347028095614,5.13927917878508,580.2219247361227,3972.4498658609505
4772.993938546807,68.72045144844542,0.47416833345950266,310.19834860724893,1954.6727530693258
10011.657920103258,71.9313939982396,0.44192631768574936,947.5133677542422,4114.463673092904
9673.154593645884,190.31714675997256,0.5199634170515832,863.2524418579784,3994.430456121724
4608.040736756333,64.46831807130732,0.5723532214122162,834.7242987783944,1940.4409180267526
10444.985075148703,61.379587695667055,0.5029525327858387,787.0346542576955,4269.727841823564
16459.17140058603,217.67994611386857,5.974133022217888,345.43070194823065,6670.708819185336
16401.168332431487,205.0826915661661,3.8997068601047467,368.1019709044875,6644.143628666436
4437.023091273026,140.3544358580636,3.2224138498903763,807.8449105819623,1888.4982355138548
9701.175364160425,72.55444614065688,0.5115617225229948,865.4310125001883,3982.2914787261047
15534.15324175401,165.10833661140802,5.640809705749698,329.3017816654192,6288.074356749052
3219.103738401494,136.78417629312048,1.0959336389233516,384.448233321032,1355.0870544097102
16275.104287810655,70.08175670311634,0.5374440697416426,505.1539836453005,6575.379630934028
9894.846091055828,158.28021428448147,0.5132026847241191,354.03321222532475,4025.7676045288467
17092.87057992681,73.78583108542777,0.6244123829002081,410.3450328385484,6893.876520046016
10624.472671558353,123.92107492818704,14.568290672732171,868.266425863594,4383.252362204436
10926.048566378966,57.76838019816226,0.35862279326712343,765.6049699935713,4459.071533780477
11560.848254111272,132.55411151921234,5.191486905104788,1267.7051083474505,4785.4078651407535
15978.657868585153,163.4037976152149,14.282918083378332,715.7521208903415,6517.143496171206
10221.513396507715,159.56029131943413,3.738755103629646,1439.471779209092,4270.072727443326
14965.101640685136,116.30141880820784,0.39856150886987707,879.2804479065977,6097.826827089661
11048.221202481705,213.49263218985487,14.668743683385472,362.51148896014587,4520.241271851746
9044.940369148395,223.141834175499,0.7728743494200372,347.7483365659758,3698.538659675185
9693.677475461702,137.84628433329286,0.8110387872957796,761.2142055098458,3982.3782257832677
10722.414377393794,218.660028513816,0.7556798160317049,697.1941086061714,4403.550687244946
11412.210369724506,65.10636984375657,14.596069879880286,1102.0821083416342,4710.0077375125375
9075.181116739534,56.531397422143826,0.1492996705014848,980.7671025386641,3739.6793859398613
9189.531178415771,134.0251054532583,10.822961067950903,402.99985596424847,3759.1519196553118
10523.79872717472,145.6092555252766,0.4073848514906533,575.4597032889731,4296.798389581078
3642.4715507574506,161.24315140036424,11.088938812440619,650.910272148169,1570.9616860165308
9194.119251097427,52.00164644147057,0.8641689548489447,761.7169313854763,3765.5159762980857
8890.580578103063,197.23655344868078,0.66284842709234,393.09429956755395,3635.9832445283555
10083.695551534156,232.93052616335572,15.54084198391145,848.1579782995291,4188.1913866521545
9297.907628578216,159.76523561283938,13.026217665446445,387.4460415030433,3809.400029202329
4996.372842968955,215.05240116295204,0.2985482634263781,423.52574460891265,2084.360014276204
8411.989069065192,151.7378168707088,0.6059213214211399,788.435064535592,3474.89557943591
16798.362747371,83.13434225236092,4.198175762829123,808.9896586412721,6823.168196907244
10462.97042225137,103.36602655748267,0.32290904827210143,857.8359748346104,4292.129335267914
16368.068837433353,175.8098355379064,6.766600952203581,448.72987775758554,6637.412391284987
4194.9073616354135,73.45289279235264,4.841551683322031,626.3677286608751,1762.5526236037067
3560.684199054775,71.12523335883988,10.829669727597881,762.7210024222703,1531.015331127302
3703.692658964248,137.07918213691968,0.7178437516574977,866.0433196924475,1596.5739976098143
8980.559506332615,105.95142198696766,0.3371404860405737,1448.7639986355698,3758.7961975230573
4288.395061476587,185.29530412861178,0.5091354723294941,761.1895936610001,1829.2997479909516
10388.484337415677,164.35348755262433,4.7985043632625555,364.3047855222927,4231.892667573919
3160.012184443917,208.71606515549877,5.300239108195118,414.5294662695343,1355.1513920979128
10864.977725929708,214.11505185216222,5.762215649683359,796.2581283835979,4477.083237055202
3418.802688975101,81.54085976390608,4.241542943289618,759.4399488470857,1466.135556842465
9102.386117077212,148.18054147626196,0.5887250912386927,401.5121438774018,3711.624857150736
3394.0007321649136,98.59395138480886,0.3637350907621216,1286.0725433338066,1506.4719401124512
11127.460379321856,140.98365669821135,8.414878220273309,417.6948536976994,4533.572685768565
5209.662067036481,217.9909818282411,0.32054870606300023,670.0912906363292,2194.952975302968
16340.796396214542,146.98961437618752,12.987182476404573,490.22720168351873,6634.219975244014
15648.98203279468,108.6771416173686,4.871682948310675,735.9109913748906,6362.226865001301
10568.444510702748,162.45158196235658,6.800146193739852,433.5032709076421,4313.418667054944
9738.67693257664,227.9520417775605,0.5927276567386996,381.6813914772563,3980.118412019002
10652.60189419916,63.99326914783764,0.6062336480170922,755.5246094491938,4350.301222926177
3439.7622878235297,73.0669919229472,5.318239428143758,1087.038613698428,1507.1995340260598
10618.295066520883,199.0926275476095,0.46598224205777283,892.2266843021666,4377.058193911179
4275.423840686133,115.72085837033612,0.17767310995062713,759.7508891103886,1809.5553065244853
10518.23887397348,172.92081286993766,0.3649171827127802,1274.2154103600562,4369.848628973455
9973.366574860976,72.73051523847121,0.14622355872775183,862.2024978937993,4090.3323181195565
9497.180185680521,130.5070632080747,0.7096990281015738,1248.8654726167129,3950.9245827176474
15305.355714803438,146.46537773389443,9.250826164513532,1477.1393172570001,6313.025532440624
8545.23304047137,81.51266065519619,12.09889653747905,424.6074051034225,3495.0048336361488
11629.332371158622,64.67707377926807,6.375021663788438,830.0885148091527,4757.2397471959
9701.66597931193,115.76718674479733,0.6520628937417557,804.5135830718011,3985.2492817215248
10688.465513617806,168.13808530595838,5.66404890001119,396.1115206586829,4357.1210479242
3840.391972228008,66.86430258288499,11.81280414725028,451.1130002234732,1612.3601556510027
10576.241051549905,74.45728698123561,0.4512697779565923,1523.9711030049068,4398.461892983635
10218.49948776838,209.58050265268585,14.382426018293444,825.9606280645374,4233.485597471784
16926.12456169094,67.04080330681876,0.937857455982313,404.73581373648784,6825.7383528953615
10289.47061461328,55.92502990117789,13.854964242336075,505.1292749171931,4198.268625680771
4277.773704941461,69.5879171697119,0.5443510229281046,704.7474997763736,1796.3183419225563
4049.0408803071664,189.64999705913738,4.9720061058933105,424.6060796608256,1707.4649686596167
10688.655844723407,154.76235354445754,0.7047104118468136,332.293620201876,4340.701236236212
15284.53388403465,216.00609672801846,5.320687177975214,665.1153670334933,6231.507340429777
10958.266760547716,66.99630221113613,4.577708121279386,749.4575730793453,4478.518284151168
2871.7104524254605,183.25691793009918,7.973315137647769,1385.4341498238173,1335.8389522450577
3527.841535800677,71.07425849658988,3.6869247862201187,609.3726909181142,1491.8191222907303
15575.908501425278,218.91752308595665,0.9196473919592052,760.8973130778471,6351.616107583027
9216.330308423956,196.01898893596012,0.1084047799016592,869.1440832783455,3812.8129366544617
3225.2578701152906,122.21947772524783,3.3241170993489764,830.8780306270634,1402.6210223028957
8886.750882565175,64.69401822675263,0.46324565804438717,739.1950459136721,3642.2535297498544
3853.57694254054,162.1840209892391,6.618858273917602,1172.0248375316569,1700.9983523781061
8460.516617503943,234.70325502077196,7.696364296805964,394.0690783844359,3482.0987522893847
16720.298979499625,204.15563529277142,3.23384630690741,658.0755671183448,6799.609045030601
4376.101282748927,236.3366115652711,7.099780227652284,1229.627019216984,1931.3202076758018
3938.194243944988,111.49440234494571,6.037348208158238,701.5904068855027,1676.791641047772
18685.585689066018,77.57923015745408,6.461615049659523,955.650147703557,7595.007559002744
9528.673303839885,151.9367642479878,0.214071605431698,387.55941507315123,3880.933723301014
13134.409080909714,61.46412177443006,5.1643918732453695,714.2178664257492,5345.224831171216
10819.834054354715,132.7430014185312,11.748383530946697,445.83128668531555,4416.687925990544
10438.072184706487,215.80051776956958,0.4606832176840653,801.6787616156639,4299.247878424601
3872.5058134145957,71.5337115298273,12.669317307020174,1262.8177685924618,1708.5948204915799
3571.6782114630264,169.52101422193905,4.636989845596052,623.9085139707496,1531.9218235950677
3387.128587654611,75.46988405844719,0.5608842043147484,1363.6951605624952,1507.1562542362553
15589.09597470822,74.80966558743671,5.19653083195664,783.7730964909109,6336.772428897802
4055.781155488254,84.3798210173601,13.950963069704695,347.41966930191654,1694.8568379335225
19692.436944777597,57.3795991039312,5.191998646934195,423.03235227353804,7938.541930929581
10177.443709486342,158.4551335282166,9.65792412284969,850.4981360892599,4202.205210293381
17883.460550848784,71.6110799742833,6.394099252268298,1248.019377834439,7302.099522996216
18681.767189086982,78.99565670928466,10.341611473798611,405.4887509490076,7544.567299282249
16386.44703520934,65.43025328492408,6.045356456159396,667.5617276694481,6643.4890721919055
11825.822170158794,79.52076056018251,9.585475483404299,679.8194850306949,4828.59318190373
7993.628302911858,71.32793026609671,0.5184162795863327,421.73297577428593,3254.667829214771
4428.005088845683,185.1669636125638,12.302967276298517,660.8416453718035,1892.774043712414
12481.236190762942,184.70170983947145,0.535207178503307,388.4930651519482,5069.086935556022
5135.475799251868,75.4569470702991,5.869380940632554,787.4099775351453,2156.8267782792705
4405.681122560524,126.5593467331081,4.608809197620503,445.2120544620458,1839.0187376134668
16439.198725307564,189.94637347757867,0.5860609777419612,360.11034501700385,6650.558890786855
8935.943980609496,218.82865342005175,0.510647386026545,1146.0282572255326,3733.5121197294025
9455.627994726725,212.51556946226782,5.887529418361757,425.7061045442731,3876.156216365114
4126.291576860218,65.86939167891254,0.3787602435351855,592.5118065443536,1723.5098300996078
3632.383704558787,228.65929034266424,6.122193919991801,351.87974945531744,1543.0566057175672
14265.140054336045,64.07338934528167,6.536488296067855,488.6847265574512,5777.5439047033215
17366.039775860878,67.45827564904435,4.8894568290595,582.3947891985522,7025.481229637606
8230.401588671486,144.31854243969698,4.825404733805298,829.420661034174,3411.204517160659
11207.222557333756,95.20221226973865,12.64237672733447,852.2439664840381,4606.117427126856
4648.113049378559,144.2412785687917,11.308730763203036,395.4872106399761,1944.605292673984
10629.101451222848,139.79381403341742,0.5107560163830218,870.5902026517974,4367.424497585578
9155.918130302322,74.92953417816423,0.6942006206673356,881.3809349274453,3766.532553380307
10700.188505286505,80.78670469819464,0.5047488124138986,1450.903062644194,4442.080172537281
12126.03875352415,191.32496846228338,0.4494962112253706,724.5286726155675,4961.8076066805115
13992.510697989786,223.32319463472749,0.6265991583128743,884.0088213295921,5731.009698993288
3698.5533355560447,141.3158944949492,5.449244137480244,889.3504969839886,1604.7934290260268
3937.8672434115224,208.721042820811,6.0583795567787995,826.9291022288924,1708.6715854868285
3639.467572278504,153.4707404566272,6.556060173520979,1456.3701755068298,1641.9522848136914
3633.5846084405475,107.95100151079876,4.000116689828507,267.9180702326928,1507.8160257363909
4317.585199158163,77.55990013712167,14.934249926405945,863.0471336109133,1851.25214794139
9320.972043778178,143.78069615339376,4.201227661656908,738.2761152689294,3837.2744097613286
11258.782112371371,144.77631681456307,14.210691629202913,1412.5548840953816,4695.039634164804
9050.720308390502,263.1344346228265,0.4722626200457573,461.2837760248108,3719.7517818133165
17848.972729898265,209.84674866322842,5.790743066530001,377.11727342429424,7227.956283634176
10091.260590656166,77.08945287343673,0.8765077178951175,775.2679292548662,4130.763681339483
10605.255369682494,180.8971997993516,4.724365833150875,388.8529380701063,4324.2534303896055
11043.216354345432,74.67107499128483,4.329730311388714,851.1420256243608,4523.829554765948
2913.0622078096276,71.50486777839282,13.51705846279866,725.2935404097425,1272.330798414702
8772.256656661542,217.3342331741164,0.6863923785941043,1335.7723716574058,3686.9763350330722
4127.21649689354,159.5238300813708,14.904030622509595,406.44246913197173,1745.791657620652
17925.03543208752,81.1014665719704,13.2202875795741,606.0221505211049,7266.667112570874
10289.744151985607,195.035867077284,4.382136720917238,822.146869314627,4243.692726222539
18122.98828089041,188.0947951561026,0.3910038647981299,1303.456547676608,7417.746431952243
10820.217255041769,131.01223988639947,0.3886928818806054,499.7202511521222,4404.84441443202
18662.832033288967,64.31025001646236,9.806583445099063,402.0668679872576,7532.911425285254
10325.649335700471,144.99183549867163,13.060963586129695,793.2778455945194,4258.1773313185695
4394.645469165071,67.90258247984504,5.825250441220559,385.7761463541588,1818.754194459244
3431.6995276606476,191.75882937619753,0.7945455474250107,451.6537245845386,1457.3887677190903
10053.064273897438,77.56333346003274,12.55829554010319,792.5604111139172,4134.831860672529
10663.783297588436,159.06439802224685,0.5052143948412596,1319.7397798917455,4430.05799822126
10683.11451901074,183.60294612829978,13.340882356496419,1474.718178468268,4477.4495382115265
9369.238207357614,149.2452663241077,0.3907570942995171,407.2071339566801,3818.8511852449847
9547.046984984334,163.4972794367825,9.596807313432274,1380.6202097114874,4003.975481822388
4380.132107146645,166.4189866352765,11.875232204827581,397.287092124542,1842.8781977054089
10344.901148878593,71.00469353602581,6.310098550633634,825.8319321987498,4244.209739304468
16394.86997389185,73.27018898922331,4.582883430572471,656.4185429244492,6645.118206792889
2971.622600644266,59.6408863809384,0.23143459342158496,306.2488894505244,1231.5492583690789
9800.31228890071,75.13933867745806,13.529341073548593,863.7129487195537,4041.818089778054
8948.16228218067,62.734649789548875,4.764886910692317,445.8041531366161,3643.5395885098783
10760.937115530469,202.5660498731114,0.43941548513632345,767.6015637883384,4422.307335793348
8798.278366845847,67.58799467403523,6.609046396169565,407.71137103209,3583.51365237061
3564.2702271224175,146.47367579382345,12.736252499807115,801.4652605938954,1554.2537308168319
10247.901621330398,69.32999924498719,5.691135709145881,887.1630224442727,4210.279654189304
18375.362803114072,167.57266522769106,4.8802991455778635,425.21333388430037,7433.501436397964
4407.677076638428,160.16064810136703,0.5887756874552866,735.9020284199794,1869.5763266488257
3936.5503240870976,81.6785840838758,10.807273861905358,776.6405059921545,1684.8308078436876
9304.46414899996,67.00060909627334,7.229965889853174,735.0039143215802,3819.531121686176
3856.3903990020845,69.0224686022299,0.5106995885968644,354.4520085129854,1592.5719035554737
10546.002230249007,151.45776997281288,6.019719847114931,695.9620043304814,4327.318226297886
17955.09214345454,175.1686726045187,0.26087358192565624,713.4631492206896,7288.808217197678
15982.04852754031,145.8023458131072,0.6890564875018459,405.3186893686709,6463.545333846865
11132.971250427347,173.86295960833291,0.6719011166322121,1291.3033682006972,4618.099280587623
3208.170608684618,216.3127448442558,6.731642966992693,429.6243021972436,1379.5906871129118
17034.72087730038,80.51623977028848,0.7789075529102678,908.7056552787672,6922.030525731452
9847.38347107253,146.59229808260682,0.8172607630632465,1369.2006410254887,4106.4178032926775
9015.755967920835,141.44580066236813,0.5004863209419239,412.6277870722604,3676.605055489447
15894.973462027396,173.2343617033701,0.20752232261148046,1182.618083018061,6511.2093489373565
11110.635774710505,226.58313631244846,4.795686784263807,797.6637738358502,4576.530844706673
4228.8533333588675,208.6480320823239,0.7246465056902635,671.9154631614266,1801.54945583469
11129.27794247971,67.19586589210917,0.42157025125726794,1379.954059149204,4603.778111462112
3753.4837549736717,137.2955572721206,0.5338683857172452,862.2801823652421,1615.881434258993
3912.1615877781787,64.76447133308854,6.57331769596061,710.3578196339867,1658.713287885229
14771.487434296463,223.7675009882727,0.41158836234758434,1455.4740204112463,6099.513258500887
10244.388451015151,85.58160534341113,12.442559835268677,803.463244198861,4213.881865647532
10435.4571357144,177.15785449145173,3.4165858196066807,479.1487750825493,4262.654181421715
4534.216439818663,71.94411665522789,0.5658904313887515,341.2628406970027,1863.0505189752944
15740.098483681737,138.4391077840412,0.49648522572708365,802.6397768257195,6404.735920550666
18079.737968142428,79.97324621911469,12.057009227454442,836.1427249024116,7349.589622832217
14226.688758923365,59.1214419898704,0.4520229674589942,1378.628988237061,5841.040725242214
4523.9779264046565,210.63657919917637,5.3925796220222715,342.5601756574806,1894.0633734004796
15326.73620758251,108.96762457827478,15.441765554072308,411.60797093133726,6216.811453372901
8667.26224924127,190.05492906608518,0.758315051920293,842.3756117517075,3590.2909192627767
12061.733789559781,138.22121556211872,0.13589611570038823,715.61860565601,4924.1034636754885
9259.02090185433,207.41054887837134,0.7319466980280238,408.408629808068,3787.0292535452554
11302.350309453943,154.15042118375627,0.3266666286307378,1370.3200939483327,4689.292217356108
9129.206867562163,212.62339059875225,3.8234952323324825,381.71299812004804,3738.1139678051195
3629.9166080923114,150.93446506681818,0.6381718924033803,377.1652151928743,1520.827315608181
9755.940343355782,72.34397729459143,0.6260162807388159,441.6704816046874,3961.951005382808
10654.846066334938,70.10821774440086,5.864869143031437,747.3764260011401,4359.495016397516
9463.508394878067,66.13900886295465,12.305206803469204,1481.7299972665658,3965.261969655678
14426.00796665333,218.94080733487897,4.76898083016202,463.179382547469,5867.662757628298
17198.377690597106,72.99321458461262,4.381789512085065,725.7038884997427,6973.092792273867
10656.125690852992,195.41528583053906,11.069952686543083,696.1669484175674,4387.7549573788765
15599.895556443951,70.50831260203748,0.3389686254888743,425.6879657980372,6297.137134616025
11104.237255820357,83.43692417458945,4.490352865970511,1178.8868386659858,4583.006500328615
3093.690285201214,58.62993766173915,0.3159402337660433,824.8820961004182,1332.1642215735244
9930.742725948085,117.85403128037619,0.625587631215045,1335.6458489550275,4130.370862977634
3572.104880891801,77.85141345995363,0.41647971407429873,734.9789699266215,1518.5348516124848
3605.3406772140647,77.69748327587196,5.963882401050631,962.9669896553974,1562.918290107916
10837.335698254974,233.21724476707087,0.9768020468113465,348.3861179754318,4417.881543123164
18158.875892225107,77.78333206263852,0.6564848391371224,379.7540248566701,7318.0671530469435
4432.157431371779,85.36652974074892,13.665670167092369,836.7735456317927,1894.1121383106793
12209.41522778097,86.41628349809352,5.377782702175525,1548.8842123344195,5064.004443098713
9891.794180943945,135.72898743332644,5.30284916245419,707.3391387915938,4062.5516574870844
9005.655181049595,224.3710406568068,0.6416804109940728,1366.813973876535,3784.7801985553438
12017.716978593371,240.60457253999914,10.92473218440516,842.0946743977172,4955.804271661727
20432.382952285905,75.6074816476715,15.137721642214212,690.460707206783,8279.827330427897
16246.342969361513,161.672843125648,0.5948331824864622,683.3946797762593,6600.10347412109
11563.126235844147,72.31197217861688,1.0415640089145457,396.15547252185706,4680.89078203894
3863.7738408899595,134.1605097947711,0.680071118747056,1263.1535594859813,1699.6771009416568
4381.7359508751515,144.71985573228704,2.769082092162577,368.22066960894915,1822.614041595657
17242.423799665477,59.4185575160722,0.43313880395047527,555.1937079659269,6965.0223103719245
15425.188691938618,227.8713788408175,13.283296241583521,1152.4619439081514,6350.820891296801
10768.245475181091,159.23744239038857,6.6206501215526306,561.6325190443268,4405.239905637276
11230.278898727196,117.4721564815693,0.45680195954561875,695.295561557506,4585.820749882261
17006.095221196872,154.75595389151374,0.4980942314125116,1304.9028588696976,6964.626706491141
16734.82601246914,144.44174202285922,0.40518330522191487,1310.2366922346805,6854.450197573529
9806.299434216735,95.49220400106105,0.38612846517930605,770.274751316034,4019.2248823162786
11061.156673298596,78.64852564079793,8.22900131729784,774.2402290777641,4529.959899331321
8973.538559854818,125.19612508118297,10.707978337623091,855.5204278098189,3716.068659245581
3470.487926217848,63.98540868658279,3.7881196376734563,831.402849259876,1489.8147166069534
3752.470273537584,70.6725563408192,5.3170416867887855,1370.3155234964613,1660.1297355630268
9735.596068645864,64.93114438008695,7.844299278131637,1373.9867411678324,4056.3897793683436
10422.42635353054,220.5993020481921,0.16917716609474143,743.594667967164,4287.703634367713
8775.3993067107,170.06601393472457,4.33295899537296,1311.4397473115885,3681.816338695444
3202.019287722086,78.53122056012198,0.31152552455823057,1151.6512646590784,1412.1463739536043
4799.104411393016,62.93392535047013,0.03715661694073896,818.0313055990026,2014.0874151126118
4825.51724924567,169.96681239001566,4.256089906097502,1258.0621744711761,2096.390614482535
10345.151873618828,216.46594812817654,4.835649107871404,1368.5942759327845,4325.466840328252
16599.704674204895,163.69920754110217,0.3804913637151219,839.4347569599701,6757.135923931749
15933.94295768578,135.2748690721212,0.5248731929564437,379.49878903976224,6439.369345582148
11927.23635413406,141.50740861616111,4.343581591456023,1172.7031554354178,4922.981711307583
9773.26249108696,121.55632529846832,11.535189601374709,805.8815088496958,4031.5071967815097
10867.358226697175,256.5153897042784,0.29313273224710773,834.8074357241759,4482.1668112905145
9722.487955348257,77.21922893120984,0.573323533598307,396.3732888573269,3944.936342111675
9918.102019652493,88.09971217501848,6.390746535780716,1156.569102260114,4110.103780325684
18421.105082517206,172.0414266983816,6.632846632885119,1351.8633971747483,7547.985928013361
16198.623441960539,74.99586364518176,6.1242793287201955,1292.945699428976,6632.92953844923
4951.060450106325,187.22255534971686,5.569823400918406,1320.9477117791103,2158.318197391762
3663.8387585288856,202.40138697055949,4.01719026619794,470.4894384981985,1559.090510054783
9440.67746207479,160.65128385712936,6.052049349003014,466.04111734393496,3864.08342735924
3843.4713484310055,72.1922110367519,0.5150899711109619,700.279228611809,1622.6275393976
8937.958458177762,92.78106600898144,0.10734562335312858,760.845006836839,3669.985115591615
4062.157566767697,68.48701120741914,0.4974434980222693,835.4134709502874,1722.847941290625
9957.436451829293,160.91729090481576,9.664727330382801,741.5718385948701,4103.812313767742
15719.304563884223,66.24874048074267,6.522206829097998,737.9703971032873,6384.551923603814
10860.696454680254,234.6938603463974,6.5347321291821165,751.9973020381262,4476.219182338967
16683.800170174505,182.48160622512665,3.976967572969807,902.3562034338402,6806.217461017667
4148.09787522692,162.898746464262,0.25477076054133296,795.9105106093432,1771.792106585367
9813.642686976027,162.35173255229628,4.938601103766469,454.2616651281145,4010.7614894693315
4338.159325228336,57.022405363858184,9.957228628163064,862.5218787836154,1847.8562419847121
3702.277916878056,134.36883897414342,0.6480803845036293,395.7590550045176,1548.3329606232583
9142.008756666335,222.3321736449482,3.692214177522498,419.5431569547321,3748.7625743572808
3135.6377128339777,178.25022328605965,0.6560489015513309,1447.2284889203383,1435.612052035164
10723.574523226362,58.08778452428134,11.970991443118246,332.34273860373656,4352.238127220452
9411.467758687477,127.63917052894959,0.1782878494301216,1236.733931781021,3914.0557625330284
13207.547235464175,73.16417242850045,4.441245150134804,362.8357003052888,5340.597166427101
10107.098705213291,191.44003435024575,0.5753653083861479,1213.0843010269323,4203.298967020638
15855.087116597162,78.77484620618603,0.5195265321531067,1263.647958398634,6484.933901518196
9761.480393984324,129.74063373033982,0.2656947365414297,1217.832980584867,4052.722124503097
11085.659795940117,248.70819675494977,3.1418584346583582,364.8358313149856,4525.2019285105225
10188.861191887076,171.8068727918478,9.42251877281321,856.242194310037,4209.663848903424
11150.946577914756,64.30805290916062,0.479421626297024,399.37475392192613,4513.896849579372
4214.336303353811,70.15732646911472,6.1864243358182875,366.74141052105585,1745.7197641911805
9423.894882453094,156.12462009755944,0.6277332425979214,466.73254489120546,3848.3977313537675
10035.185419026388,76.35145369773541,5.973508968134122,389.71282543511677,4077.276004345815
9764.562836029354,70.23213590751071,5.588670355275157,825.8584757752565,4010.840414703682
3533.8936575388925,71.26683674526976,7.115675818843323,846.9105492424318,1523.175399017119
17328.946970110264,76.00842222797579,15.245804596715683,870.1667933346109,7056.6658587182355
6875.211410273254,139.60017212559544,5.88182927506112,905.585143382271,2877.38585678524
3569.5915737179207,74.15277110845095,0.08973568259160192,1046.0606689527992,1547.407854128026
10576.180516465301,161.91764380004244,12.228813564938148,400.83189572613327,4321.28214526615
16259.421463125385,74.71801797943445,0.4618967481342104,1228.1744742674127,6642.222481394984
10166.132139518848,211.29808657046675,4.1168211840494235,692.4999126899799,4184.137696166705
4081.398476329799,200.77423505760254,4.055353095213944,387.1775147735392,1717.5150186636151
3823.643992542883,133.51122212220469,0.3787998413561194,354.6422139079738,1592.192262594426
13563.36524939143,61.3620427335391,4.683998720689418,416.98967714966386,5486.343474099282
4116.23182728013,63.4068387520497,4.907323874993739,850.5441045581146,1751.589494930764
10676.274312898817,125.49766053054046,0.3426234740043848,806.5324151916835,4376.77643399581
9361.601634576386,81.43821562311537,4.280067983524598,815.0098129011905,3848.8493802205835
11387.174162326566,60.20762261672324,11.562619975709397,894.4641503346394,4673.701534450999
8814.090440381291,165.24250705586914,0.7001781915537327,638.3420072424021,3623.5691455752617
10054.25224054557,78.07412409772455,0.7938862734008889,826.5616141968072,4121.162711867555
11122.815422296477,139.1251007496662,0.7416405203158348,388.8486383565626,4516.948513684655
14608.782473620764,59.60293855850064,12.012957717056237,1206.8173392885346,5994.134747664444
3960.7290629204304,77.20547053720477,0.4370914250477311,313.5503449914506,1631.7433909123297
9782.388899533778,206.25183435740306,0.4602744303027638,837.023326846254,4038.5986710150723
12916.969084367183,163.5722217825118,5.249115886520943,853.5543590320412,5292.731187836361
11275.118891191456,187.5425417735517,0.14917365682996703,740.5988013040248,4621.839705446941
9921.842694881423,237.21844960209387,-0.004842574145630385,1409.6834573096164,4157.141849742732
18273.578700746624,220.42051366266185,4.2493424606443515,801.6717019621765,7440.0567669183665
4084.219281498653,205.78117662893766,0.32147064836065153,1294.772689617948,1804.8034228595845
4507.813589971792,203.00116617306983,12.844608236091773,874.9529578118854,1950.4878773586572
17692.41607797463,134.0049699405082,5.490663478215841,1304.5215101090098,7242.455571406178
15046.921611440914,167.2033910849462,9.83340464420689,338.410451166855,6100.800474876351
9469.355809990338,176.70154232087438,5.0565959000255996,390.67237282690235,3869.734763593039
4066.9450183049184,214.6427956157668,0.8780321486039651,1305.910569482538,1801.6146716162802
10266.97140341706,147.2787263603217,0.47175094196260275,766.7624214232525,4213.628175194158
9850.646532076675,155.89965854564008,6.09495494382489,772.3999948816374,4057.8209764436997
4508.3144387184575,136.40809659829688,0.6929809244334191,398.6081582063376,1871.507682014326
10565.10066930365,88.24293265682891,10.411568821815768,949.3226122806451,4354.2384687136155
9024.341948640105,147.25739679124183,13.182541212931964,1266.7598529372779,3785.6380559274166
3970.781451081976,53.90013051318502,0.6341538324670793,794.1970942673199,1679.46354671086
11563.846889032055,148.50632445130867,11.210102901626584,1484.6060144106511,4820.515776296588
3530.437757008908,86.81663346979596,4.6819011336609195,414.5000872203248,1478.0112899200462
10014.009609646684,145.01673503428526,0.44402904982118196,1390.5529447319186,4174.328528913455
8859.570186063982,190.24316514956678,0.4715830626199183,935.2332093616171,3676.1074029855977
3570.702960144968,137.62483354221672,0.4304551924997443,750.8076131022184,1531.532594865402
8418.415330853028,152.8485956715779,4.6377507140416405,965.2314540319651,3501.4156229497858
10893.102004543154,143.80866438194727,5.493543828355248,1307.5726026119473,4525.000110697379
10389.387549793822,68.04334325418418,10.949167658529754,748.9168019612168,4260.679120252283
3667.9552321873844,72.32729478828824,0.9511853955625971,879.4600378000422,1571.0203337059597
9894.642733036488,72.69031268978885,4.296287998268769,749.9393176196751,4053.8335195119234
4229.513923904186,142.43037322593213,6.807432903553615,550.8934298186168,1785.5921365440531
10061.631052719373,60.88082474268285,0.06399426955125564,656.5839478518858,4102.582972225801
4314.506815040193,121.33281679856745,5.144155971386575,1161.8202577909074,1873.9675491119613
14733.885334399434,151.20215713061637,4.706205921202834,1222.8894347821908,6053.1428175459205
4593.49356247006,75.25246978145968,5.224766456245569,331.90109839475076,1893.4751784681596
9575.131201185965,131.1473930286529,6.790386385805528,1253.4653952096417,3991.814078179789
8293.408126409038,122.34117117309047,5.92209668924356,1184.3115543887423,3469.145785270973
16723.564909134602,71.91825280179339,0.1402428783751995,311.27768587189746,6735.147747118952
9380.135375086376,123.77620774160057,0.5333501232651617,384.7879731749898,3816.0882140852673
9043.844988717261,149.26237309880915,11.075499316755705,406.80099310122347,3704.683818391922
17593.73461664497,135.9735257974493,13.593146812475316,680.919012588417,7153.170173295033
11175.51597561122,150.5077851074174,12.077901230024663,414.7211034470069,4559.89690945571
13984.25365108183,137.07978174777992,0.6293882083338687,590.9154240757288,5681.153041502362
3240.1611554419233,60.6560603367746,0.6506775994901453,453.25475906710835,1354.4971665500705
15586.292882377382,76.14031114595227,0.33832292588137725,846.4862125233392,6334.9013208213
10404.559995799516,74.78491958280992,6.106992049414275,593.4693502886109,4245.288405339352
11274.794684714643,91.76371027312393,0.6640756590950314,1261.746528861362,4655.441382315261
10952.087040244918,192.535268294998,6.215335614480568,878.9980509664721,4516.564678275336
10562.213159361243,66.81331964537753,6.5044844835187385,372.7901669846003,4285.28367109731
3533.71675356359,54.10297197725153,12.23039260648227,749.0374240663605,1517.5566271372456
4895.309650635283,67.55547303814085,0.3553247639393239,421.2534930740468,2014.293291315055
8568.013117703973,70.05895794685188,3.667667869499592,1338.6758865285415,3580.586129128063
5062.302676225429,50.348643047901355,5.120191402042681,349.63051546043187,2077.6341377488593
15968.533687673036,129.3013194576394,0.5095478710279727,324.17591797826947,6446.455652565112
8226.430785134138,124.88031566882219,10.523277957963806,345.97887404237,3365.931181528603
8121.650225103944,69.00666624067318,6.328262969355968,809.6350069503756,3352.9173184387837
11025.248520931225,73.35841227382674,4.0982918369564105,398.4759205381515,4470.766120636506
4576.15264974494,111.89939004477209,1.9423399998481194,1243.239486506169,1980.0783965573196
4084.878252036692,238.22709782825874,0.495174922587369,1332.2958076182263,1815.5690635260323
4129.915434858989,82.61384175385238,0.36074835331977123,387.0591682039371,1707.7359816447397
3864.6229094444393,225.14432721050878,4.695636750013058,708.0245859031404,1668.7239429352112
3637.8146755286425,58.92765953115928,0.4282923647401452,1145.0807753328065,1582.0619181980799
10933.469762552715,211.14532454999278,5.782393039186532,752.683322416802,4499.558891731545
15744.892511621445,176.09557951519506,0.6478144040479978,437.47612013109205,6377.895454170799
16543.792396254063,65.50242540320127,0.10349552693685599,805.3304958158741,6711.305736454258
18248.456041059777,65.53403581576397,0.6607789378636206,936.1108319683135,7407.091475190691
3677.8532606739846,64.07709176749162,5.479780622357244,1396.1771502883864,1631.7941085854666
9307.129108730673,169.6513760708504,11.942860594972842,1001.0115759619237,3874.7973671950913
3921.2534180646308,207.65022570392318,13.770120332907888,386.4133593908059,1669.3279288050796
11201.536306056867,80.242722288557,3.3465967273430923,1032.9613872620012,4604.979100697673
4851.9080020777665,67.73247937417402,4.9932527836890594,417.22195595629125,2003.521771477104
16309.832356184535,76.17554313301358,3.723227374850246,481.8993610555886,6592.942828268251
3782.3637285186624,63.61417282673629,3.5621495735189574,640.4181824851321,1595.0533685816038
10577.697381926513,181.86265805829078,13.861128411915384,394.9831202976039,4327.741489029897
9633.396059726581,59.88947220911168,0.5525157415349246,398.55735729707135,3906.0208276744647
16753.20627968958,48.31677611622089,0.030614850667318505,426.27421484014275,6753.619210859092
19474.263510409844,69.71561295040536,9.425201830222369,839.6854439177657,7901.75487389113
15418.020041571628,236.01135634136534,10.763430576034919,389.33314938241205,6269.4887486992175
15976.904951417844,148.3594333716217,13.096489979727638,740.1636787796751,6514.094970089021
10248.156313881489,64.93276963272443,12.47092112224566,1423.6077464554703,4273.316235808056
16116.277310153071,162.0001948912702,5.570575171282594,836.3638995004363,6570.903215746451
3580.3372873213266,242.42384886895366,3.8164843616663777,1317.0411661840324,1618.0485278632243
10347.688254754084,207.9863034541192,0.6426751296270257,1279.2650674671625,4309.563082033614
3553.4327604061073,65.97571446212162,5.90359290231992,738.8465049570209,1517.3082869040495
9515.994713973001,220.51378917480713,0.3752012729054689,379.1743410195704,3888.980879435477
11070.530781889674,157.49464478555618,6.928451191872808,795.1155950118474,4549.615478001975
10655.766423633782,61.76519263375957,0.380551060893453,425.92186506489116,4317.822621078095
11202.451789550127,79.51774255413946,5.376067640191693,361.4119543407917,4541.089561225246
15360.789148745467,76.73563958241303,5.245214480559858,334.3352380145775,6200.964132936967
14098.751161258733,70.99404570613217,3.0112834553675096,825.2040969662963,5740.736608524401
9540.671558495045,129.68307868618015,5.793658780672622,472.16746473563825,3898.1124737798273
3744.3714416267603,120.42623486710136,0.2744088131373119,906.37000185354,1612.8824370291845
10586.30740528951,74.68537778493545,0.7089704220874313,830.5973713519159,4333.583230441114
9485.266432404038,150.99892953702422,5.635696587045191,664.2379008409708,3899.183693833685
4035.990000543689,191.1727052529346,0.6692278718718979,1071.8245413924224,1760.8168372151126
10666.008484025853,75.82007149282168,0.21887516233073134,331.30818464080585,4315.026539116482
18704.477365832678,155.32773385666,15.902117168163473,1000.2749293276225,7636.737161789411
9673.006835158936,160.6262997827803,0.5289562657578462,370.37941111232544,3939.15936953
15698.676158511107,59.267740522822415,8.863861146374932,400.8126777110399,6344.701070999674
3975.347342021764,75.5912821097489,4.5984980566356075,705.2276496317913,1682.677705278788
10580.621901527786,130.38399760315204,12.408147192442772,811.3369168088091,4358.071472601289
15008.513667161344,53.31389104446442,4.70147575527446,346.2375316988679,6055.744211876229
15140.93503107678,84.18172107459918,12.465610074271142,780.8791198504674,6169.996683742086
10337.033134451389,54.27302117007951,0.6526228426766333,439.78897958483833,4190.625690237071
18426.859773731197,154.156382023752,5.028142576603937,1377.1816668607166,7546.835566448207
10689.204049372556,103.73833383485933,0.2672090741201322,861.5201876540182,4382.982118892576
9900.569118969412,225.31689139115724,8.195838197416805,694.0816840993191,4086.9929515720532
5258.587269830215,123.5335207404977,0.542184997900641,1240.7596108645073,2253.030850663487
15398.83641092943,206.73089983914895,4.529053339470626,970.2180926507099,6304.69613361388
10878.123878522654,55.69112421727301,1.032769449975525,373.3789365852333,4401.274824086003
7644.08829527831,211.55334978473542,10.723191172532134,1186.7419309321822,3234.704967920288
3982.9429868189777,52.15417257885957,4.988343717627486,1103.728747151873,1721.4634195349915
11149.398252876881,72.39002916787877,3.4470400701352366,394.6537228258563,4518.873239372117
10680.893952005063,136.2168129462298,7.075762224960952,1253.7469896615803,4435.58928569487
10091.290841357899,69.46533134751614,12.892873870726394,888.7254597894864,4158.621259597701
4037.671226067672,226.4090478396975,0.49406620759729636,985.4032301202348,1759.6317223184278
8142.830787033924,171.94545983781182,12.41871610134911,858.8950062381065,3396.0389815569665
10298.633265319928,245.64669562282515,5.460003359895873,835.5088207031478,4260.323532362695
18824.398075539648,64.91869268655415,3.990696453247767,592.826668932316,7608.011680326274
8639.329213565565,139.14870884949323,0.5286843969771279,419.3716145811394,3526.2916152497046
15742.442899591988,172.18613257106043,0.34834250542739387,447.2257442987734,6376.659474539026
4937.804436434719,64.4486454086314,0.3494795497617915,849.8274281708746,2073.518465797344
3717.242800494046,148.5375701382163,5.420604941750573,445.41913917240754,1569.2774555551284
4816.245050830605,125.96665564480315,4.254881196897104,415.71437589374733,1999.645110845923
3644.013938745896,75.42539054081479,5.8786539544984056,485.64787306316884,1530.073421844586
10982.707204004038,138.28301962615484,4.855420241568599,1118.6133264260886,4539.883948531808
10652.359190416664,140.33675308129114,4.551457726772839,296.950015977168,4325.5332149708
4730.313022807815,71.8544031369169,3.8388052128422663,759.0025593866928,1988.1545535084424
4275.536065636973,203.76995839118368,0.33748571426692847,391.61312280540153,1790.6359587849668
3489.227803115059,90.08846618537797,0.549373670228266,359.0689218650532,1450.4397671749468
10995.123387079104,247.48194584784514,0.9384021545578021,1301.8135636554932,4579.134703598597
11223.902870046535,130.23436115410482,0.3469296651692646,910.1584517507247,4607.144259922261
4305.850134634255,128.83733353272424,4.490081480300018,356.1285787761044,1790.455500658307
7988.976869134087,123.86880949343097,5.408302990421717,1319.568602324452,3360.433824270399
9455.985602336104,224.58274250850954,7.494644288302757,704.4131311605911,3908.994068984657
11922.52780282086,236.01851877573193,12.909651569556821,800.7783023945101,4915.657132477277
10929.856745936138,176.96273138559783,0.6038732734393878,1286.1220989628641,4536.85326445802
9470.80141505496,149.7417725883611,5.440402429479743,308.9271106112242,3857.322235244999
4768.435976142146,165.7313619136666,0.1547704958223568,905.9938783584996,2031.352206419175
5435.006859252186,219.0238436608196,4.527498688808574,801.6355167340603,2304.7623121396573
10583.758985123059,163.65855748711965,13.464061860613022,1059.7512874525505,4392.406527082822
4779.569293580758,215.07112872468204,0.7136725338404173,734.1643701765892,2029.328888995659
9310.891771190532,235.77224451925392,0.6190562762515248,802.0320427636218,3852.642946070803
16614.32622568478,176.29571428565342,0.5431784898062401,429.11394240599856,6724.715795106353
10110.663823993893,128.7133047417818,0.6925438960363746,330.4779496946459,4104.094801359433
11838.993447115958,137.58133092731313,3.3278606687277543,1292.9338832269405,4897.398824357632
16944.175814146434,132.9273331560285,8.809761235489212,841.8697015173566,6901.6574042947495
10775.49884530607,237.30959707766684,12.655007658537793,732.1183857357728,4449.855807599346
9691.92970184576,136.2254173284616,0.3467269915450605,391.4652951391932,3943.6835842052337
10612.36107791828,142.6086428223847,0.3207896864361168,676.3525619965284,4341.582600461096
4216.156656568419,78.48643945192114,0.24238257229570098,858.830779525992,1788.4066023287944
4366.380427130242,225.8340306250883,4.213543798541423,377.00375846464436,1835.7396685213912
4595.569043335109,58.28800101952197,10.25921176266627,646.7095084817357,1929.944986030121
15205.049228002994,74.1405470431347,0.14923620287642114,1209.586750974431,6218.030330011583
13283.076218767259,152.9496830295875,3.5077934262117014,808.3756146254455,5429.919675714684
7952.065111968179,145.14482999885988,7.206798597658233,434.34262696384735,3264.099471379916
14476.581378929146,145.08846076871876,0.6638297562043075,393.4839319688392,5859.994381556594
3960.322656610684,125.18163013062994,0.14625470116267297,747.5533081045797,1684.1401015326019
10637.646858688322,121.38260561703181,0.6534838409252656,499.6232701381867,4330.2778173739425
3106.2627297626377,209.30115260842035,0.6730500983098818,412.82902908169666,1326.657800482374
3803.7467968812844,229.95566411774738,10.670089088266206,718.3487835597664,1655.3298635644392
9200.824298349953,82.79023235565661,9.401112882003597,484.10239568791883,3759.39967470291
10734.193119107416,149.17680051434468,0.5431876542574275,1355.9684901302335,4459.924238240246
4451.200983366742,241.80469802651638,7.550808273155122,905.1470746385972,1930.6822528255925
3781.960671902881,67.0165609627206,5.466884769532874,626.1432944510068,1597.0022375530966
16330.037418713693,58.23903721916615,0.5581389508417349,322.705758661099,6576.770559221683
10251.25438417096,157.8150810180398,0.36590399613145524,396.33350199793415,4172.2469760659815
17814.227511173245,63.21027783682846,0.5691788742166503,804.4524593922997,7219.6320742872185
3342.0501713143776,213.49628724551636,0.47497807254732444,786.3355518794435,1458.8653482716195
10626.833022122975,177.0161308689679,5.808528148251587,393.4060305385053,4334.189830299212
10461.748425718437,223.50477888610158,0.7095067019063148,1497.9911375264312,4380.263699870097
15391.662209304928,63.09899923507518,11.242974386028674,422.75469302819715,6228.42461445085
14009.182761465976,189.35076721133214,0.4443083302512328,770.9503466274699,5719.30475518678
3822.474330668325,132.20821880041598,0.5838820455969967,650.4297618789057,1621.3501752836994
10576.49035249758,167.24758634997676,0.6396254486597956,721.3426251709842,4337.139358959115
9063.352126291431,82.15146114503588,0.4823764410625308,686.6324110864646,3711.15794851582
8931.5535398345,180.10166197719286,0.6047398759577883,357.4644194992901,3645.2953000931043
9968.69366735366,154.12020750696735,0.6237548941277746,854.7729806733131,4104.714438851381
4126.051577486046,59.330961336898476,0.38022997916261325,1480.3024906087012,1810.8874172914122
3977.995681519545,172.59623319689618,7.386269524922024,942.2733183563189,1731.0242553702124
2851.667544939927,64.61968237869893,0.49245693177088523,496.7770921453173,1204.0073490638988
10120.06668081475,60.18964053271951,11.401236681500873,352.3018905109988,4112.396644505796
10919.102968044985,232.38126121177197,0.5310533131849389,750.3583407166867,4489.949853501795
15801.676746063922,163.7171928792273,4.032635262026182,461.9342830447701,6405.65651819893
3807.1658942286003,158.45493111697598,5.469416754567703,283.37270863522747,1591.0987399102096
4249.956664898533,65.99101408302262,0.5283623862128329,696.2950159922538,1783.6029139545626
4834.38194923197,160.7538342276081,12.099242693653183,878.0133458332999,2071.8537451621196
3665.1481450771685,160.32106303652284,0.5514024795441405,757.0969300903454,1574.660267366523
10199.17116655727,227.2616081608509,15.640576341336635,345.8573978528878,4183.167392552372
9785.212305011497,139.79730419442586,0.5470437784868976,816.797291304966,4024.544677641711
9942.031545067075,69.02489881042919,8.324999012009691,679.33315753337,4071.038412060267
8945.041243798923,204.93800710432583,9.230689748504647,1265.256908449421,3759.3758244081337
9479.51091411785,132.29705690984056,6.243519832077155,660.5286636800665,3893.6819231452305
9531.599035483112,63.85173162675565,0.3305068138616334,370.1641278450568,3862.922133523894
11960.626290409282,199.1254732921564,5.092680799374832,699.0351030944977,4901.618142330656
9756.03483493441,81.01961884306323,0.5907677771736601,1388.8388172749205,4058.3878911356287
4066.182122717174,141.36207130826884,0.437575020123955,831.4355471961395,1738.5451805983234
2453.550111881989,85.10874662883927,0.3586282508688743,765.1733421494496,1075.4970706698116
3866.135667981088,57.188449570790766,6.3384458311464265,909.2096230012314,1658.3205881534363
4497.459366994151,193.92975182744996,6.177279361848168,630.4729854249883,1910.0829147484217
9314.52832775937,227.72469997232096,6.262296970617719,392.8905441518395,3820.038770969323
9778.741983510326,142.65629444273588,0.3783117679409502,322.4816754462232,3972.843687489212
3744.6558563331873,132.51127838281627,13.935695387591037,1188.2979711067483,1664.0979384018997
9573.112402312174,112.50042833447563,2.862440820318126,458.60084841998463,3901.8987926642403
8434.035734445823,171.4429032358596,4.617581375545786,1358.8793365213478,3550.7171801409545
10369.803522802853,111.7562858283817,3.1054602440582806,754.8143773177071,4250.412294384676
3943.0550081057977,66.20187601932969,5.360048128894774,1152.955457188897,1713.797996358417
4389.346087245468,217.87118890458683,5.028093355325854,371.71038098873703,1844.025850810967
9925.825435017525,156.4147852500807,5.3205904744865995,824.8333638212802,4092.0773531508844
9187.819883491431,80.50244419183039,11.237055866241928,813.323305410774,3789.416356575379
16639.3680556134,49.84026021897509,0.239247130663927,486.9793632809153,6714.772081313243
9204.347870818385,192.43072891622157,13.647992775129385,1209.9097711250847,3861.688260385801
10034.603620627513,162.06214473846413,16.390109547470157,834.9006445620918,4154.329105976112
4338.421419524909,65.03058483232199,5.585053569644576,1349.5635172085963,1891.7086168517544
3664.7836567734917,138.2472306883665,4.446309447304749,508.4658805685274,1551.0789610748798
10067.306257046663,197.3379631946983,0.3803605061730552,445.5643791378981,4111.517074130654
10434.052865366175,81.87138695256813,0.8620401007053484,463.91377216943806,4237.679860904985
4167.27468878852,139.67326855361756,0.8327101501129545,498.94287249912156,1745.9878817012132
16886.80035278705,132.24175341533558,0.6628833185670977,616.3978479760447,6843.802601573342
3686.649309318583,131.34754439844147,3.286914309328851,409.9803436150827,1546.8576384326232
4310.429231107239,85.6123747287896,3.9948627682217315,801.1507232855035,1827.4015338695363
10403.621544730948,121.50564745506338,6.156644712072841,814.2941995194318,4276.414134403445
10795.34928174266,146.84492450644615,4.14691854265612,1159.5290580040478,4469.681981212741
11483.911048850252,219.8773114379956,15.028212158490893,1367.3909654393117,4796.821296609367
2946.3347810537452,206.3420492336173,12.284002599384477,784.3431617900504,1316.6626423463033
4128.490788593632,67.9108244563785,5.5719437872825255,686.9304082253173,1742.0294368321838
15449.17000432591,57.20560581002833,9.076889844535483,687.5947670802991,6273.483934367203
15326.111106330756,113.94252921556611,5.8202706521301755,1302.0317273363173,6292.166527087243
8204.88233257003,69.52819255860119,2.018054785675596,452.80502600000443,3344.1661563182465
9040.245951333729,209.90937566783683,12.332775229291238,623.8204015041078,3738.961458661407
14548.775107977548,62.51024948550125,12.312616750801071,476.8733633168471,5898.1683545460055
16560.566987670503,208.7519031650848,0.7738447551327479,878.0729484747402,6754.9452376813915
10691.20785251678,151.79688476657103,0.6253650186482935,1496.2691373247276,4457.407479220471
9949.985830178248,141.60871883039846,0.3707428706607028,663.0380746527061,4075.17599760864
4015.6767717119387,219.82070441520645,5.653685918998926,888.524242092678,1747.5678026555834
9609.38931555585,209.21098169046226,12.13696182626585,347.2642721777567,3938.5297925176073
10235.257217568647,70.13912339292494,0.43907663914174944,1425.4453195939745,4251.333858624154
15895.729608538,243.97229392453002,0.45666083621555675,765.5235073563398,6484.3236441900635
14924.512035260048,78.97439229332262,0.6772088617363599,1214.7427444205916,6108.089780297348
14436.631015950323,184.18240692269802,0.18874216073117922,1067.2863109935354,5918.500632105119
9801.67231758493,168.60431817247735,0.5327403793264163,865.9097444701033,4041.7798756844677
10609.12026135486,223.0076595090064,4.992807154129097,782.3935195276032,4373.9781991277
11302.071770431725,79.01012925157157,0.3769411550417053,442.16801286576305,4581.412947042144
4023.7329073908913,173.43475466538416,0.702832439376492,1133.3444766432199,1758.5688102128202
3613.401655866661,84.28235724782942,0.3097182806695931,741.4900998004434,1536.830721197279
3940.756548334455,220.09035316462766,5.772818437870506,366.91841965487697,1665.6717595890013
12066.316191710539,123.2520977412585,4.944816716681024,863.4340632298553,4944.9375276304745
15922.350090534803,147.15010412211328,0.43023763415320504,911.3377822837641,6490.14919171795
9474.862479403968,224.98212887020304,0.2783515050188189,1070.6283101730767,3942.421775810464
9306.015446070161,150.15187061743842,0.5344542958373211,1291.7324737446215,3882.4114813697706
9030.196568273423,63.210167909208806,0.5196843468587382,824.2631677670188,3707.9265041882004
14573.226326279595,202.63016166773025,5.52772080737601,809.7000026797473,5959.078144324423
9524.775222944943,143.6214557999881,0.2783141834447852,689.1917217019507,3907.9710237833374
11257.388427270864,64.46554556457107,0.41195663142147854,1123.4428093956878,4628.810695907961
3492.2454782632653,224.59505021194371,0.5906271048835469,1103.3083473048782,1553.033976735508
18310.454938392395,153.1654252809222,0.9253264236232905,759.5234621447256,7432.15539626305
3789.583967621349,221.9658504892591,12.231761847028377,499.32610063145313,1628.5070099800796
9628.373773556,138.73426423996693,4.554486135428622,402.69606068553446,3926.1976975420903
15399.158164926966,70.14005287864393,4.345423670762263,915.4756607430807,6271.756978126966
8579.429568321377,147.86944379962912,3.622614395144544,889.6948744267384,3555.749125123867
10279.44912205255,214.44866336360613,0.4644568628062029,766.4933249259228,4232.0153992805435
10045.899671510935,244.10779201862135,7.395778537187639,1336.1884325473654,4211.893938068617
9201.449537744586,88.4089297519315,11.858214410732764,1426.2212178803766,3858.6710444523574
14329.073237530543,64.36031452892217,-0.12510010065787613,374.11773830595337,5781.72548159761
8994.573923210157,72.14911371530454,5.117011901779495,937.9957846101215,3713.734488340805
8005.932825624818,69.30630750758277,0.8989730374302871,388.5360084002721,3256.436452147617
3773.598115602914,216.98340010764588,3.303987066956189,759.4673517819084,1633.73864204132
15168.912592878698,75.14795357172656,5.397530384192645,448.2971561336487,6135.520639055479
16813.522267657758,218.59788852863952,4.586005288104513,1027.090400977958,6878.716532798784
10448.935449237995,161.4495789619256,0.6671405539460478,948.7257294505044,4307.737379263553
10084.123823881144,78.54793095409082,0.47702832729036826,933.9838481907689,4143.473043053288
16492.96434677362,67.07448492565294,11.395528409564678,802.215075530823,6707.915435862008
8350.648735146127,69.28348643786907,0.5189619961786337,426.59623152423,3397.5542574927163
4071.364025324198,191.45900233405393,4.521226182457206,785.9293140996145,1752.2121812801374
17195.792372613272,141.52386277653332,0.5267382070580529,783.204644288778,6985.732293340081
9855.017847205987,148.1248090792086,6.12795931266173,789.4657061029176,4059.770610277521
10541.69476744358,159.3622382181819,4.686087982510887,882.0467448804416,4343.784161082879
3657.988499679255,73.97670888505196,4.043400789840352,410.0367986968393,1525.059522703157
9841.40289284327,66.76114327654743,0.46875699873392057,306.7950036428361,3981.2960216550023
3188.50515466696,68.36471709105889,4.232269185748015,407.2197877442788,1336.145387838046
4856.106537113827,54.27035727456718,0.43732370522987846,623.6821778676981,2016.3208896450587
3691.607347918109,141.68363836917914,13.299497078136705,1160.5193864438475,1640.9808511026692
10346.830084402414,159.51737661556746,0.4228237986481812,1208.8703011073071,4292.156774892783
7911.268616379768,118.5256811148939,8.712485887394017,930.5340991198357,3294.3347215179606
8909.37471044669,153.27425903946911,9.163899773395462,369.2362026493106,3645.0742059115937
16313.381788037665,219.98856901925106,5.434808183898404,469.3126268150935,6624.4339039762735
10170.014215506144,153.04844486476838,6.440755943218086,616.352130766774,4169.911722166915
2937.719964000441,142.54227834025883,5.471819272851104,791.5007696322195,1290.9542471407267
3302.348594187597,77.34022921801352,12.400912987952058,1303.1870568280974,1485.3275586833793
15499.967698588538,58.500887972374066,4.249869999927419,1292.77882098667,6347.339944128448
3106.4946009116184,144.65555836289113,0.4219582153892064,815.0806767165304,1353.6699570319624
13492.049188819368,231.43984114946272,0.3771867072688585,710.3934846599699,5514.712772284541
8949.987054451369,66.23516708148681,3.7565846386063493,834.398214739974,3682.3165536287515
18724.40739992558,141.9897439696961,0.5508710932652201,409.8909181786997,7559.97630722194
5332.808095960394,157.66707704389574,4.2157513121834755,403.98690369874754,2211.3789711310865
4132.48253756839,75.7722834126092,13.206180209242103,348.0718446299264,1722.763926486734
4289.86907452545,228.32434888673245,0.5503245230210246,321.046624042483,1794.5426487763061
10906.215365005552,64.24343544581967,0.16210743633733782,355.2327258521289,4411.101266831104
8667.60084792132,156.00232796644332,5.299789023287185,324.50832385974593,3538.6413206827224
16146.521771379632,221.82693862316108,0.22802782338113275,369.58988620552975,6540.27512663211
10389.525573709818,190.45044656339218,4.722073755728398,474.0505181168321,4248.388481241881
13553.788621899577,137.90893460269046,6.8364225639317695,865.6838750751896,5545.920257033787
8102.2606485124425,193.9209820861331,13.881244397179708,996.6916181180289,3400.1794842297763
10923.001802997078,74.48379771855862,14.390382416877992,442.76625538068276,4449.959679905928
3701.587706357909,127.19784618681942,3.9433294678580357,851.016187587483,1597.091264741063
10797.519836836822,240.48153070360823,0.5112736316027711,837.6664522279434,4451.6377965456495
4065.6150104780795,65.96609839007917,5.154170083694717,1281.2606199799736,1775.296540992787
16761.84368544546,60.09409490893361,13.685888756328179,825.7551770100015,6819.860643995463
3289.6539188995694,139.30431870155508,13.060919391550648,586.5893746719487,1421.9727478546597
3496.402194725999,86.39064719159452,3.63059450744498,1398.4300892176054,1561.127908011647
15895.312493784453,94.54993548466786,0.29748990890996785,761.5846786241473,6453.639687336496
4370.91936694825,72.09636396356855,5.515340738396597,873.9838063904717,1858.4584113186559
3795.341967449135,61.099591029822975,5.030360559190001,371.24954028284776,1575.0272000526884
11303.655556941148,157.88163154853686,10.575228071722002,1370.967428626942,4705.998134056444
18229.17118752199,156.12643423570196,3.707948616131392,854.7644130390016,7413.932126084035
14987.024000903966,117.54015639177652,12.841698268118458,883.7098951546361,6125.9511685575835
4448.709183457485,134.73023533651192,11.764276489132184,1378.083152924794,1961.884450476474
12843.862243435524,221.25496118794035,0.6203190002082339,1276.1736328644995,5310.3437313985605
8667.422034515472,59.17463501879812,0.7522914503385758,889.8604525682908,3568.9182232422854
10303.223707195673,57.73852507198632,0.16537263900216326,369.68115675791483,4170.053362526961
4484.80965550768,71.11329153245696,5.236950637194914,534.7130452908322,1869.473250994439
3660.9181853708305,75.93928176062919,3.9240013046396265,757.5675525873077,1561.1978877161484
8703.11561103221,67.31243549321646,6.547176933411558,890.7634668448367,3593.605843596128
4301.147475094867,59.274571739807925,13.412032270401102,496.8817047066339,1802.1201232621736
3295.6669714064205,79.09072460927148,4.498533697018734,1402.5254645469,1481.0852804846409
11303.127929695056,174.9660120765579,15.1920252568857,738.9525637844471,4652.927668557108
15823.40964206581,76.98216305741718,4.5461812698861195,455.75395706851043,6397.154957049488
9191.154177697603,59.2851079427947,5.579868515203381,898.0564585894552,3786.4941412993508
7924.223757919716,200.61569629039735,4.463607826322688,1255.3994524215059,3342.047999407601
9728.192163160773,142.51777858198844,4.388917882296938,840.503667565187,4010.4141645606715
10160.746643223314,158.04169469442442,6.112178744582039,482.8456985630271,4153.359834201387
10573.94001679344,220.23600129613217,0.43122279874208125,365.96866377909055,4310.866907552626
10507.730236244808,240.90547874867008,3.551164279618676,457.9958597683395,4302.399522643919
4552.13696592683,134.60935515072225,0.5998091113543929,1287.1520816526026,1977.3915792331686
8871.934302579475,72.0419205323632,4.696904282920496,903.7227845729386,3660.599740019937
10297.744134780492,77.16232388550202,13.740002557390563,416.65661915554193,4196.805784440937
8641.938628803508,126.84874481920644,4.809175673039274,734.3071888911652,3562.78968288392
14979.553904980108,156.6050311767596,0.7668324627989767,485.4751594533492,6072.840332866929
8341.301665202087,83.13517508941366,0.3266128150615889,1382.8325090268893,3491.9208712239993
8074.984333552069,61.074904523619736,6.232516044288721,951.9448136256748,3346.7519697545526
5158.860139492441,69.1143531409927,4.098595390657177,1505.1209567166404,2234.0269151828247
9624.97437639052,140.84618997284718,5.3855339841499426,655.1871889872358,3951.756008425726
3812.7028968414365,63.59207464538525,4.725378934169851,831.6996768607704,1628.0576097529836
9132.383019374383,184.63647335684618,0.6110023286407105,1376.2626823946057,3828.423274153544
15853.453200325166,129.606638556414,5.070407974141469,1262.2374789568016,6501.131967698242
10286.597720316835,85.20897347975067,0.6402137757867887,441.1260432137184,4176.753807807737
9915.110858118547,141.83337671079275,10.342318197117322,1376.5468642072606,4147.579182305979
15413.427029508344,64.22507811710229,9.358761610722317,743.9931443451941,6266.653284277361
13210.442320334394,75.41290466609993,5.708608541272024,774.5150621698762,5385.273928095874
16994.831397811446,63.08652959446948,13.13279445461482,1290.8985636413818,6959.338913089534
15308.095307333579,150.94814817652966,0.7106619664303524,724.8356692560562,6226.977312443988
10043.335068384367,189.14797919597405,8.503026966798945,802.7722781415023,4148.1953914572905
8965.449848125067,182.70320401650898,0.4430326894753781,1486.8865928074433,3772.073788368286
4560.256849603608,226.88858992454797,10.494162271708916,414.35057874434,1926.6567591083506
3299.7802650669382,229.61599208151137,9.349499191969215,1389.407682366278,1518.8003214676592
4141.801827533703,81.88574307173673,0.5841510817732699,1258.4272186104988,1799.8168281115381
4185.303161696481,247.0602221382144,0.3707571145241123,812.7287571144077,1805.3623204894625
7570.313521547734,194.1708481337151,9.786812731859488,420.9566515066197,3123.735462494288
8496.642559570688,173.3639910994695,5.337575840781479,859.8248850586713,3527.318674315208
8600.22330629051,73.22915115333994,0.36288305320645975,282.6191907403877,3483.5413964007207
4120.283842477602,68.26508749341986,0.26599936304281346,1203.8590897117547,1782.5514625054643
4632.1496556424245,56.96345595613147,0.4740455390667568,1302.7011047544322,1995.2337322322394
4152.36314576439,165.2649275097951,0.6411382568092998,1249.0167432396843,1819.8616255168972
4067.0203733567805,146.7647536523641,5.038338900935429,518.5426565740853,1715.572874081997
3368.090219504491,212.80716458166006,9.33164717824929,354.1522151242964,1439.210212997932
9682.211117084313,72.22730261485036,12.989303231784453,766.6901992437222,3983.482882128744
14179.65677855909,160.94263468862115,5.7323649383623785,872.3991932450307,5799.889705093407
9324.185355301002,145.14150860573892,0.1459818496421177,811.4956566826809,3840.07098228428
10278.672683617693,60.88567329402399,4.854225218570748,823.1499871120054,4213.242544644939
10873.951341672022,50.434903560689726,6.257695532381028,903.5067232295933,4459.404733002478
4385.333689111142,81.9237028505906,10.462547455046519,293.11624692697006,1815.5236620898418
4328.421349654419,132.912867226143,3.4349093308846053,816.5878061349822,1844.7622579168212
3799.029068333397,202.92114885236344,4.4660735496270405,642.2673218163518,1631.1216996099076
3694.1715710274184,69.90031197121183,3.3342955139961075,818.4760544276693,1578.4977395189708
3725.3796119594754,207.69135213984794,4.6675386857381636,414.85565664177113,1580.1769889045443
8656.509499060881,161.6332106539736,11.691384704250252,901.3840495702817,3602.6059237685513
9568.715705278482,222.09456490568192,0.483796013369508,700.9930923184941,3942.730198344433
16361.749847550056,154.65006332298847,6.5663585631450765,432.1183256801337,6628.691322097351
3658.484183428865,204.4752700824074,4.967141582002227,757.3375192591957,1587.4731916869505
3441.7273411788556,65.7337163026839,5.248440097015352,872.4650890200083,1484.956848779603
9823.813749247603,56.199313450264526,12.707307225125957,855.5111036814604,4045.3774335949297
10306.826181254433,153.44149936307508,0.3740294376373976,1316.2024470964475,4285.60006124049
3978.0846463851526,157.40659630159254,5.501213553448494,754.1682256402938,1706.3838207085817
3718.8863693291614,212.85464730716095,4.610648957971904,374.54982945530827,1574.4964335755853
3195.001989393914,175.65428587571805,8.170938646091972,345.65519481600785,1359.9535803834478
20297.898231069223,154.3572153606829,3.196098331589213,784.5234142676383,8233.277224423973
9290.393419651626,131.56876409310973,5.0270982299255795,885.9718394668777,3838.608951970849
10883.280547573106,168.25959424954132,0.32729658756394936,364.56274273362607,4423.911357033859
10372.489347296987,78.55221352459031,5.269206438830768,441.01118134934813,4216.711109416894
4318.088855619277,147.50279066753976,4.1526154256103505,1374.105385183529,1900.375562037987
10999.024324609241,60.80516330202735,0.7735645913178348,918.6219522285721,4504.793304613937
10681.7813544822,60.7534750746936,6.138215217339153,667.3177861377819,4360.802338247606
4458.56264993031,188.11877239685424,3.5204795858782783,815.3319309155413,1907.8627269218662
8789.60443843169,68.23883570513948,3.8551353334804888,1402.5074494836947,3675.5229904622947
9445.984380221696,33.96686040754712,5.791061961737542,477.109615082685,3841.584678621063
4192.485048570637,86.6899871314052,4.977491952675819,961.2785240963682,1797.9261071931865
10352.769724516591,131.43750791176734,0.43669514557264927,1178.4612096942244,4285.896555076772
4094.0206488387244,81.06904779419924,0.5163554493988008,403.5704926327302,1694.9536515317009
14275.3241791946,149.91790879446364,0.6177993186199074,718.9999865400789,5812.939951068671
13972.19259186547,154.60333741686821,5.385117497343312,396.45190440132967,5667.52057091571
16096.992859728383,153.3006063335803,4.018985843380054,728.6210278905555,6548.347846712196
10567.705527354014,76.09129306389113,4.121267387395083,1340.0350578025186,4382.485876415728
11464.25140116043,209.81751210529595,3.7616324174243028,811.1966610909176,4714.42617762046
8915.300645044781,145.20752344204962,4.291825351343645,1316.2227451483081,3733.2217752481683
10293.451252051906,154.9336392090997,12.333320618944734,345.9533073362518,4201.462540324625
18176.57420357938,154.25905718973,0.43757639924927094,410.4251507593992,7343.1803725445125
10100.57414662201,227.64265318776913,5.806342889402551,337.7235593124987,4128.240059551712
3977.750797438348,130.59102293984262,9.112806961498153,421.42195706807206,1673.029929712362
3883.6505589538483,141.7790279193845,3.795513070921469,391.77554332000506,1626.686853103799
3753.056144463835,167.410993043787,0.8474619363709461,472.61407549739874,1583.237256848588
10957.825607395285,69.48520898200262,12.097858571185041,410.9929862990728,4456.273371241199
9155.984617052578,70.66497036260267,0.6148056426402106,680.4987277166158,3745.498922129174
15131.268881700413,49.833447242596,0.3846002316490303,793.3837290874064,6142.389515384899
10097.564174336008,176.60010488370597,0.7300207343810788,1486.5999449026724,4224.1007163029835
9155.184985065613,218.69373754587352,5.9420640464749495,358.24843726407994,3750.55068133154
10375.17726545844,213.7262434859036,0.8101646872566182,923.6110022251339,4286.392502133955
8892.200568411481,154.29228920701811,0.6827662230700201,1179.2371797442831,3706.6865525150297
11998.437675320063,183.15135112230868,0.16187196658645503,617.9269843871133,4898.040846741078
2945.597603648618,68.3783525914246,12.881123010042156,401.06911798940143,1251.3433082917356
3661.7216137981204,229.74137421149908,0.5242385848538346,1518.798850980003,1663.3031633368291
14145.641218606223,78.9740408271287,0.5237423918830117,762.0147582156811,5751.038385017308
4916.702645809792,155.88556824189249,4.5918506678858515,1277.5041457287325,2132.4963625469973
10066.87297758336,64.89478269450981,6.203259773380043,710.066203306955,4120.039657563011
3812.0177142111866,188.6461950259715,0.34133387869354304,824.8983511791083,1645.5381606256203
4473.234488356353,78.56141057905262,3.8790734351803664,1319.8100004572543,1942.8056876568478
16580.543049506607,170.63302404197253,0.46425141295603134,1188.6782748478424,6785.908029215256
10356.900659125735,156.68168944271702,4.457756960198755,785.8203250009976,4259.365269479235
4643.007979399891,210.44689567571305,4.545573965297646,1073.5531202616085,2013.4662438692064
10325.432732308238,211.31095284729025,4.111484330283588,436.48137334861997,4222.2506473230405
10210.309346812159,143.19549909554158,6.912132097820184,396.15358463081236,4162.746395153784
8983.467226444347,141.70174779180655,13.314165993455534,387.7053530932575,3680.469024435609
10174.159177320736,141.00845753148445,0.21998197587814355,824.8148713937212,4180.676822537781
10560.91825068635,89.30944982722036,0.9161442172588345,693.6046722662346,4312.963873792497
9555.464784306261,141.70440032483805,3.7747150985803835,1503.8936625310407,4006.578232688447
3932.448291011685,179.9141657316096,11.77538400066515,461.194232434179,1672.7446487954116
10497.816110585323,133.94010582611594,4.454410911784112,800.5359783067736,4312.6496795977055
17110.35931283495,67.02735019795561,0.5331102994362695,391.89004838036965,6897.537865460763
15741.342794422566,88.22615953476351,5.929601103033772,368.9291154546975,6359.969662876
10775.437943277053,146.54598849963253,11.744940149435067,464.13201473689304,4403.514986708591
3920.262299247228,86.57319126403088,13.436555322276169,339.10160973529594,1639.4845519086414
8974.330062264606,141.7910452901599,0.4770188064503152,355.7487222963885,3654.380634403189
9859.507017373642,224.72234367315232,11.323716702233629,796.0493180329079,4085.3377825407288
4005.8587391575466,221.34395590249537,0.3196095575976716,1439.379133499605,1791.0296145298748
9254.317928945085,104.49304830877131,0.20283286090551217,405.23676175272635,3763.4537067064193
16928.7677120809,81.52865421575783,4.842571416423508,1474.2934219682784,6942.506014996974
9500.414277689708,78.72734900737701,14.100396313281088,557.208179999825,3892.7825933472627
4981.284229862532,60.25368280819072,0.48143179850699047,834.4194387445949,2088.728520078871
3984.508301651329,57.532118644256656,2.962057539703981,875.0606340548345,1697.2588941044226
13377.476425488341,55.073490181702084,0.48966755479170043,1294.2520462180703,5492.164974185672
9530.73164656983,71.19679021928668,0.8154112008883175,1328.6875645161479,3960.6238899247364
3177.071983268055,242.45679446342757,3.400903472954676,991.1618495762405,1423.5376923669637
7654.154144029426,131.4712075328115,0.8408380668647217,986.388428450933,3187.8559990637227
3748.6509644274406,161.70155498937675,0.7719630956143082,404.6065031872161,1573.4192917309947
10168.276328504606,141.91072055023764,8.487697057354145,442.2897589671622,4152.653196994638
10674.770465977628,63.044945915471715,9.54838572777949,1321.643893244387,4429.004143490254
7963.799773148318,74.23071009342527,0.7675684699054821,394.71566767129497,3240.98897075
8552.506133458142,147.2662202650603,4.383614544742774,722.7248599008288,3529.303605243466
4408.487271073491,160.21461268278824,4.794895560690248,1316.9207004616062,1934.32224435315
4446.852027602769,177.98044438120488,4.893763367264976,900.4846521661209,1911.7260101848585
4593.681498832545,220.35601003442952,0.2583540747957095,1289.683873280491,2010.8997199801468
17884.38547005067,143.2044056576072,13.83361762679528,715.482829852975,7274.693778577281
17317.15872135064,75.09691112595068,0.5543945221429204,897.5090869419628,7032.465371242857
4317.817970506562,81.80994364181738,0.7300633676702586,356.73821344991563,1780.2580933274855
10321.100592160637,66.96678479937817,4.53013467987822,405.1633679812424,4189.145132642072
15369.707149656384,71.71927291382872,3.434131054399839,820.5283236599255,6249.4307433929125
9819.324784989509,152.97998250751652,0.8215869540035877,1061.64177151508,4065.72246807982
17503.094512137945,237.4115884375344,0.3799557647084434,393.9814282583834,7088.688199015586
10818.70113936743,142.178933330758,0.5730827360151277,438.67889067638686,4400.643755584783
4806.735533964902,67.14994084251437,10.6640067791927,785.9469385092366,2030.7149057741765
3879.8215499690823,219.81812444666514,0.7521490747887182,1450.3352101992277,1742.053989509072
9492.664790661851,154.00016543316443,5.562419323544357,868.8322547306949,3923.09280380976
10598.83206663228,83.63142560528982,0.4063594769022708,732.07505256403,4330.076156245727
4420.168668034039,169.25482286669563,12.045914539632436,773.4449537132912,1897.3317989677325
3791.859574169441,134.80151009940263,3.7833908585892813,453.45557118803157,1594.724775094344
14249.315231162622,222.10989726487958,6.2912680513327475,790.1159238353747,5832.596566378562
10938.565583863237,116.88209256723053,0.8293293397724331,839.8196871750556,4484.028614785905
17991.868457553417,53.49157556566407,14.052194512623117,332.2366386057274,7261.747653764008
10743.268105864012,59.795267250308285,0.4392851019564542,1398.7118385427934,4449.796407302881
3766.2898441245475,228.46581360521662,0.39259792283086703,1351.1966246055074,1687.9176597156593
10723.436545176693,170.92125998385038,4.517501656910466,1416.677588432532,4472.002881396067
10520.495852131335,193.44546302589495,5.220645097096576,384.12703752499226,4293.131104855857
9244.65473412146,69.63211815880562,4.4436744824078875,387.4015112554294,3757.1939801295
3597.56927938939,86.82781752285979,4.1645364370296685,719.2241850838733,1534.5624984242602
10335.118984007357,180.8588022663176,0.47244026228524355,756.568260546733,4246.584840504307
17252.518695521478,129.87674762739925,0.4234325846174603,1344.6920443872173,7062.087181049719
9324.19990198004,121.90459409746933,0.690260502898419,736.1954718032877,3828.715817546187
13813.540440630219,213.22551432367533,0.4998901509103108,800.2172585474973,5648.832840197939
9694.147280323332,182.4901455825355,11.67618759200268,1208.4053447991325,4052.511757113757
16482.551578722287,69.74588058507923,0.6665558552974777,376.71257011710327,6645.6408984005875
3774.4258617202827,129.03541928600342,0.7981495181837424,359.66812752379843,1572.7414655749694
9617.445445540014,151.99342416549254,5.145212627872302,392.43048355901266,3924.337730346814
7644.900033703954,61.2162192080139,6.149907978020135,758.2276055869087,3155.2508798489057
18009.13216993593,133.55749091889908,5.851664958700392,554.28709095525,7294.570572691727
10655.164302675774,80.38700626212488,0.6126043030097332,767.2400381375124,4355.786032591001
9295.69917981854,86.45589022246303,13.457883336647425,809.8086746946198,3836.738542446342
3786.0841104438964,202.4370152011287,6.591162022348604,758.6970606338218,1640.6774963146893
11546.936549290192,78.47920778245211,2.814464575993849,787.792877330538,4717.471445869612
4491.668020071819,70.77677821006407,0.2989422885744919,910.5893463025685,1902.3299117338593
10039.869911649204,204.32785494487433,4.322720482390099,403.604169412876,4103.65803331353
10441.874830986448,204.6501676217409,5.754668329702907,745.1954452781305,4300.831512941295
3962.313292417463,157.80409641251094,5.75322980310474,1213.6256485847111,1746.478545812616
17737.867813565066,131.51788472512968,5.657476201526869,436.4881370730666,7173.58573038065
16494.867811060147,139.15079720530736,0.24677075544231603,1394.4778193037644,6765.595221928661
17367.7771312979,72.10229192229018,4.678195590542248,1333.9779689717593,7101.946401186607
3258.470117248231,119.79650944366117,4.752673485117209,865.9434086715733,1421.0706998828578
3472.578114839711,151.0991555367354,0.3058492729417954,415.67790606006355,1461.2776415586507
11623.498071751657,146.9003052764772,6.461629731349877,352.4232983678217,4723.714064189765
17089.13352722672,238.44984677442287,0.5127736813917342,354.43416929899945,6919.555957697562
9378.646544198002,127.91276823141457,5.714073009780493,888.6767130543417,3874.479952145589
15663.43039363644,147.47750148166784,0.29384191514000557,325.6092277259402,6327.8693433962135
10657.837561098026,67.57537566047678,3.5608541383027372,383.6818556997781,4320.359566348738
12151.09439682674,218.97904192404442,0.7261911735959041,702.0408771593956,4975.526941591838
10118.048803232377,84.76292654425261,0.5472449991009173,1264.050179905172,4191.39799209097
14678.50261394927,98.44983359215618,12.10572698315502,1222.9603809141993,6031.545640864292
14783.336746309233,64.08256010113942,13.399203715608532,433.3021543618557,5989.580231553518
10011.392740813233,76.71847730258082,10.428464606854043,1381.894187199452,4173.732907416036
11121.941732654243,69.00207188750781,4.271361957037797,615.1765673894874,4530.501807113705
11002.867434351958,66.28972955571163,4.746086657665861,1140.880686242535,4535.6121182626775
10621.26535397324,215.535717950411,12.84288676604746,409.63323335768837,4351.840938664219
3152.6381806726813,57.57609600905427,0.7438549406454774,1350.1229511792508,1408.6985689997769
10050.30175582595,144.13273715470118,0.44345940089002917,395.6119044640807,4089.1736293090635
4242.8896181573855,86.23101824463066,5.856370155126516,405.85452350489663,1763.77205849506
3821.739303249541,71.00422895717038,0.38862030937314457,855.3184832258411,1629.0113458778947
4191.779526745695,72.38432999661593,3.4086270711354496,727.8299287613027,1769.0846101804345
9978.670881713666,58.700919671585154,5.462462722669333,374.0135990944823,4048.803590613236
11390.820164920236,51.19830582224097,0.6084309811651478,467.20944262163596,4614.201317866454
10599.897552685803,73.17642003066412,0.25491761747893554,1135.932488373382,4368.5699303440115
4255.52395745009,248.9462022791842,9.959417732338814,636.7614518543159,1830.6140952198127
4479.654489789363,72.1808008233618,6.548299289737038,1377.166442758768,1953.8370492909
9984.695330441864,125.25925526546064,0.5209692145606628,1274.3461757293305,4147.146054624612
3559.707538157457,84.59177157159766,0.6033418019992484,376.90451453154054,1479.3968337334552
10914.5672228579,241.81517993630396,4.100240030410245,372.9100006654217,4457.631285242579
8952.9983941504,152.75179121982882,13.876640342734895,736.7175499406183,3706.2364314122897
10306.775842887559,162.31716720588173,0.9550164033916517,473.4556353204232,4203.9518587333305
16994.30109824822,85.82509991847283,11.531756556991052,1163.5084079986545,6948.533934918335
9644.200968124347,233.88373853753012,2.779254729951966,464.3761025840061,3955.0636273105733
3994.9014769284668,81.8151351741885,4.858826874844061,444.3560999441925,1666.0474681129097
8800.602718300246,206.73362341441535,0.571847039478375,885.8045786140757,3651.026040423607
4034.246769089615,81.11647167240761,0.3674513195069223,639.2666921892192,1694.39984816851
10216.079707601066,133.77724992169775,0.769126992833356,873.544150940727,4201.695438608089
4284.80494498835,50.16137785741674,5.43374497028116,1156.4556645650757,1847.7504374787527
17368.85644265113,142.4359138482914,2.1856684397910118,880.160008629183,7067.324263352715
4520.98980260454,220.41459165216384,4.967422980126513,407.521056911704,1900.6820795336089
9723.924691981798,63.25834891709569,6.414585769811984,734.2151665500417,3985.2649418858605
9383.439221770224,57.320522979416374,0.6090083759565346,770.9736446360341,3842.8506703315115
17668.627127309668,79.57478725976743,0.6379349889738065,1458.11183538405,7230.133894397687
17772.96175272756,156.1687154032412,12.33993657944807,645.8035696229681,7223.508706003141
4481.929062355551,149.74245847805548,0.2870617033964251,874.5172717832687,1910.6024363712527
17991.94921164629,68.4808799234966,0.6307599925127716,894.3162591325937,7300.853626545244
16187.206389406398,54.485905114447434,14.442157839523016,715.6348949360918,6579.006463038343
3541.956810021071,136.43787523874389,12.949864886747608,930.398528382304,1556.534949224529
9615.814615300544,39.6987543264269,0.3963524143204115,869.4138005007325,3941.801505657057
8458.161954358908,163.29886966434992,4.134943270915369,354.2637880958624,3457.5533493923926
9807.200324333497,199.2578628190172,0.3956469554263886,883.4940736270298,4051.674580093045
11029.986785529405,203.70293588510404,0.6301631182604348,361.3778652925339,4489.818332595427
4258.375764376845,74.4353145795879,4.836005296684186,1157.7316888499454,1841.2645454966764
3330.3429440855653,77.04160184977852,12.234393466861727,782.9387036553801,1444.1909585700123
3273.8650309354693,152.57009676272205,13.083862916240728,863.5733062676451,1446.0431567278576
15211.182387406554,240.58507616601517,0.4571870660674666,470.2098455334853,6180.2967353482745
10242.081105235604,138.7634417405515,6.28589999615745,752.640709107458,4209.2780513473335
3029.7411117876827,59.67671709424887,0.5495161173385882,891.5581510988293,1313.8118774198138
3988.450058275268,64.7557061498742,0.8235625189865023,734.7069369015878,1683.0372020087207
3387.747449043301,62.17336997335275,0.4612331791014531,1210.0258723241568,1489.2280906130588
11308.5259485455,216.63280636820278,9.208783321087616,1067.0786425712568,4687.257979930598
3932.1644740460797,129.10671782704816,0.7508559503702191,438.1359161403301,1643.62700872343
8597.775177086993,149.21200851626062,0.3403507921286384,884.2364554006322,3557.8866442663057
16849.743659745043,71.63292452980735,4.551959169009996,933.0721037674919,6854.359197934244
3838.4698533572646,152.5882388494456,4.260155386281084,1303.6408527848432,1702.659907470701
16788.774787501286,151.7224828080819,0.9035707833757423,1292.6632961323828,6876.4760973504335
10829.665628845041,80.1387720719863,4.3098010384196055,1370.6031033101979,4491.419017841063
9702.36510944297,206.31015665006424,5.6598320354201395,439.21526189976,3974.619349350307
16154.032822601148,78.29569232182365,5.462812124007599,1298.021170322671,6615.268602723102
13991.550962924483,61.816343525512416,6.5173820852972195,782.0325358079741,5696.962980583639
8785.942997333594,159.97588041062616,0.7251634458873127,1245.6465571763374,3672.024775902028
9721.827089419834,70.15282172089829,0.4734547449170794,491.7686600647413,3952.6484482359633
4124.749280114831,210.36500924363804,0.6123204074007085,476.4410420802318,1740.5352987137846
9163.990494297383,63.34199814237235,11.99249758147143,462.44173896666166,3742.497517616301
10207.31366674012,79.55988657846144,0.5802409786358704,753.6589631703067,4175.073701796725
15834.383436771488,85.8427170502613,5.724752858057973,368.5900229389131,6396.368049699626
8698.15266242903,149.81198801603637,11.830503709493847,828.6306143886695,3609.8322795779277
8710.930866582758,234.31189917291,6.004079695431984,876.6998596373007,3627.9108319745633
4610.886616948957,129.95250409046508,10.943966460753028,669.8438097188097,1953.7454782606867
16083.260850701874,221.48698142444204,0.41187525926477747,417.0176371328421,6519.921313167819
10253.354704673866,210.8585526070252,11.18116822714796,396.6991341706918,4199.955258148742
10179.306949405904,237.5049292029131,4.553287193516806,467.5708977532995,4172.81078616855
9694.251516861626,130.13385533656248,0.6071941413173414,857.1123186342223,3990.3494008873618
10225.235024635651,78.51875394760316,3.945140693978358,345.04591928881206,4146.2200636136295
4204.511084963948,66.9518006694315,15.646210207231121,861.6963417897122,1804.8337436092834
17779.823770297247,73.26011369197809,5.979709461772723,1254.2731789170944,7260.978412941663
19161.027276561013,135.5325103942647,0.3512842703566661,719.7551812326137,7764.019857232055
17386.212523316153,181.25092572134267,0.8336139874145139,865.6104186578835,7078.546657317639
11048.574804959964,171.90176217766088,0.6681961233212164,814.7032977656656,4536.282898381067
4210.012362799776,220.7327199066134,5.706098966201239,282.3935499646933,1764.9499925470045
14798.301159822076,222.39846745886987,16.614825324415577,860.5272753536996,6074.775122942598
16273.80347195242,63.790338448154984,3.653087222440627,478.0420311676247,6575.563290421023
13974.391579609219,57.705506908002164,6.943559095037305,1171.3574932034358,5728.848821188187
11355.194709573392,71.29310010947269,5.027157030180427,1305.2264819089257,4694.399887587415
4171.691376258245,204.16224983848684,12.62021455071968,1273.133790431645,1855.7527013402396
10327.54377518532,163.21087534695718,5.0219951059568535,379.89641323039217,4209.182319125494
11474.807597413588,73.86591169485463,4.908335673816456,1542.9754922549498,4766.356274040627
7067.59246622516,132.251676987353,4.467611227596916,836.144625110108,2943.803201239941
9925.834283446115,157.4136670588915,0.503393951977127,456.40873707564936,4048.212411425755
14889.711260415803,68.40591665812494,3.98058732876164,915.8641115631142,6067.122979647401
15011.232732312734,203.5616558659145,0.42991429044368773,495.86679122431485,6095.436974656374
14557.220582395496,110.31777266823151,5.823544557179165,809.2493249019566,5934.612036817809
3690.28828031791,67.69514279267368,5.751272266152854,792.6172568556949,1577.5429747704975
4127.229887659737,55.566205313381474,10.4745667826542,749.4687274994989,1752.6639190505023
10490.057213834922,70.78419014920159,15.562572038890158,832.9499851429613,4316.818580136441
2867.2837966088982,80.46707779824305,13.414288455748114,1415.4528865351297,1324.673655540343
5180.380960417522,153.0759576881423,0.8681779809284933,396.754078319209,2143.7452505079514
9145.268848494487,68.10847958881752,0.503713666274652,853.3559251432093,3757.8203983292915
9505.562526157584,148.97991923877663,0.44179590370184174,902.0862974945483,3922.892317915797
3811.23088824218,51.23484929335696,0.3685648995525428,439.9325837630036,1579.285430881173
10339.416436812366,59.972225578142314,0.5900607440107538,447.39951269653176,4193.386062226245
8626.43826521729,164.76315748508415,5.695296484089653,301.0463082021269,3522.17551313028
10314.872061681612,165.93780513439964,11.251276944422393,382.1747393595219,4214.230775052111
9989.757657334296,160.7945571170343,0.34284188221324496,1408.0802729202026,4169.3842644724655
14985.513802026291,156.28413016858624,0.6195104408561023,1147.0648899464259,6141.098101500161
18618.670570099945,68.92921204367246,11.503612011525119,434.9923377987201,7522.008722245872
4673.855334954075,202.36874964819737,5.192193044818817,858.5374555859516,2003.6579190370933
4623.291079535185,211.98869283148673,0.4470859231585535,773.8165218269869,1969.7664514478083
3930.34208369171,149.17891272711046,4.952056811782363,846.0608889704755,1694.006790136827
10294.021226614179,127.00292100292685,0.5364588153073824,1414.6561529970131,4285.279378368919
3578.6796263392075,214.72392864611143,11.33716513752959,1295.0181586915915,1620.924199840359
9539.176592454647,191.0529438316977,14.026372047950657,1425.5578490641974,4017.4765687265444
7797.0615663789295,67.55104664120351,5.756707224389007,1347.7388521383075,3275.7437819302268
9468.620837396902,180.74360404183238,5.7744736066959605,652.0212883751476,3897.460895014686
15785.498784747868,200.52735758028442,14.459436975301324,982.6608180191614,6474.260222680073
9542.170217053432,82.91074549593752,4.2099617379638445,862.231112868037,3925.9882898143096
7754.769418832166,149.26738068062437,4.222637324990494,462.306577244274,3184.3258573809044
10020.685781638369,158.96735558891885,10.19132268692701,1145.9462606479071,4169.949393868313
3774.1004939343397,62.99122773201037,0.566810430512605,1334.3156351174707,1656.520222277654
11733.187191849931,117.03379902690618,5.051980563661319,1172.4717736266225,4841.506784753508
4687.483065638584,161.77270364382383,0.28336748626107866,857.0187618289883,1993.4746943964888
2679.5599245061358,211.2266860132636,5.741831452436592,395.50302455601405,1162.2323566393634
3552.8019805447375,137.3650035709413,0.3715532069395244,412.17922605091337,1490.369045347584
16542.189921331035,127.41730066908418,4.89330240077879,331.19092851335154,6682.8184751187355
3814.0521866839595,148.40542832638317,12.3301213972577,866.8299416445564,1660.4801365992025
4244.4394283879365,62.45730718880484,6.868030516722591,861.5728645746487,1806.7265650254842
10383.83801425657,121.9225367901393,5.883105800620235,730.1942726196469,4259.763799023551
10449.562036735544,61.86655271489222,0.7201872940636177,771.6354795341639,4270.4419541317075
9704.049331853726,150.4339072825614,4.174914509975931,469.0242398522787,3964.8713099481947
9220.759690970212,239.6712964143848,11.002869686257048,375.5510649741034,3790.2975466977578
16933.797592349703,77.67763652147961,3.6832773169642516,930.4527438334874,6887.624754602973
9907.156552338898,52.249005806659724,4.564839616203235,1271.3300718071553,4107.292688701911
9112.648244816937,144.3000613122615,9.360331308852015,401.87025319924527,3728.1468324724297
3880.434362538868,149.68839303907578,4.936773655010744,564.3859368248405,1645.9551777883623
8631.805384576257,67.78553193103603,5.558396326135584,1441.165279390132,3618.7333826449267
3245.1740079816277,170.16922907382335,9.38991392242547,351.03109534834226,1381.291429425888
4227.091967329841,70.08808948252025,5.2885773128764555,827.4151263761884,1795.5287834353742
9926.48498187672,71.2618187610326,6.266705126226639,1303.1767147773808,4124.564085669972
3526.0911342637573,45.29017301242389,6.879822917422249,827.1062978824268,1512.5248524723636
3397.134514810279,87.13689799964989,6.984127501854024,1344.7430164389068,1521.2316784207135
10046.966934379661,77.57821499232945,5.188314740186256,1360.8929943090968,4178.174188291519
8778.087131159153,56.6267903016728,0.6511085982302013,498.87794417707977,3573.424667839049
10208.441422376618,129.47440328426458,0.4954123261476104,1344.1583049202857,4244.43039858875
17003.959955560247,69.29697955254616,12.729939539947841,717.3338233711895,6906.2716697816495
3358.647405065495,148.35554340179462,10.854336291414466,1414.1952125113073,1530.8310963948093
9518.850691973228,212.62819605518195,5.654371301816114,853.884001695946,3943.9358731226466
10009.033553743651,58.07245135199799,5.985246267339537,756.2754029327692,4099.833321462146
8092.62942257951,71.93374646628652,0.3757075496891658,862.4774518960285,3338.249824839198
16637.927274101272,68.17639495768907,7.992672430409602,740.4776125357796,6754.84295853124
9762.314316162785,122.54779784557266,3.6463356409273358,1167.4750507061535,4051.652294566235
9746.798794453076,124.54584030555387,14.807931265249763,833.2450320050121,4029.1650859407173
10644.081936283706,81.69536219843941,0.30570683567128065,1314.105936025099,4405.841000809188
4075.130231414926,73.44132774438954,5.300228457060842,1237.5984622193118,1776.450547022371
9387.89025419356,138.46168501804942,0.6677112303564567,776.3915695009821,3861.4891624766674
15525.278491993651,74.55069721451837,0.7330881374497759,886.3610013478515,6314.757268581324
9519.53521464123,53.33973946799041,5.479065800609489,439.1093260656137,3870.6115650575657
4112.15239664591,138.35531852064625,0.8638524659824733,430.6655974995736,1716.8943608114243
10844.155077274425,71.70643967259569,5.714144299105958,812.9588943196695,4441.870424724914
4291.1555078366955,123.81029664321969,6.582688789775258,706.6910791052062,1821.7674035585057
4366.450888428389,145.44962248951822,0.5031507583511134,1336.4977860758345,1910.0747846143693
8042.950390587748,62.439618222568896,3.977481571601701,364.58121165264356,3272.0924234022796
10142.215696505096,76.20992254735782,5.831952795139497,438.5509707626626,4124.731289380486
9158.412293133559,205.38516523073613,0.5802846536482683,783.59173957367,3783.6715512374108
9538.631871910318,160.4365418681094,7.346127462329604,1223.9928090649782,3980.958529237742
15633.486391031116,66.07725809005798,9.051467466719735,336.4610237213183,6313.833311602671
16571.119516959734,162.26028681549644,6.152925251505079,439.0265079396587,6714.031902818217
3896.079328965158,179.56426861163203,5.437635625734366,776.0882634444464,1680.109865091436
18192.094547035114,174.5814963731986,0.6691869033922477,862.5682536505853,7399.014723808833
16544.684576542153,153.3447981877729,7.008456228870297,659.7208791719343,6725.027562514915
4142.15348680804,177.60798091740958,2.8922137019614493,783.8284029155571,1775.104151751196
10213.334663360461,161.26748240066289,7.175895868350256,863.3820686606495,4214.689412492908
15596.337525200468,152.367839932135,4.724126894263722,755.4000732123772,6351.634775729248
17083.845178750067,76.29476450203369,4.62843661794015,873.1516363527512,6943.05484296262
4506.587482907946,168.36648435557393,0.9179104861688071,1353.3796712051771,1973.0231228840644
8222.600397469821,197.95140858005004,6.157269366988479,718.7665085157577,3409.7429956059973
4455.3605063091545,40.703640379375244,10.421069404850924,951.7919074170234,1901.0957254485159
11406.58282115339,115.97536317349116,0.39089900350971873,1320.7628915713233,4718.490838758451
15584.220882069569,75.33657626490191,0.4505074037021036,1260.450530538286,6375.476482240189
3514.6595346887657,74.11120991025919,0.3751796891829723,801.8893889846446,1501.437764289797
10619.978183467709,158.0514490592937,9.69139832066114,1379.334519475935,4432.0721126275275
15026.089353208597,63.92536904899876,0.6742126975734706,720.635099426552,6096.2956440822545
10066.752601718952,250.94647616604362,0.37585788353375377,774.7332479854902,4154.927447544639
9674.027161366927,75.61082198727753,0.5492542612452003,1181.7956210883744,4003.7364724449317
8871.123768662961,234.21366137277082,5.3942423081846265,910.0313511676769,3694.3867383187835
11090.183755522059,52.693716528690175,6.136324859411078,385.04808690360505,4494.321541494039
14863.498659222241,137.96485009263807,0.8203844776171129,781.14005954165,6052.337016378015
3952.734539854672,129.74163435858114,4.678154988501113,917.23489937226,1705.7828652335631
15307.620903148336,73.57182247392765,5.7012742748745495,632.4906704588016,6209.563704212312
11485.293458788794,165.73475494907706,5.494542446776409,1343.1057973391487,4769.816727909412
9231.400652360915,155.7007090255179,0.5088700871439249,415.7949277612194,3766.043200656308
3318.693160940583,61.6806130607849,0.4183097622395075,422.75484282074103,1382.7163359138235
10027.026422773386,71.54752876503531,12.861826130280175,496.82814405258944,4094.095628463041
10247.536883964302,157.41452534598332,4.958233476790794,997.1680466246551,4237.65181353257
11002.846417971812,62.18776223064497,3.9480653717464715,415.18127849514775,4461.016345541989
4273.115089367192,162.70459321212783,13.85794122972389,1356.629776774261,1898.2368439113145
4736.087599986553,166.92371994680505,7.014706442368144,810.1379951825334,2019.3556431657878
4790.6744883619,202.83816251255018,0.40258911021040356,963.6546328219304,2053.806774794779
4287.314135538494,238.18150710319674,12.245283589104634,354.45498961182324,1816.3753799808762
17295.286503703,142.86315662179555,5.146360754609259,483.46055004582047,7002.752828942055
9474.860199283608,91.39310677304523,14.444794144792668,759.6566055375873,3905.8555528390007
4042.215119058298,175.50269665665434,3.025066013106494,1025.8277515901377,1759.1069611333237
4010.8467158842727,68.81302345964069,12.91812154426845,1284.4861350131878,1765.9270868633587
4011.9335316724673,172.31927376552503,0.37819407537936234,817.0638834483889,1721.51094688
9769.709907610435,151.42001151148702,8.616611412353794,487.8814257029139,3999.8810250352935
3443.8452893721887,70.16171812376442,14.087629860723887,431.28965114715817,1455.83086927943
11006.560163757726,201.86700177346978,5.54317086418893,365.6116232130974,4487.873384475378
8891.91150640569,44.262757422046455,9.939702188794596,793.1528871577464,3659.841996045652
3989.9488674402082,71.66216424897387,4.130409347078522,1355.770737626647,1752.0846676091605
10652.669228185816,134.70167055904895,5.5850875289649125,938.1696550818027,4390.202622187763
18353.982321675514,66.94789007695024,0.5245282569511216,726.415505998197,7428.410849670841
4079.941916818996,235.50232589787507,0.21838469799496402,579.115883290025,1737.3163972831685
16503.984174775702,87.07274030456196,4.21092875140257,643.7582879573017,6689.700439894027
16844.80699478789,136.8323930651148,0.6130847737816219,496.0637502275491,6815.815278711607
17127.738003542523,179.0838980067075,0.5793638189155171,848.2075075379056,6972.601777500515
16960.845020166213,70.76071519909924,4.634392046130871,382.6436929598846,6843.70610847149
3708.6131562468454,179.88822558426565,2.4022919029484524,630.0315084296171,1586.0294963129759
15439.635139130454,85.29432003053624,4.854264468101933,844.9165673575435,6284.685973096196
13371.873641667155,238.22215196825127,4.930740641793961,708.0032061543543,5474.590318638639
11950.124234974415,145.49421538629176,3.0984586984135474,901.3547405078118,4903.931699165427
15715.142115136996,87.25028984062615,0.5174876490406952,400.0272907906733,6344.285864575552
9317.318927767756,61.85863582425219,11.415531725263104,340.4977403065141,3790.472369890499
10302.18447907965,81.31676576834275,6.477467285783744,722.3217874466754,4219.085524458871
11958.386547454806,85.7020194815588,0.9438688482453119,961.4561497470797,4898.056441125311
3779.832741140689,148.40447621626907,8.8758185357112,796.7848703955132,1634.6062065426477
3799.0970272141067,215.1887760625095,3.7441794012868335,373.7923835100771,1605.6720735510826
10325.490305530639,75.54394100729554,10.813555608130377,430.5581377580915,4204.581057601719
4046.378043841967,172.51603133948896,4.223612314019396,1259.261327048009,1785.3159749805147
10397.56335545354,74.66502741555422,6.138172996640554,791.7356062597698,4262.339167785464
13802.614640708533,132.89093361149884,5.142685184251615,1204.7214244350412,5675.810213225594
15806.3514432133,139.151949154652,12.17681787139326,476.8297422518529,6416.319168148526
7388.044043238602,74.9045886911328,2.920696550115741,923.5147952588114,3066.9310593847226
9394.67778713154,147.90388721918185,0.5624402711244618,886.1960216366853,3876.9151548668074
4382.518116131044,140.87859688564217,0.6101366862532089,475.8802277975391,1829.6861936386797
3774.946005550271,66.43141306246906,10.4527862666196,1042.5505082250058,1643.198915055032
11311.343298123405,199.96037490451474,4.769495113733137,386.0457521298136,4610.288212113846
9947.245812448102,214.43519163150094,3.40473863048668,759.6874351869012,4102.861214769961
3465.995883693382,125.03186272551204,0.5119890213119612,386.16421700915186,1450.7891312553384
16237.789579970946,137.5526410391406,0.28562697431957573,1202.7805903855874,6643.332859696246
10002.636815965401,79.53114143596753,0.6614345530684443,1287.8581013335775,4146.7389166363155
4194.461918037494,67.4407206099298,5.122774805390701,670.779303341231,1766.0350038791926
15070.963348768182,181.81594021567582,4.953433484664204,439.0001660094114,6116.078694378345
12087.77679883263,66.64550534026326,3.7911864832743185,943.5067587115409,4948.47727619717
15955.214242530632,148.30620836547553,5.76431822955806,697.5712756286545,6490.15054359255
9333.002203062635,189.33338849230717,4.595929911174404,418.09191103433113,3819.77064489371
9451.448331378358,126.47423013703127,4.997704137391609,392.0826566216716,3852.5790004470045
3868.8731992755907,72.95067150872781,5.300794425594837,311.6714083728348,1601.2577464876576
9542.130583632821,225.0415919190403,5.613781773368725,384.2102235426942,3908.7022468512596
7732.370218874532,126.95578582322092,0.5969444813639214,1384.1731762218244,3257.6519790586854
16910.532878222977,63.56098563631888,6.699011304065252,402.48543217215547,6827.222408589768
11796.92118287437,219.08979658676168,0.45109797309219907,719.2879248869327,4835.191871915433
10498.77829172386,233.84027557287388,0.534500043234857,554.1635957371001,4302.497481442681
9763.08635083081,214.97132694872627,12.98397248275558,774.3785499950852,4045.1426194457113
11274.935098860897,55.762327919228326,0.6598437699452364,1380.4029643446447,4660.1565672175875
8086.065167779403,69.81883738179782,15.223160428463585,1147.6817135914566,3385.992746589962
4433.184036655032,135.6090739766844,11.220850183460724,390.0355581412177,1856.2302605466625
12428.759193871056,151.88720563665086,4.169062400037125,922.8405436805564,5100.418766643864
3348.6668809709363,158.65042817177456,0.2740680419635324,1233.514273013784,1494.9593673870531
10449.308065221958,177.79490620314277,0.5995992364289148,392.56944369220673,4255.438550553276
9710.370775661588,57.07659597621427,0.06195171195714433,394.8150942201955,3935.1380664498333
4158.522648818748,74.8018536755579,13.002860489916143,1150.138842098035,1812.8876052072887
3844.9165081498027,256.621768597631,12.833959232495614,838.3111389286477,1692.3730097210555
9900.388395024005,167.3606633314511,10.568155988907966,371.9974120910916,4046.679465868364
8942.368999062914,227.94804440618353,5.006040147564775,1207.0080797721218,3750.747076704962
4048.712227970613,70.10355409796603,0.2042591698568998,1148.0811365061131,1748.6201044132354
4485.432071402585,221.2966656675355,0.4704594966025439,439.96272880686723,1883.1341238201321
4549.540183018293,220.4433588228125,4.80071293034538,871.963286002642,1958.3021429676621
3280.548871537524,166.4189205360709,0.12922681210013637,900.3676693885825,1435.7339398792324
9231.205295896161,72.17935208993441,0.4190228393044111,1322.7620708661009,3839.822730122018
15763.187958193628,66.33417393877166,14.424076802936483,1210.2724976583308,6461.205383035444
10710.726724476688,229.65894239316148,0.4445987425588256,920.1250457327644,4422.901880956422
11612.76155000128,143.15058148851077,0.533825484636776,709.3832659038663,4745.473801115557
14489.948280664697,75.14791239121897,0.603143892915817,516.5940665145009,5863.573017234947
17841.056785806664,236.42462995796146,10.520314090195987,726.6001691321496,7272.148128362767
15850.649365951045,83.67420854800243,0.6523865094963976,1339.8879001131647,6491.96195786558
3514.413296039715,180.46406659712235,5.098446325902986,482.8671591487298,1497.7925171390382
17796.22632425391,222.15176465716138,4.653493533212945,973.989022239417,7267.300025156757
11585.825703146833,98.48447718762984,4.363093646914666,764.5855933513702,4737.030376501768
4698.898133088474,205.44561547521747,5.296206324374866,369.0601148528681,1965.4986973022826
11303.28736106286,152.62158350082547,5.613810187544451,1284.356472036163,4688.695623610242
16190.586027853922,229.45331006704217,11.345502823504212,696.0609143008635,6608.74941882032
11054.483014924033,80.92048223760683,3.6736471570658082,768.8808626463633,4520.37585941737
17152.168475649316,219.30715006431672,5.8400675848434584,880.1462401249488,7001.50354566235
9161.369790585757,67.35033116889025,0.32062000604064855,928.8665608467933,3771.385568561822
11163.428314851477,67.19896570018035,3.7116707871995747,420.54820546674716,4526.433445808102
3833.900205515876,73.28392647001687,0.2899910399613874,959.9500351930732,1644.6468575796034
14507.20811033226,150.23245477012787,5.31513015457233,364.1024077402049,5877.312671092809
17061.515555139144,236.33125572374587,0.2784939655815778,1342.3236108907413,7006.522575237854
9407.231819135692,69.23419368038655,7.378555166600202,736.1024614896846,3861.417645289223
4402.664465324956,167.26170768195814,4.235254626952493,406.43619556707097,1841.5146291635099
16095.056590919285,224.6144070417264,4.006169943583023,387.78731430308676,6527.733504121742
17054.196271267334,164.72906726133624,4.5023179899920835,846.5355622043808,6946.031355164628
3489.369106259152,75.55282616386089,0.6658552635412534,800.1258132775217,1491.869571959497
9461.658608010974,45.451639305306095,0.6375423393364761,412.6711825482054,3835.9772028292764
14453.90004364196,210.06954683535005,11.026341740488027,786.2806445984774,5918.741503894434
16824.33878448248,159.30016234067637,13.40579063876155,1402.10349404829,6921.914581624098
9308.429192057225,132.32862607671527,0.22016558416722898,853.5499660898156,3835.5226470234657
8191.412254560256,143.25350173507877,0.9329364788436065,806.9708573867338,3387.3120926280567
11001.293823630884,64.7922232865733,13.37601861039796,397.42925047149504,4473.282927072414
10001.450295714414,198.26070654175254,0.3740709297072392,462.4010681478198,4087.033472803459
3248.5019690562985,72.89755344204525,13.244662110797767,425.48660127440155,1376.3959516045654
10755.035732289902,175.94331849429653,0.5803492466997698,370.3664935596132,4375.110129840831
11093.744846890006,138.2175433112028,5.119366289476555,826.8715118823561,4555.507648040693
9695.047536494907,182.74493364773036,0.4917566025039371,691.7323379247025,3984.4788700237355
9821.674997622027,155.08437548735185,0.8230844961156485,743.6896276378473,4035.2904636542394
4076.1438359373524,132.32364060281077,5.163887226768668,954.998516913179,1760.1679450269742
9342.523133542949,164.39276819411614,5.773768378618388,454.1889309119278,3823.9673527151235
9273.560118836189,66.6139896188109,0.4007517198283806,408.96970695738634,3764.2449437337195
7926.674604560019,215.34600188905182,9.559080783796428,681.2730121525212,3296.204964592765
15659.925123874853,215.1648804918322,6.97524241535175,399.2959772985938,6357.395487001196
9032.472722175053,156.5719295689387,0.5697737160932159,339.94919626356113,3679.1530549843046
18775.01912363898,82.29954240360019,0.3025254973645087,1035.5711656002618,7630.478462742384
12588.622946557602,142.0608781095638,4.559003673675286,713.9482331669213,5142.094683072159
3210.3228894222234,169.557339360147,6.124238701654038,724.8599978954516,1399.7129814829448
3271.627210837929,76.75140383212617,3.985750378668469,564.3517403608221,1386.4149647056815
3685.060075696855,55.57497153005205,9.118890097487446,761.6216049732991,1574.9795202283137
11739.946723416206,164.37823434643062,5.036646348560852,787.8468608850263,4815.193991847113
14929.477012840323,120.48443327857646,0.5896285070352999,747.9405481148135,6071.566189363879
4058.4724112127515,133.99911090163002,3.724473114115142,1453.5679138458163,1801.1322877211808
8634.921411475449,69.12611882077707,4.19901691903112,1340.0402869582751,3608.0963424287092
3798.1791105279963,71.57107298300693,0.3353451669035129,578.088881862109,1591.8977647443662
3941.183935588504,70.29687174871826,6.020965407386013,851.3503984535523,1684.6994365415796
8968.72010517242,107.90657848032325,3.37796571778423,1348.3603674488288,3748.972343086592
5093.770132805378,183.35405407704266,14.7879217479529,767.3016559038552,2173.090912149875
15426.83783544338,140.6671940747599,0.36105110362924464,631.336182712877,6262.543767919036
17561.240503311317,68.33557244996699,0.6334220607561474,757.4352876334219,7114.856977668998
4297.465402529848,82.39013391565007,4.4786406370782785,783.1703894767438,1820.4991876983609
18278.522297970685,67.5152263546732,0.25684994719308685,778.3681926796069,7403.134058647959
8850.343135986226,60.250418068096664,4.324067827463402,396.18311575418215,3598.2917513247235
15113.940610760825,79.14653616210154,13.529815326388018,1278.6936649248382,6209.569641018817
10659.544800753078,65.60070834196624,5.769156936634698,768.9367730093652,4362.485474675514
17643.678364965283,168.91162716665443,5.167848026032911,1661.278396756722,7265.133283134166
9812.340756348764,150.5779903164663,1.0186703311060907,463.9330429071725,4002.9732103901756
4967.21161130301,66.88761007951112,4.968405556810798,825.6978879825741,2090.2845636705797
16912.584892432682,135.61103012350722,0.3393972091739096,424.1431703912231,6835.079575850658
4529.496747195616,127.94199734031861,12.305494515568386,300.67973046220067,1885.9133131658828
9383.482611263345,77.14705369709598,4.2995355204952395,645.6088041070436,3839.8326389362046
15950.891284053947,61.707491020176334,0.4486060110852541,715.9367749798045,6464.964598340222
9823.593476479848,164.2784355706458,0.7209854912570881,763.1256500036329,4039.6871209433175
4542.911049549062,68.058297178757,0.6113064254057963,1416.503371584726,1973.3433760519576
4771.271058076407,70.3806057748882,4.126518646302837,873.5400336875678,2016.1283257237517
8953.394375400816,211.67529647825248,5.123719717114319,636.6223614018363,3695.0406251718323
4289.002551050044,204.01159496797288,11.519088457794135,464.72062156205334,1820.1540342565086
15676.936239552742,81.48401636212718,4.540173000366101,757.3823439955372,6369.619792993626
10563.010197770243,234.1336211099828,5.148728565411393,403.3464596955304,4320.088542147763
9990.293555139162,156.52429814836643,0.43510303274603107,700.6974860725733,4098.144684841715
4678.907001705157,232.36600399792007,0.34759040513946404,865.0061904630629,2005.0580061356625
8364.434388751251,244.93662317897883,0.568264591001164,831.8165007601821,3478.795127098816
4127.521024521807,60.138737254663894,0.557639338079927,1115.7002792661247,1775.4426441933879
8907.038794701122,102.01447510770393,5.884275827722399,850.1587281433657,3677.06069945791
13673.15230558115,62.67278690205679,5.616783577088412,402.84404013162924,5530.505058991668
8245.335882997902,68.57425554708699,0.5931310600527823,712.7282441767138,3384.011725316329
4294.553482415836,69.04755568824683,11.612187315320119,799.6576527110037,1829.0149503480643
4091.411020089903,53.7454128711996,3.103010343078145,1349.7845376715989,1786.9464598919785
15706.585101261378,183.59340641221135,12.942638953575964,754.7731847403205,6414.2439986913905
9966.956685961653,161.00349898007545,0.7050511183212173,307.753959717954,4050.816346829954
9877.085600754523,199.11854301186696,11.997292412037858,854.7727695604683,4094.131164478286
15671.029562487678,68.6168425770506,0.739801685832486,414.360830400175,6324.680979079248
9726.49031315826,151.19830623015193,5.555390662508965,885.0935646997123,4017.678228973069
4812.220934952726,77.01212696851383,0.6208166259038286,815.1206694366873,2022.7340912573177
10951.409109104257,148.45402387888822,0.47127604775869475,383.72768983265274,4449.334131472385
10052.957951842513,148.97505388795506,4.033121875451678,495.5552427873323,4106.583398606507
10791.906543796162,88.23014462757386,14.834611210409197,1157.0856011382177,4472.369123373415
11436.16774555018,52.87816603309554,5.049823976213522,425.10675446385386,4635.128142837397
16734.16287550151,183.1585453350673,0.3615025593620359,826.9510156950214,6813.534214676164
13144.422956165958,68.48872614879119,4.978878913049481,412.2539102970558,5320.160637095421
10800.0511291611,137.2562787661914,6.917417455430439,835.7731322797327,4441.425146828798
9342.06768477052,71.26033332093824,0.337327674220011,1405.2932339025247,3892.1144554739785
10044.8921880064,156.73967318525496,0.6479356319733014,1172.2437302911296,4167.501086316684
2846.890737250213,68.6047286685286,13.120562901086938,801.1666542231156,1252.274750407733
9804.227915025358,170.10607825430623,0.3603705918674894,371.0082902039499,3993.3537665692006
9013.461900687034,197.6314149042372,4.862534211422009,1261.882504500979,3778.393095022892
9942.025137866945,214.72302841563697,12.699578759054749,828.0459571981539,4121.608624688303
2724.6704588093608,224.47714979809714,0.6143903306465142,470.87874748528907,1182.7730737278625
3997.828269841661,57.16440950527847,5.03124372734607,694.8006238347024,1687.5911178122096
4543.176437641279,81.07308295278676,0.51443139203466,793.425820598011,1913.5994207949225
3499.7389301814333,72.93933412425028,11.122673588569334,378.97094203865464,1469.064543484143
3505.923870430006,161.3905862131287,0.5713894641725046,397.95984273259097,1475.300733884146
9815.143988078898,203.03324077031758,13.59071810531113,426.34468104091064,4029.6847886476803
16340.892766356548,178.13321030872,3.44279322761123,443.6050297415325,6621.508441419934
10787.915185136317,72.77853131886458,6.5128175337698035,724.1477879434312,4411.905785413297
16559.155667571278,213.8664297581077,5.840955939702275,1293.8596815258568,6804.582955042272
9876.453453507358,61.84396318604842,5.3974805696199954,1350.0023199673838,4106.0466268913215
15590.869402403421,55.32098523470775,0.8024184076065273,798.5649352019802,6328.472079139919
8322.873497428918,151.0829749341081,11.567351901846488,719.8624110895238,3448.7032629201112
10601.959217074087,145.24945350208628,0.7210012865605687,1485.5818101858101,4419.473260478475
4978.09936518999,144.54599876341604,5.377481497930289,354.6951229706818,2063.684680372643
4350.359890431482,226.6204862227823,13.081543558989184,1328.5424345962417,1937.9446122152572
3521.8561280736394,57.176589318110885,0.46241561802901743,1386.1786418996867,1559.4892567100903
16557.891275208352,68.81452533402133,0.3536991546024297,1280.7482708600899,6765.524790968058
4029.4707800265946,49.417726057959115,0.3563895497545605,471.71127766635243,1669.377569313497
3069.648405765476,83.98399206264735,6.676110762359814,379.96533848274413,1292.666860710534
11559.395911704907,161.5237682648399,10.792862482904589,435.84147171173674,4715.836559230462
4753.929065446033,173.75394227935672,9.832093661469807,1319.4988754832204,2083.0204426748114
10732.032474731606,234.83143524064252,10.815095857217138,915.7096730383723,4447.572888030434
11144.904885410186,227.26838712298652,0.24633137930756793,977.7996485167056,4601.565093509303
8904.051519847393,204.57725420575898,4.101175321959218,1300.5155351059784,3738.7393752736457
4125.621421799215,197.9194799141757,6.196199190425463,380.2977849764021,1737.1565419857993
14916.477946666379,75.63453086273155,6.04567608310602,738.7285811061224,6064.659457074369
3669.2050611842924,62.8551028847747,5.630116791612948,757.5463759314677,1564.4528578312381
16044.676681944586,66.80725264943163,14.586039710411598,1430.769551954485,6596.188138068786
4359.595965699583,169.93436650297235,4.714144014759078,761.4668064392393,1861.04315624649
15723.413656600707,246.80587098536256,6.28449227975381,902.4323674367283,6438.39661200066
11090.830052183552,81.20393167237086,3.8771801357758857,1216.0347928455733,4579.992056696117
10354.74454944859,62.76039852278286,5.618892808970226,1193.4739921013772,4282.225637907586
9018.677685544142,150.43313013373012,6.180432366489837,858.6016560598359,3732.6885144001217
8603.573974177669,56.20913649279308,0.4281743389928909,945.1778243398873,3547.831460912105
13677.39253501884,135.04933885061453,16.284024768486425,400.25496679922367,5562.418415610311
15595.377272850015,112.93081142084286,2.8475012490682095,818.3601821194295,6346.844341509721
3788.1016068397676,135.82190019349352,0.2810968981846837,955.7914838839731,1638.4058165102801
10172.611617708777,110.25940496492844,0.45283845618368157,529.1775784314377,4144.693543603916
11276.375246238424,207.47972170999617,3.83991840199014,768.8019560996906,4634.686116050323
4741.469738899794,139.00712565522682,0.33345217454709686,752.5287819142364,2000.142377144207
10323.651859749289,59.300194135356364,0.47777512196039434,720.2801964170634,4214.065465051433
10911.145656768924,60.42990430978389,4.261325766999182,549.759990221249,4437.9122312421505
16914.08834236596,145.6306047423811,4.976404234634474,371.4844128994826,6839.374505536761
4173.766283719369,70.66971382490648,0.32880299002677726,453.27106035846685,1729.4607667736161
9875.671998590567,228.0153778143686,10.536048966717109,401.1426055498475,4051.790209004161
9152.858578490674,62.971742814649296,10.750305962521255,372.6859018020966,3727.131829083191
10476.147560530273,66.2390109782443,0.453905006097615,788.0625455009765,4283.193938467002
16359.045080981125,152.9102096584183,0.6970376029239728,1341.4665000444247,6709.392280732962
15850.292041141154,77.94899039161317,5.874676540489073,919.2990873718694,6456.448538082706
4805.218837351498,153.35114579666373,4.094000513918256,590.3115604408212,2017.9299209148917
4146.018691793966,73.45455939239429,12.709078363911233,466.36708673289286,1738.7987148152217
11080.333864526523,203.11463569451757,0.7226405414422559,1233.2953405531425,4597.169967816991
9669.27200444534,143.02095796329968,0.4712915228968267,773.8694761306693,3974.4068782682084
3244.527719672532,51.556268533215004,6.1230762131244365,1218.6219883986046,1439.169154735203
8505.77113453989,162.478132706954,12.772041530925033,875.2365407614068,3541.485796729875
9484.567399116702,71.29074271865102,5.861022914652768,1264.2454670116406,3943.301189263555
17611.538607806295,57.14290666285784,5.586044960390814,824.5951144569767,7146.882603341374
11101.854313028074,189.01002184884084,0.1729349716859387,857.6333339124654,4564.566465429773
9379.958578344695,61.51062787281698,6.342609006096003,370.1617031341213,3810.8156407349975
4368.509454659397,203.14534463219093,0.6285564415941256,746.8057692522588,1863.656262377814
12306.945291064398,151.72848692963598,11.959900672913543,418.0459073445076,5012.868255555508
10693.550404995363,244.60917169229816,4.502850330717047,1224.141490928852,4455.510420925567
9204.058398759293,148.24345484822317,5.423658069956393,735.7130243807047,3792.9788400163675
11486.098319711828,148.51964895889284,4.771150591484441,760.1155508968828,4707.311538653424
10359.910683572507,233.90755504313964,3.9592269254208095,677.0184942216167,4264.386474247924
10092.444361278604,58.8096726527198,4.584548307826768,881.0053115971838,4143.717032663444
8421.66822639959,49.49805100339422,0.2907577167336596,1249.142358666282,3503.917273202244
18403.817406574322,216.41079347990092,13.424082954554299,802.6174135669321,7505.206987114234
9226.666086621179,52.574051845767855,5.453327298369915,466.1644815812381,3755.977684123304
10642.708088096831,73.00657857667981,4.862127474731129,442.3502063146283,4323.212762797628
9991.70949474036,74.91060158703881,0.6160582201142467,971.3501447853779,4109.725020022262
15265.337953154325,226.76050889176057,3.249143824872878,709.486491745063,6227.309647951898
8379.541782753851,68.94437657736864,13.937023489445236,1305.5981703412856,3517.070940685311
5537.535640871568,139.16296680436756,5.63053242215291,843.3934832349112,2335.6319966662218
9621.29985565745,79.13348783273808,2.910401068546197,394.02532516678804,3908.1147739490257
3768.1478096871124,166.80419061455973,4.378365440907599,357.094990276607,1582.897009186779
18257.49144567079,144.86277095252473,16.13771908579249,329.6052335163545,7389.136234439145
11672.925233938275,62.264179779566085,4.432640772240503,375.6222912128682,4725.834119810871
15542.448951477963,120.57905335367033,0.3365944649514844,1403.9808024979295,6381.99836320914
9273.082420613177,149.81742429536808,3.9164921415250653,812.8539181262494,3826.3565831292567
3712.7675660471186,221.45407369139147,12.977990026851952,928.3814130691753,1641.7029675043211
4058.5716161119467,166.41353318853885,4.2087211488953,781.5177307387629,1741.1762078797058
9271.424495270381,67.15169650731262,14.210042966744641,743.6403272727314,3817.6792345870053
10129.487848146962,217.55446281775426,5.5299610529933885,868.1793446824662,4190.418907870073
5488.887389028536,64.89520703446745,0.6329470584683524,637.4173251942547,2273.225150125436
18181.656530359305,202.7566551075765,11.239447137358525,986.5945435765495,7428.73256822893
4030.766505253016,136.88387767222778,5.366975918679123,264.59498979411103,1674.193340493082
12120.162991167088,185.00463887959415,0.6020701192189376,788.8307208376133,4964.852301505344
9515.181660013306,230.63092125751547,0.24051474661671485,1211.992910121533,3973.7589113889044
3482.088276094032,73.22333874989623,0.5059291602812258,444.14606689933726,1452.6534786179475
9455.277006459799,226.42411071915456,6.620109243590555,1139.8955128154023,3951.3153398746767
4187.020428503479,58.14889421448177,0.48757999587324835,788.7790012555467,1766.0472203636523
11185.563468104418,226.65079841651624,4.796159937699232,1448.680968235111,4671.617883655131
12277.718100876904,79.71891568493699,13.504756601208094,487.40739263049704,4996.028897652611
10623.814781780657,218.66156080019195,3.8828708159070136,420.2896058077527,4341.1114916769375
9654.92255845896,66.542593614197,6.412795794067074,745.4521726117639,3959.4419530587006
17683.743388858446,78.4075971064748,5.1779470561393754,910.1803321596057,7187.963828764844
9387.044475182724,73.2165581287068,0.4098799452359189,430.6911279305151,3813.145034409736
3833.1350840955606,77.4984002844682,4.457397829132118,413.2330296573155,1596.7631134045478
9147.712856686838,167.11025722864792,4.824914357110316,811.8566176993477,3780.9302274260654
3967.2142193377667,133.4977238933431,9.179419521614397,785.8557491315901,1705.939936709356
11348.647383795616,234.05594911085493,0.7249015979682673,787.8734565916051,4666.144841396531
15362.482828378897,225.6198599474947,14.380361539641537,811.7629195118259,6292.863937601704
4002.15064376616,222.13253266471182,0.19543559816328443,774.9741294176648,1723.0773303784179
14082.874840958566,220.6280382037024,4.4501609832968025,835.5363421193153,5767.504419711044
10125.48412417074,223.32810817998825,4.977827553123614,345.7690717164279,4136.902919805622
4318.699133087626,168.3526251125299,11.990091260074731,1314.9449412962845,1910.629809277297
15599.393728463892,50.855984086882984,4.538861855452998,1253.3426479534826,6382.071245781462
17115.385860381783,70.88120054493257,4.575177724823397,1458.4356247407013,7013.036913323006
8857.552952942846,139.51282161326083,5.151542949140301,848.2470234599728,3663.475762269499
11342.958405343657,165.83570439470517,11.185509061038665,795.4609968044905,4666.674866288411
4354.590741453257,50.535665041198705,0.3660639760333374,811.4465885273071,1833.6371844063233
10872.211298058835,123.57284975490863,4.471691841424588,1373.7465164899545,4517.681278585648
4780.100232031375,164.56176810237918,0.7455290058922772,1223.849746324988,2068.455714574363
10303.483768189582,239.28746763500925,4.548217226169149,968.0521624448219,4272.87854288657
3839.442792335186,61.887404548912116,6.732459491714078,1493.765529406332,1707.6298400220612
8370.896983301782,68.74299000699075,0.5719479440322202,453.37620592857286,3408.302933831016
4215.343599013211,73.81098000790782,0.20911951836310244,926.9643040788259,1793.9097452922933
10182.97727363883,236.0503038282914,0.4245504757434337,438.1136941466032,4164.849165349467
9390.005441641959,53.55358293962033,5.681728358788204,724.2609899725754,3847.661584780148
9922.881995899934,52.22541417806768,4.919556991068713,1330.4548922306446,4120.022705905254
16333.451503542192,66.74545207125094,0.21599528472948915,444.4620792898467,6591.499892687205
8352.57912154397,229.80387984251135,5.2302802748402435,888.47984158939,3483.68582915729
16520.943393659647,138.31725043422009,5.595687626338479,249.88390668850448,6669.422729659061
9101.853198014574,71.50614962100563,3.556468501690634,1348.6005506526267,3795.2372669478295
17905.955763351045,58.26251006952496,15.497892352960392,756.2707687353081,7272.908722757295
10749.598182889433,164.95733373115027,0.49341890011220246,390.87792364447137,4372.658660616619
10726.796935896939,165.8014481486939,0.7271579311473086,861.59731280807,4411.129532166043
10849.053874509196,107.22166211685217,3.752650549688668,1424.4651203398582,4509.141370085568
10731.210088054158,64.63160239777976,0.6849096246550086,723.0022006907124,4378.737940207274
10092.303360100872,81.68044329834115,5.104975682978476,338.3622849091113,4094.7511247153966
10204.672848931354,63.66518344407189,0.66946221872503,317.57053375897704,4127.363422965342
11075.106731088516,157.84667231131732,4.74169895085922,426.70575699467435,4511.395151023425
9675.64220975757,250.40570488565174,4.748993551584063,1194.6123173944466,4046.9227469469797
4344.527963001199,218.04358318340118,4.302576336647843,793.2830007627018,1867.202066418402
14862.973483481219,77.63529825662982,10.755980652993072,775.685380832712,6054.418962106573
9416.330984428303,218.95165502591558,5.055197456467377,463.02182410447597,3864.207703371653
17792.467871267672,171.03227685205536,5.752202906127423,927.2723122737191,7252.549139464043
9629.05879196979,168.20599169254325,4.882375952822887,383.43145353333205,3930.9314244089924
4004.8652605739476,152.30269270548555,13.822935631757405,932.2384361711921,1746.3648898354315
3093.6207892572997,135.599974726137,0.37987932012565756,633.8167263703414,1328.51980226537
4138.723321168377,73.07661925415822,3.996418699051575,406.797765453882,1716.779056912148
16202.47701395205,43.93572009542616,11.722549685878949,465.2398145174676,6553.885755580472
8610.987549990139,137.16526928330558,6.218649211076027,1049.8449293718518,3586.140540606516
4012.6846681921934,112.39931139539289,0.47850626613554376,466.0973441045347,1674.8812233656129
4435.8659846316905,131.4473293966336,0.285592879228457,846.4442505007552,1885.7086741009214
16717.012042974027,68.1127467203713,3.3718745051101258,535.7361407363562,6759.058792364986
10254.517591755623,77.98346453954679,11.509330482669782,750.9007484664647,4209.75780018081
14683.445154723418,232.39522988310782,5.1701631080371,700.475823690403,5997.659934897086
15688.759599131236,88.73697271355817,0.5406457733714528,1155.9499771747555,6409.657200572739
9811.995650919926,51.71754832892961,0.6085406573967007,912.5491155014481,4027.3094925699957
11347.68302192448,53.36550298135732,0.5035293876372875,376.06927339878087,4588.108530787397
9069.452699630954,77.00758263686302,9.143684055372319,389.59204426752046,3695.8573268895652
10287.21026491392,200.8306330585968,7.271774920939171,893.0223500405007,4255.260129962746
9537.213059150929,62.405199318069315,0.7137404840378057,763.8616709821291,3904.8230413482547
10386.761164318368,162.31526947830457,5.2593181967269516,972.7091047323637,4292.327407391335
3998.874166060068,53.354484447093114,0.40197610834557645,1293.811807755058,1740.20470825147
18283.422069510623,169.36288148319628,12.309938344386783,644.023142655801,7430.108625883049
3900.187455584449,167.02568957968091,12.596837537181827,383.3560807395405,1650.7109845294426
4201.246866664432,47.97986520294302,0.7624843337344667,734.3063791936972,1764.6690841263328
10124.543076504087,154.61644390562208,0.45009677903477524,963.8247843441734,4177.798142985729
9970.698657458117,132.1220679740234,-0.018806158374164883,317.10051708304616,4046.3857190487947
14739.7075734071,52.82217707179764,5.130082015748925,416.6460424219051,5955.807192043015
10009.762619307954,74.99218772054101,0.5167917542896927,668.5389783545954,4086.532570734184
17068.54447473251,160.454605830471,0.6078157509676708,399.32402675651167,6900.352837361202
9278.9473552924,138.49940068172808,14.870675709114494,423.8637604756076,3803.9712118645375
15049.030691408034,139.65149712387338,9.354721927456172,816.522632744469,6143.22692215362
11482.72594539229,135.32126454813042,6.627059204842173,919.1591587587549,4722.011135749682
10169.263341131144,230.2322176526016,9.889275133885647,693.602616792772,4197.945954363084
11356.191231304712,77.88435891799243,0.47796215302692385,492.46366132020637,4608.016673667044
14495.314727279965,167.667385991522,6.616803961288919,417.0790400647089,5883.2924780586945
10976.819804167977,76.260988442845,12.71240754332517,406.9702741518142,4465.74575808593
10088.524969465481,48.090612177494386,0.44230897554189924,344.6533802323401,4080.156911708238
4588.685494252954,127.41990696512545,13.475642099636211,1081.5478025793627,1989.3264225015973
10970.113221090465,156.21480578806674,5.355128155978243,758.326882029719,4503.15363003074
11641.7060094609,66.37944779067925,5.163013032930451,868.9974562244769,4764.60255851434
4204.789471719722,76.43708212767848,0.3483811378596675,1355.5596932290102,1833.2817461431152
3617.506523401495,73.04531491055877,0.40423070131426564,1265.2727271990234,1588.7452911145836
12475.982297207278,244.03039909976266,0.44261601424853314,487.65205350529453,5088.628128074766
9523.656448833986,60.230626204086654,5.579226448739267,673.3315005250728,3897.2106945000282
3388.919088238617,156.19640260779664,0.568368930117698,485.6630204046693,1436.2257712526498
3124.59090641319,133.67037487846963,5.222169715588033,1288.046988504852,1413.2083909648372
3224.5385372158617,181.35363119290804,0.40510962204752315,352.0022491535553,1361.894030473353
4260.132203906319,225.00177141978324,11.53746676982969,712.1304256780105,1837.57247856903
3840.480848901985,56.27990647601508,4.924889578387843,1239.559060004234,1678.7915612240026
14492.979184197358,184.9135935641807,4.801913476416833,400.9118934834805,5881.468451954753
4173.927663055514,73.58335985359162,5.380539371010171,351.3614413404665,1727.494690383486
9008.914401707465,152.78711170635194,10.07538916200347,423.01403151444566,3691.5376699187063
3673.24160376601,231.4113488500169,0.8508695002726768,749.458608361957,1591.801076363012
3261.483760732711,132.8538245904138,0.6707433675570396,357.4877781515565,1367.9191620776583
3671.5972299544774,77.40707334022788,5.236874038994968,1451.9411721718236,1637.1697349255112
10832.844629939385,230.65698624044802,0.8666853178384057,1225.1874527611694,4503.088022476718
3563.0569468506314,77.7829318550704,15.509338735042071,832.4620604168135,1547.2895792555112
9580.750657683551,221.21531237755764,4.012189117247244,358.88128953944954,3918.4497381787482
10403.96652712789,66.82155187152046,0.27397305535907823,1222.797308052251,4297.641611613724
10038.144856838573,210.71285931688251,0.15311211647730877,1136.89354702504,4171.319537476026
10143.597852368204,144.4065927567204,12.366562279568186,471.44050307117766,4152.014353225096
4770.386004555961,142.69658397307802,6.182769040244593,759.9753307836775,2021.9654052557348
16509.34451096218,60.90191616040067,3.9035795322628655,344.52238906528146,6656.225795821874
4394.633669652336,153.17156133501427,4.095721535531746,418.92846651114314,1836.524209082349
18062.58019104487,226.39507033423266,6.069558247135398,1338.2179490358521,7413.237222759084
11914.942116022166,77.14117718675917,0.38614551844139017,394.4302289628437,4821.427323020165
15941.86714092325,228.62061651601908,14.5511758581691,812.9579726317995,6525.593540722938
15470.42365484717,66.43617896237187,7.369010973967045,765.8621677005526,6289.09643096235
3550.163108909323,120.5448473696256,3.1708995880305153,998.0976052574498,1548.7403229454453
16161.904080963037,220.86984423819018,4.894224500719675,1457.9098693087076,6662.067924914803
10313.30225814022,73.75931850155919,3.5549873610364857,1164.4242428007947,4261.847672278034
17583.818110893157,139.95108041835837,5.069517983180824,915.8980061009427,7160.7115380258
18511.758483253074,78.4450014400387,4.766936672263218,402.68774540774496,7467.811573138408
3157.0157591202887,218.74127222750644,4.7406636232770065,728.0559758910833,1386.4711511176408
17009.362196248214,78.45632793685407,0.5359238617520111,713.8620440578992,6891.626234285074
4155.0511763992145,54.03060346590878,0.16334693104011816,1377.1843413344245,1810.7900457828705
10780.651821537613,80.45682771517471,7.258342018045653,359.7915651170686,4375.218763696855
3884.848342672413,218.26117215320483,13.784937072489564,702.753826244561,1688.5443597327965
3377.4505435001306,64.17810234505741,3.7125988009554005,841.585077356782,1453.5432438061753
3105.1781538536657,142.78491414411357,0.61150526985914,373.4915392927748,1308.8946562043554
9125.832856930561,75.76721754098574,4.46539273398649,967.8351435496868,3768.9681897363703
3781.4436059763266,183.66355957341779,0.2559222594058683,900.6666081357638,1639.7606985078994
10775.039800198803,137.97074347663118,0.4420149798514578,461.53308367550375,4384.426399612175
9385.121882055386,213.3281223151102,8.566111976757764,454.3929106865712,3855.0028363189704
12359.140295721518,209.12167058546095,6.417448826179042,1338.9922744581193,5129.00585309078
4197.81028809315,222.273330512661,0.6477098518352234,722.0776830144789,1796.758114418993
12626.110496126119,197.3305044762393,15.48028273233621,492.887302100825,5162.419453654284
9270.5316997357,220.12128424315895,5.272151746469254,437.0675563424137,3803.8519199968573
4080.591902241796,79.45128521220536,0.68173757650604,884.7838309522463,1737.6280073991434
10025.183965369682,138.07607749446657,0.3743197794732641,962.2015059708526,4134.4704319130615
4060.241266732617,75.99209587884934,7.654329999631901,877.5789993698966,1738.5343208052543
11410.525342508683,62.70207596366955,11.421793514679127,890.0008197070557,4682.883324438932
10851.856025753983,133.64560732830302,0.30133210110991737,970.2355484820437,4464.947084767124
10151.791332591232,75.01187814363932,4.839671906492963,457.0599845624392,4128.684414981205
15235.974242502423,167.71166630144546,0.7736344029733033,931.9368652343185,6222.2861683891515
14564.716283233725,79.46413020432776,3.069483992800393,425.80252694978367,5888.963818018536
10922.971161332911,63.43869705546596,14.083520841877005,418.0662794568703,4444.808113152761
3285.964297770024,64.87915585549321,5.802798296580394,1358.0842769313897,1471.8741754171178
8958.743588134312,70.95205751289623,0.3495572952480675,450.0265073830805,3643.2148334374842
9920.156704657222,69.2030916891835,0.3724803927334401,357.63715716515344,4018.225736506341
3643.065651533163,216.78725577572462,9.096923400338708,1114.9921834617462,1625.7283152150928
3843.899713968547,70.24363633461058,0.6188144089075986,1393.4491779981865,1691.8817522675208
9568.631532120882,69.39141859481155,3.6422057748059826,437.72177617845426,3890.56638284737
16247.605790235653,72.16180678512356,5.667335838217518,687.0523470991318,6590.680915918527
3855.2694029486574,218.40525432935002,5.3742552307056215,800.7952859020727,1673.9297234815988
